z_real,z_imag,residue_midpoint_relative_error,C_infinity_midpoint_relative_error,C_infinity_derivative_absolute_error,certified_root_disk_margin
0.0,0.0,9.627282382983489e-12,4.318899529326411e-12,5.10927195845422e-09,0.4999998540326845
0.005,0.0,1.5257363272598725e-11,8.025355729987557e-12,3.2200033700455104e-08,0.4999998412714573
0.05,0.0,1.9863060072047294e-11,4.6029460223648974e-12,3.1333858639931386e-09,0.49999985488015564
0.15,0.0,4.887628166913812e-12,3.6539081135861736e-13,5.497288184840173e-09,0.49999992265821863
0.2,0.0,2.9861658874573607e-12,1.8456423923288802e-13,6.784969941906546e-11,0.49999993765457695
0.25,0.0,1.9705802963569746e-12,1.1302705478432738e-13,8.254277277749481e-10,0.4999999477402999
1.0,0.0,2.3952436570494035e-12,1.90455659174589e-14,1.4147340010695238e-09,0.49999997624012826
2.0,0.0,5.8355256826577665e-12,8.597431894750092e-15,1.5483969662024395e-09,0.4999999844688048
0.2,0.004,2.9032432503960857e-12,1.7051725705330145e-13,7.796021444572547e-10,0.49999993740515014
