N,degree_F,height,samples_per_side,winding_number,winding_float,real_root_count,pole_count,min_normalized_boundary_abs
24,94,0.02,600,2,2.0,2,0,2.7004654576764786e-24
24,94,0.05,600,2,2.0,2,0,5.5984158162020436e-24
24,94,0.07,600,2,2.0,2,0,3.3157119454999406e-24
32,126,0.02,600,2,2.0,2,0,1.1480562826071537e-30
32,126,0.05,600,2,2.0,2,0,4.87118525730559e-31
32,126,0.07,600,2,2.0,2,0,1.116039237792706e-31
40,158,0.02,600,2,2.0,2,0,3.8728873446189634e-38
40,158,0.05,600,2,2.0,2,0,1.1379156990925395e-38
40,158,0.07,600,2,2.0,2,0,1.0195743622783381e-39
