N,z_real,z_imag,modal_relative_error,boundary_identity_term_normalised_error,scalar_reduction_term_normalised_error,port_identity_term_normalised_error
8,0.0,0.0,6.3980534712124375e-15,2.9381780094309387e-16,3.5051382869906285e-15,9.524595022450392e-17
8,0.0145,0.0,5.2714071370392235e-15,2.4108123774012557e-15,8.148247929708106e-15,8.582062331564651e-16
8,0.15,0.0,3.77447818615044e-15,7.127401202762934e-16,3.2079515402713158e-15,1.3136900423672549e-16
8,0.2,0.0,1.300562832624016e-14,2.7474032778725753e-16,1.0238940445405108e-14,2.6494116794249386e-17
8,0.25,0.0,4.693257146056048e-15,1.5949389990238467e-16,1.525951824158726e-14,4.416018419735835e-16
8,0.15,0.003,2.0642850814607585e-14,8.651759939049334e-16,1.4636571300545166e-14,0.0
8,0.2,-0.003,1.2388431465100964e-14,8.255734508307482e-16,1.3139494252872346e-14,0.0
24,0.0,0.0,2.5034522143796877e-14,3.572517312003942e-15,7.933975554504858e-15,9.105654696688223e-16
24,0.0145,0.0,1.9862512878106057e-14,7.757838990727492e-16,1.3386654054698225e-14,5.085175641225461e-15
24,0.15,0.0,1.6538701643290088e-14,1.72953851978161e-15,1.0268689876355252e-14,6.043421136152191e-16
24,0.2,0.0,4.5687038980192676e-14,3.2924071249571423e-15,3.4606265077927146e-14,1.0835530972743232e-16
24,0.25,0.0,1.7364691826049215e-14,9.832727940476415e-16,5.902142141237916e-14,2.348376704583171e-16
24,0.15,0.003,7.325468531427534e-14,8.754709954425212e-16,4.7128866844006384e-14,0.0
24,0.2,-0.003,4.294394264064786e-14,9.570146341023925e-16,4.878028713296428e-14,0.0
40,0.0,0.0,4.459070758339939e-14,1.2746259726666683e-14,2.97596014420592e-15,3.0648763543777714e-15
40,0.0145,0.0,3.442957853202359e-14,1.8321893045240745e-14,3.958737584568093e-15,1.0988621904505442e-15
40,0.15,0.0,2.9762535910176746e-14,3.403719145159773e-15,1.4684415922141527e-14,4.585908137862595e-16
40,0.2,0.0,7.817967916131798e-14,4.5462196108870425e-15,5.977860699398472e-14,4.1964177615524807e-16
40,0.25,0.0,3.07794772145867e-14,2.7506084700282525e-15,1.0158848273289263e-13,3.393347316797513e-16
40,0.15,0.003,1.275954504471345e-13,3.378245061267739e-16,6.451391846675394e-14,0.0
40,0.2,-0.003,7.413360461016127e-14,1.3807662857790045e-15,8.415227841967913e-14,0.0
