N,height,samples_per_side,winding,winding_float,min_abs_boundary,max_abs_boundary,min_normalized_boundary,min_profile_normalized_boundary,max_profile_normalized_boundary
24.0,0.02,500.0,2.0,2.0,0.013769796321861935,1.527456773149317e+40,9.014851722102296e-43,0.0004596755254371183,1.8955244541137637
24.0,0.05,500.0,2.0,2.0,0.028546577144709588,1.5436826283348142e+40,1.849251693368025e-42,0.0013454575445644495,1.8956035988784514
24.0,0.07,500.0,2.0,2.0,0.016906966175668028,1.562435534695815e+40,1.0820904799095974e-42,0.0012634520617199993,1.8956940856705824
32.0,0.02,500.0,2.0,2.0,0.198309016573059,6.080225533651591e+53,3.2615404720679968e-55,0.003474774577094852,1.8955244541137632
32.0,0.05,500.0,2.0,2.0,0.08414221258627919,6.16702357998363e+53,1.364389344308337e-55,0.004527511920714056,1.8956035988784512
32.0,0.07,500.0,2.0,2.0,0.019277856587397592,6.267728004814529e+53,3.0757327970501253e-56,0.0017330824971254401,1.8956940856705826
40.0,0.02,500.0,2.0,2.0,0.2333136019744241,2.4203069566312925e+67,9.639835200868983e-69,0.004066683074927774,1.895524454113763
40.0,0.05,500.0,2.0,2.0,0.06855123500233043,2.4637305063865227e+67,2.7824161297118654e-69,0.004430887616968218,1.8956035988784516
40.0,0.07,500.0,2.0,2.0000000000000004,0.00614220207759064,2.5143062526406512e+67,2.442901325620055e-70,0.000662919054288434,1.8956940856705826
48.0,0.02,500.0,2.0,2.0,0.2239575163810865,9.63432315445669e+80,2.3245796595216675e-82,0.004238798829665172,1.8955244541137644
48.0,0.05,500.0,2.0,2.0000000000000004,0.045657841268966284,9.84262169484964e+80,4.638788595609412e-83,0.0036886368104773123,1.8956035988784525
48.0,0.07,500.0,4.0,4.0,0.0010539250975391845,1.0086168268967404e+81,1.0449211925026535e-84,0.000138387912498849,1.8956940856705824
56.0,0.02,500.0,2.0,1.9999999999999998,0.20285730262715362,3.835058292510691e+94,5.2895493928554966e-96,0.004168210726306,1.895524454113759
56.0,0.05,500.0,2.0,2.0,0.027642661397295185,3.932134686679439e+94,7.029937578419655e-97,0.002817936876882393,1.8956035988784583
56.0,0.07,500.0,4.0,4.000000000000001,0.0035064225239637126,4.046077928775935e+94,8.666225875250294e-98,0.0005736903490468844,1.8956940856705908
64.0,0.02,500.0,2.0,2.0,0.18005980033422742,1.5265911129576486e+108,1.1794893786940492e-109,0.003996763036653258,1.8955244541137992
64.0,0.05,500.0,2.0,2.0,0.015375084305511587,1.5708907315088072e+108,9.78749444319666e-111,0.0019398457292307064,1.8956035988784392
64.0,0.07,500.0,4.0,4.0,0.0036645883467110616,1.6230887854703688e+108,2.2577867455655356e-111,0.0005189833512009896,1.8956940856706037
80.0,0.02,500.0,2.0,2.0,0.13914146902571398,2.418935288758033e+135,5.752178227849747e-137,0.003473018569805885,1.8955244541138672
80.0,0.05,500.0,2.0,2.0000000000000004,0.002950082405437868,2.507154868725071e+135,1.1766654075653623e-138,0.0007666092062336517,1.895603598877698
80.0,0.07,500.0,4.0,4.0,0.002152501563818777,2.6119108220913647e+135,8.241098990107414e-139,6.199852005286065e-05,1.8956940856696294
100.0,0.02,500.0,2.0,2.0000000000000004,0.09975157618719067,2.4182497476987412e+169,4.124949306088688e-171,0.0027127248983438695,1.895524454227818
100.0,0.05,500.0,4.0,4.0,0.0012501864321252231,2.5291532270824875e+169,4.943102769488504e-173,0.0001568734815493883,1.895603598775437
100.0,0.07,500.0,8.0,8.0,0.0007036367674290742,2.662124911986252e+169,2.643139562163069e-173,1.7953755454725675e-05,1.895694085752901
120.0,0.02,500.0,2.0,2.0000000000000004,0.0712516564747231,2.4175644157769614e+203,2.9472495545407884e-205,0.001994352308020191,1.8955244563483318
120.0,0.05,500.0,4.0,4.0,0.0013788001632065176,2.5513446064952027e+203,5.404209841729627e-207,1.4810906877259715e-05,1.8956035989325462
120.0,0.07,500.0,8.0,8.0,0.00016794293139823282,2.713304371225789e+203,6.189608994082786e-208,7.684850434074078e-06,1.8956940862466534
