N,kappa,power_gain,output_excess_noise,cp_output_floor,input_referred_excess_noise,cp_input_referred_floor,right_edge_vacuum_occupation,maximum_vacuum_occupation,covariance_residual,stability_margin,max_input_flux_nsat_1e02,output_dynamic_range_nsat_1e02,max_input_flux_nsat_1e04,output_dynamic_range_nsat_1e04,max_input_flux_nsat_1e06,output_dynamic_range_nsat_1e06,max_input_flux_nsat_1e08,output_dynamic_range_nsat_1e08
10.0,0.2,0.05555315605645342,7.66355349483792,0.0,137.9499210998953,0.0,3.3594560111072607,5.370031453470727,1.0926640075203181e-14,0.24303816197369163,199.01353478818234,1.2761310889373285,20967.931076395267,134.4523061999905,2097859.6852371036,13452.069817305302,209787035.10130796,1345213.8209278367
15.0,0.2,0.11275120065297445,18.97209135389395,0.0,168.2650937996327,0.0,5.885965766739228,9.679633436835202,1.9710374785446136e-14,0.220035127453675,93.42148261899986,0.5274051748225921,10326.38495112885,58.29696454986319,1033622.7318021139,5835.252902053922,103363257.4169006,583530.8466524598
20.0,0.2,0.22884167495603064,41.92414555967132,0.0,183.2015325343453,0.0,10.070028948252274,16.94899536012009,2.7804370500702693e-14,0.21153088077555224,42.29579348083738,0.22549173891635885,5084.117470123418,27.104976520007146,509266.2851343815,2715.053454629086,50927483.051560186,271509.90126553696
25.0,0.2,0.46446079733884865,88.50800954747149,0.0,190.56077510649456,0.0,17.412192015094252,29.738580054144325,9.60176542500545e-14,0.20748122815523384,17.63011979761722,0.09148342745838696,2501.7556346379342,12.981714403945391,250914.30711866965,1302.004812052646,25092169.45552184,130204.31457692268
30.0,0.2,0.9426772125707593,183.05537997561376,0.0,194.18670307772317,0.0,30.72026418220973,52.844158498281175,1.2724332461813932e-13,0.20524261048735554,5.829883747696656,0.02985894007346269,1229.7683665355219,6.2985098073579735,123623.61664531803,633.163596535809,12363008.44452357,63319.67226938091
35.0,0.2,1.913273051658412,374.950265661902,0.913273051658412,195.97321215437475,0.4773354492537242,55.34543580495835,95.50815642939732,2.559543443467146e-13,0.20387666553176464,0.27361195756093465,0.0013924564838148782,603.3129514352291,3.0703593457109206,60907.24689920206,309.96704826842154,6091300.641675885,30999.63594053948
40.0,0.2,3.883210203224813,764.4232566695094,2.883210203224813,196.8534322542452,0.7424811051512097,101.56853046760357,175.47355798557007,5.724805480115775e-13,0.2029823923852495,0.0,0.0,294.85475109379104,1.4958821383331664,30006.84191970895,152.2332561675474,3001205.5587812252,15225.970659088976
45.0,0.2,7.881426788172564,1554.9039939852235,6.881426788172564,197.28712018471379,0.8731194202678287,189.24751845755688,326.9932710466886,1.0770260664169608e-12,0.20236282896179053,0.0,0.0,143.03556920025528,0.7245462259332106,14782.249360337091,74.87943764421878,1478703.6284740206,7490.368579472776
50.0,0.2,15.996272405171169,3159.2765961793248,14.996272405171169,197.5007999462434,0.9374854356895843,356.90162544998026,616.4799917470169,1.6062715495371832e-12,0.2019129526398785,0.0,0.0,68.36509119678374,0.34604142659861925,7281.163723830251,36.85483684999267,728561.0269871771,3687.734379189399
55.0,0.2,32.46629547386438,6415.537407052219,31.466295473864378,197.60608081130712,0.9691988264936168,679.5129272252799,1173.1663126108137,3.926696662558862e-12,0.20302181015836782,0.0,0.0,31.685430443128304,0.16032144468643775,3585.4598924580873,18.14165380697311,358962.906093954,1816.2748900356403
60.0,0.2,65.89412302428141,13024.49747899927,64.89412302428141,197.65795311062652,0.9848241397850988,1303.486889367104,2249.3046109648953,6.0650585812427785e-12,0.20226951643493518,0.0,0.0,13.70823026540136,0.06934797024143553,1764.6669870688781,8.927197117060775,176860.54266741654,894.7121117989946
65.0,0.2,133.7397872398009,26438.150674942637,132.7397872398009,197.68351079800922,0.9925227935482882,2515.4429096519025,4338.596666376468,1.4592085672415453e-11,0.1947536991376184,0.0,0.0,4.933451609103484,0.024955369280627804,867.6377680469172,4.388858474556963,87138.06941182828,440.77916900219043
70.0,0.2,271.4404543233127,53662.72006291205,270.4404543233127,197.69610317183742,0.9963159507579924,4877.802786712632,8409.581086824566,2.258106883588217e-11,0.1941339833633257,0.0,0.0,0.6828485043480583,0.003453966814766762,425.7406830812991,2.153470618586003,42931.5241407764,217.1551357957096
75.0,0.2,550.919975004412,108918.15029757115,549.919975004412,197.70230748431092,0.9981848543429707,9496.452335050693,16366.283839681773,5.95807862476928e-11,0.17946338023772915,0.0,0.0,0.0,0.0,208.0809356093566,1.0524865786375652,21150.84884492815,106.98233584392696
80.0,0.2,1118.1561702565812,221065.4730672189,1117.1561702565812,197.70536437364686,0.9991056705435247,18549.86236598069,31958.713869528878,1.6114416623068655e-10,0.1932539109113289,0.0,0.0,0.0,0.0,100.89713155068505,0.510338581148323,10419.48185167753,52.70183109035778
85.0,0.2,2269.428007348713,448681.50919230934,2268.428007348713,197.70687051513346,0.9995593603336339,36336.39571513979,62584.80188571072,1.8277259283871567e-10,0.1976955789487146,0.0,0.0,0.0,0.0,48.13965621392502,0.24348950948117892,5132.147228062071,25.958307753443318
90.0,0.2,4606.06811243273,910654.7299682964,4605.06811243273,197.7076125970111,0.9997828950906521,71349.67355588167,122860.73511609017,4.484122400891833e-10,0.17890759086729519,0.0,0.0,0.0,0.0,22.19348995840713,0.11225397593948477,2527.1041624650147,12.782013571617632
95.0,0.2,9348.55099508326,1848283.1165589988,9347.55099508326,197.70797822369238,0.9998930315510365,140395.5166001901,241702.72057012576,9.381797184847538e-10,0.17503543854480602,0.0,0.0,0.0,0.0,9.45328172412282,0.04781434059682339,1243.6326940408815,6.290247021674734
100.0,0.2,18973.97163358785,3751308.9886300163,18972.97163358785,197.70815836940665,0.9999472962214073,276766.72684748593,476387.439600915,1.9689721256318886e-09,0.1683362692699567,0.0,0.0,0.0,0.0,3.2161716044063273,0.01626726369607281,611.3012576335665,3.0919366186935067
105.0,0.2,38509.882412957915,7613721.3489679815,38508.882412957915,197.70824712791372,0.9999740326394851,546489.8185814295,940493.5071412915,3.78147605521161e-09,0.1579387737818984,0.0,0.0,0.0,0.0,0.18008584033957356,0.0009108664878823329,299.7860168426851,1.5163048675166988
110.0,0.2,78160.2856849752,15452936.495873097,78159.2856849752,197.70829085958198,0.9999872057785967,1080640.7895850628,1859474.0544071994,7.844250340370407e-09,0.14812413346395226,0.0,0.0,0.0,0.0,0.0,0.0,146.33548366479687,0.7401585111014723
115.0,0.2,158635.39111460285,31363535.465189148,158634.39111460285,197.70831240634828,0.9999936962364263,2139672.422237921,3681269.961414486,1.623280341525952e-08,0.1466871235428952,0.0,0.0,0.0,0.0,0.0,0.0,70.76166911922279,0.35790941717013175
120.0,0.2,321968.9781522961,63655946.73576659,321967.9781522961,197.70832302252543,0.999996894110713,4241554.280802557,7296635.279702919,2.6300867953563268e-08,0.15054066208090494,0.0,0.0,0.0,0.0,0.0,0.0,33.55589853232706,0.1697242558744439
125.0,0.2,653473.4914073736,129197151.54390632,653472.4914073736,197.70832825315813,0.9999984697160433,8417196.507677108,14478285.939032724,5.4444015506055085e-08,0.14363412848536755,0.0,0.0,0.0,0.0,0.0,0.0,15.252317111255788,0.07714554631037684
130.0,0.2,1326300.4604442115,262220650.21389866,1326299.4604442115,197.70833083031152,0.9999992460230319,16719905.072699644,28756747.525324948,1.1143152709052759e-07,0.12558995907812223,0.0,0.0,0.0,0.0,0.0,0.0,6.260214614630401,0.03166388874189401
135.0,0.2,2691881.054862757,532207313.56873393,2691880.054862757,197.7083321000853,0.9999996285125606,33242101.788105592,57168180.89730017,1.5855812427435978e-07,0.13741920358015636,0.0,0.0,0.0,0.0,0.0,0.0,1.854377110830587,0.00937935739808648
140.0,0.2,5463485.710547131,1080176650.7030013,5463484.710547131,197.70833272570763,0.9999998169666668,66145490.367542975,113744210.46436836,4.2078818773502717e-07,0.11982855922859353,0.0,0.0,0.0,0.0,0.0,0.0,0.0,0.0
