model,prefix,halfwidth,radius,rate_cap,matrix_file,matrix_sha256,reused_previous_solution,quadrature_error,response_normalization_error
uniform,64,3/100,1,8,results/size_uniform_resources_matrices/uniform_m64_B0.03_R8_r1.npz,8a83ddf28af3b6d43d627a28e19d6b6d9ecef9292a793ac75250aea2da208d63,False,6.217248937900877e-15,6.742162969878415e-16
uniform,64,61/2000,1,8,results/fig4_shared_device_matrices/uniform_m64_B0.0305_R8_r1.npz,9b5b62145e19c6422529fdb4821751df4858b3091877f356ce808c9f978a3e21,,7.105456712460839e-15,6.280369834735101e-16
uniform,64,31/1000,1,8,results/fig4_shared_device_matrices/uniform_m64_B0.031_R8_r1.npz,50122d663e4b53db236ac6cd5e6bbf6ae6c7c9a06d8873f8961fbdc2457f687f,,5.329530984370324e-15,3.1401849173675502e-15
uniform,64,63/2000,1,8,results/fig4_shared_device_matrices/uniform_m64_B0.0315_R8_r1.npz,76b53e4198b3a141b40f78445a6e53c9d78c94a1118298cef582bce3d0aecf91,,5.773203944744256e-15,9.155133597044475e-16
uniform,64,4/125,1,8,results/fig4_shared_device_matrices/uniform_m64_B0.032_R8_r1.npz,985faac1cb10f128935d356ac63814bcb47fca51da89cc984d99d1beffc2188a,,5.329095211396696e-15,1.5700924586837751e-15
uniform,64,13/400,1,8,results/fig4_shared_device_matrices/uniform_m64_B0.0325_R8_r1.npz,89469afd8cc9dc993c2ee1a3f1068fac137f608e91d813ccecad46fc5d89c78c,,5.329121518464747e-15,1.3506446028928517e-15
uniform,64,33/1000,1,8,results/fig4_shared_device_matrices/uniform_m64_B0.033_R8_r1.npz,ae1d4299500ad2db3c9f26f9bbe8a7d8928500da2c894b354eb64816f53db782,,4.8849945321706775e-15,1.3732700395566711e-15
uniform,64,67/2000,1,8,results/fig4_shared_device_matrices/uniform_m64_B0.0335_R8_r1.npz,f00e07d821b5dca4ec6cf59c3af67e304bebb333199b4d53d594feb91ed66174,,7.105461010276498e-15,2.3914935841127266e-15
uniform,64,17/500,1,8,results/fig4_shared_device_matrices/uniform_m64_B0.034_R8_r1.npz,c02d1427c06156fc23dd20fbb802ffb8c672d1ef5b6c47a56760f02fc34a1e15,,5.329375065371529e-15,1.047382306668854e-15
uniform,64,69/2000,1,8,results/fig4_shared_device_matrices/uniform_m64_B0.0345_R8_r1.npz,46a24f58af85bcc7d9bdd5414d950c7c0b73a503447de165ad1693dada8d335c,,5.3290720060480065e-15,1.3506446028928517e-15
uniform,64,7/200,1,8,results/fig4_shared_device_matrices/uniform_m64_B0.035_R8_r1.npz,f3c7ca84ddd2458d38396e3965d572b3476c666b2d244a63ebae40f0d6ed11ce,,5.773956489082516e-15,9.654792038585928e-16
uniform,64,71/2000,1,8,results/fig4_shared_device_matrices/uniform_m64_B0.0355_R8_r1.npz,54cd9cc6a5659b75ce58948313fb08a83051de13ba69eee691f87d6ab016d10e,,5.329350396490497e-15,1.831026719408895e-15
uniform,64,9/250,1,8,results/fig4_shared_device_matrices/uniform_m64_B0.036_R8_r1.npz,29e3ec00c78e54f8524d971d9506ffdbcd47e119237f3b33c4e48a69471ebdc0,,6.2172620931996735e-15,9.930136612989092e-16
uniform,64,73/2000,1,8,results/fig4_shared_device_matrices/uniform_m64_B0.0365_R8_r1.npz,898d3dd30e11cbeedd10abcb93a1b764e7db957d6a4f0aaf6e5da4f8923209dc,,5.329208481207028e-15,2.318213734067276e-15
uniform,64,37/1000,1,8,results/fig4_shared_device_matrices/uniform_m64_B0.037_R8_r1.npz,246d54890233b90377360de28ded77211108e7d3c51d4238f01ada544b0bb1a0,,5.329646922364795e-15,2.6737711109153337e-15
uniform,64,3/80,1,8,results/fig4_shared_device_matrices/uniform_m64_B0.0375_R8_r1.npz,362114c35e76fb8335249b0650f568dfa2ee36bcd01c857fcd7bf0c70c63fcce,,5.329975962513247e-15,1.6165091241761062e-15
uniform,64,19/500,1,8,results/fig4_shared_device_matrices/uniform_m64_B0.038_R8_r1.npz,48554d017cae62d52709f00c93be9f78d260758eabd42b8303a90298f5d9fa28,,5.3291636070196915e-15,8.95090418262362e-16
uniform,64,77/2000,1,8,results/fig4_shared_device_matrices/uniform_m64_B0.0385_R8_r1.npz,32586b746cabc8c934e00bb6000d134b73663026d058b354c01e7513909b4592,,5.329372407484689e-15,2.7012892057857034e-15
uniform,64,39/1000,1,8,results/fig4_shared_device_matrices/uniform_m64_B0.039_R8_r1.npz,a0ae39dbfa8fa09db44fed32204d979994a73701a1762f663de515340c58d19b,,5.3291333241398025e-15,1.1957467920563633e-15
uniform,64,79/2000,1,8,results/fig4_shared_device_matrices/uniform_m64_B0.0395_R8_r1.npz,5616da8e00c4ea474b1e25f8403a4e4477148dc284ab8b1848c4e09efb2808c7,,5.107461100722734e-15,1.7377739072730912e-15
uniform,64,1/25,1,8,results/fig4_shared_device_matrices/uniform_m64_B0.04_R8_r1.npz,c0b3fc0ca78b28493365b42539a53ca1293a9a7405f245da5eb0e5db1c8c8770,,6.217322231808297e-15,1.4936523181711916e-15
uniform,64,81/2000,1,8,results/fig4_shared_device_matrices/uniform_m64_B0.0405_R8_r1.npz,5f4dfd7f66a3599f0b190ab84e7f8566925301b1265fbbc6e40a98ca30e121cb,,5.773168550975118e-15,1.790180836524724e-15
uniform,64,41/1000,1,8,results/fig4_shared_device_matrices/uniform_m64_B0.041_R8_r1.npz,db2060b397a9791fb4b971fd58c5d56a6ab37219a52b04f7f5b3be006453a57f,,5.773190508955775e-15,1.5840143722667706e-15
uniform,64,83/2000,1,8,results/fig4_shared_device_matrices/uniform_m64_B0.0415_R8_r1.npz,7cfa978cea85aa05f53b527835d3fae6ee194ec5138f356da8811b04e3b42f6a,,5.773286033938585e-15,2.638970003411226e-15
uniform,64,21/500,1,8,results/fig4_shared_device_matrices/uniform_m64_B0.042_R8_r1.npz,70c50a57a82369d363947a3c09cbb1f9ac6950f3223df39f2a1898adc9e60a66,,5.3295888234079084e-15,8.95090418262362e-16
uniform,64,17/400,1,8,results/fig4_shared_device_matrices/uniform_m64_B0.0425_R8_r1.npz,9e19144f76833bf297401fe54e49888c4df189d90ba589d6828970db442ba8f9,,7.105642086443737e-15,1.3506446028928517e-15
uniform,64,43/1000,1,8,results/fig4_shared_device_matrices/uniform_m64_B0.043_R8_r1.npz,78186ddb0b6ee50a5fd40ef18df0db754486b26f89c96da87785ae082a0808a3,,5.329440759243678e-15,1.5543122344752192e-15
uniform,64,87/2000,1,8,results/fig4_shared_device_matrices/uniform_m64_B0.0435_R8_r1.npz,d4abded738556fca27a617ac94c35a444e7a8ac410035ff12a973f5f81e29726,,7.105629496173329e-15,2.2315206618374916e-15
uniform,64,11/250,1,8,results/fig4_shared_device_matrices/uniform_m64_B0.044_R8_r1.npz,d9f79fdb1fffa51f236cb741e09bc71464cd21f833557621e8ff41edb5141245,,5.773163957928464e-15,1.8610729195778454e-15
uniform,64,89/2000,1,8,results/fig4_shared_device_matrices/uniform_m64_B0.0445_R8_r1.npz,5d6c94f106df915005bfee784f0a83e7f311cf5c5daa6f3f3e2808ccb5fe7de0,,6.217251450185803e-15,1.790180836524724e-15
uniform,64,9/200,1,8,results/fig4_shared_device_matrices/uniform_m64_B0.045_R8_r1.npz,0b2a5eea35182d19703ca1ae39ed6e1b821b9e900b13b826a5be9445eac0baf1,,5.774115446848038e-15,1.1102230246251565e-15
uniform,64,91/2000,1,8,results/fig4_shared_device_matrices/uniform_m64_B0.0455_R8_r1.npz,3d8e9693ef39b36903b6886b1f1c0e3cbfd4f7afb2560bcdb84ce3316bd1efff,,5.3294634887848274e-15,2.288783399261119e-15
uniform,64,23/500,1,8,results/fig4_shared_device_matrices/uniform_m64_B0.046_R8_r1.npz,fad910e75f282194a00dd0b50ab3b0118b795fa4f7373db53d3464f6da5f7a9b,,6.217992751648999e-15,1.887379141862766e-15
uniform,64,93/2000,1,8,results/fig4_shared_device_matrices/uniform_m64_B0.0465_R8_r1.npz,2a9852826ad98af4ff95a1b84ec0cb752b36e0d27af361150a3c3b1165fa88a7,,6.217411768102036e-15,1.542371118540254e-15
uniform,64,47/1000,1,8,results/fig4_shared_device_matrices/uniform_m64_B0.047_R8_r1.npz,e937fd1d696377bd7de623191b11738f432a504665ddd67fd28e454c04a48d80,,5.995560670693263e-15,1.3334236103572998e-15
uniform,64,19/400,1,8,results/fig4_shared_device_matrices/uniform_m64_B0.0475_R8_r1.npz,8d0df40f3149e8e51562c3d374e27a0cc76af1d4ff80abb178182b74f62653bd,,6.6620566495248666e-15,8.95090418262362e-16
uniform,64,6/125,1,8,results/fig4_shared_device_matrices/uniform_m64_B0.048_R8_r1.npz,a607a0620e61e122a8655b81165ee45b291c3b139836c5af2022e98844153d0a,,6.2175770045793495e-15,1.4492989151991141e-15
uniform,64,97/2000,1,8,results/fig4_shared_device_matrices/uniform_m64_B0.0485_R8_r1.npz,95fc58a015e673b89881159b3607de2b551289207282445746108dd9c3ff9e3f,,7.105503136116e-15,1.1157603309187458e-15
uniform,64,49/1000,1,8,results/fig4_shared_device_matrices/uniform_m64_B0.049_R8_r1.npz,b7c97d2ef7f50d59efe32aa119ad334f67325a2307877395a633d1ce6a43cfa5,,6.217715543538528e-15,8.005932084973443e-16
uniform,64,99/2000,1,8,results/fig4_shared_device_matrices/uniform_m64_B0.0495_R8_r1.npz,040fe069522965596ab9f1aa67ab549068fb44a0e6eb669700fb93fbf255bd2e,,6.217419193669329e-15,1.3506446028928517e-15
uniform,64,1/20,1,8,results/size_uniform_resources_matrices/uniform_m64_B0.05_R8_r1.npz,b80793f40287541d4281752cbff543cf6386bf27a758aae6bc8a321258a6557e,True,6.661338147750939e-15,1.6165091241761062e-15
uniform,64,101/2000,1,8,results/fig4_shared_device_matrices/uniform_m64_B0.0505_R8_r1.npz,97c55bbe04427964481229d4d759e96845d56dcba366e2549065bb45e6b6bfc9,,7.549567582455628e-15,1.790180836524724e-15
uniform,64,51/1000,1,8,results/fig4_shared_device_matrices/uniform_m64_B0.051_R8_r1.npz,4f7b498cfb43e129c52b6f936218fe2824e04108c3a5cf94771e5a448e8b056f,,6.2173878654572895e-15,1.4895204919483639e-15
uniform,64,103/2000,1,8,results/fig4_shared_device_matrices/uniform_m64_B0.0515_R8_r1.npz,ea0641cb0ef05ff3896efb1a7da5e47c0f2010d1c30686e11dfe0298660892b5,,6.217477320193139e-15,3.1401849173675502e-15
uniform,64,13/250,1,8,results/fig4_shared_device_matrices/uniform_m64_B0.052_R8_r1.npz,7039a7cdb8c9938f2bbf8a7c7396793021f3170a005041d02abc35c92fd75bca,,6.21766051737068e-15,7.021666937153402e-16
uniform,64,21/400,1,8,results/fig4_shared_device_matrices/uniform_m64_B0.0525_R8_r1.npz,51ca9f29342fd1c9a3b29dcb1aa51ef5ff1bdacf6a2abbc2edf990ef6ff0a016,,6.883614395559442e-15,8.95090418262362e-16
uniform,64,53/1000,1,8,results/fig4_shared_device_matrices/uniform_m64_B0.053_R8_r1.npz,dcf884280b8a40a62805fe7bb0db9f9b06435d46acb9584490fc18e3fe05ee96,,6.661349147338322e-15,1.1957467920563633e-15
uniform,64,107/2000,1,8,results/fig4_shared_device_matrices/uniform_m64_B0.0535_R8_r1.npz,f79fad823a0fdef7c90dee6c8d20826ce23a3fd0660c8c3d496ad939d1c0e865,,6.661885211453504e-15,1.3322676295501878e-15
uniform,64,27/500,1,8,results/fig4_shared_device_matrices/uniform_m64_B0.054_R8_r1.npz,bc497a21c9ef687e7601abc788a8d6cc0f7c592624675664005da739b4a880d9,,6.661560741151028e-15,1.3506446028928517e-15
uniform,64,109/2000,1,8,results/fig4_shared_device_matrices/uniform_m64_B0.0545_R8_r1.npz,3d4cdd04c8c02aaa8d692dc6053785af99305f5d473618d5d2a23dd70eec6846,,6.883385123256204e-15,2.2315206618374916e-15
uniform,64,11/200,1,8,results/fig4_shared_device_matrices/uniform_m64_B0.055_R8_r1.npz,bedd753480ae6e6c82d24b32fb2f4bd1c3054518b4c1a7a80c12ddba69b7acb2,,6.883621999456892e-15,8.95090418262362e-16
uniform,64,111/2000,1,8,results/fig4_shared_device_matrices/uniform_m64_B0.0555_R8_r1.npz,8a100e7200901b85233d3929feeaeddd35bc191ab9326684eb31b175df83a6ed,,6.661412332249049e-15,1.4043333874306805e-15
uniform,64,7/125,1,8,results/fig4_shared_device_matrices/uniform_m64_B0.056_R8_r1.npz,83288894b978d09070f06f7237f1aeca9e1af5b07df4d4348ce8c1550e22b9cc,,7.105451249804094e-15,1.831026719408895e-15
uniform,64,113/2000,1,8,results/fig4_shared_device_matrices/uniform_m64_B0.0565_R8_r1.npz,5b129c99d0d51db4719b7f798ed6d7acf6f127fb4e35d2f0a99a68e90eb52fbc,,6.661581194351511e-15,9.992970910418892e-16
uniform,64,57/1000,1,8,results/fig4_shared_device_matrices/uniform_m64_B0.057_R8_r1.npz,1a2b5186707c55155b35919ad969431565b6950380b3c87e69bfb65658611ac6,,7.10557482497553e-15,1.4217791915866692e-15
uniform,64,23/400,1,8,results/fig4_shared_device_matrices/uniform_m64_B0.0575_R8_r1.npz,abb3dcae64c1a9dd2c20145f8767b723b6695c9456888d27b160de63549e6b05,,7.549537233256427e-15,9.930136612989092e-16
uniform,64,29/500,1,8,results/fig4_shared_device_matrices/uniform_m64_B0.058_R8_r1.npz,3e0d95f1f5988e6e9f3fe85d9e68b2e6de047b71e8a39fc7dbb042424eeb9c02,,6.661460838392281e-15,9.930136612989092e-16
uniform,64,117/2000,1,8,results/fig4_shared_device_matrices/uniform_m64_B0.0585_R8_r1.npz,76599331b43aa80569917e5987cccd1b8d9458f9ca89457570053030f3bdabf7,,6.661576756377976e-15,1.738660300550457e-15
uniform,64,59/1000,1,8,results/fig4_shared_device_matrices/uniform_m64_B0.059_R8_r1.npz,8e3048620093a92d0d0ad61ebc812f1f81c10a757f6efe26ed65bf6f96062d4a,,7.106199131188803e-15,1.8610729195778454e-15
uniform,64,119/2000,1,8,results/fig4_shared_device_matrices/uniform_m64_B0.0595_R8_r1.npz,18e397a02e590bbbb7e674f3016de252b5721c78bb0808ef35ee90b80a5ce299,,7.327673121315605e-15,9.820925191391734e-16
uniform,64,3/50,1,8,results/fig4_shared_device_matrices/uniform_m64_B0.06_R8_r1.npz,1e595d2a9d7a0af54a2377a6ca3bed65519be9967dfece7760fcb18088932b88,,6.883541214616009e-15,1.790180836524724e-15
uniform,64,121/2000,1,8,results/fig4_shared_device_matrices/uniform_m64_B0.0605_R8_r1.npz,677fcb7f5ea6eb07ce3090c82dc57007eb4252ef0e30eeb0887cefbf9f12088f,,7.99381088464448e-15,1.4043333874306805e-15
uniform,64,61/1000,1,8,results/fig4_shared_device_matrices/uniform_m64_B0.061_R8_r1.npz,015b1b5cd451cd514feb1e256d0325434c4fc2ee3c49d3919c37dd1cb4692bb6,,7.327975230583412e-15,1.6165091241761062e-15
uniform,64,123/2000,1,8,results/fig4_shared_device_matrices/uniform_m64_B0.0615_R8_r1.npz,979b8ea8ec7a8eab580e1e37874fe177c4f63be502ac262c907586d1136095ac,,7.993884930042512e-15,3.219646771412954e-15
uniform,64,31/500,1,8,results/fig4_shared_device_matrices/uniform_m64_B0.062_R8_r1.npz,0df3ab04a041f6a8503a026ed5c11bdd9bd0cfc54cd2486ee556449c6789e501,,7.771652174749377e-15,1.6011864169946886e-15
uniform,64,1/16,1,8,results/fig4_shared_device_matrices/uniform_m64_B0.0625_R8_r1.npz,a1204843f06d4b5b696b9c2e736e1dbd4c770d83df11c5ad7639484759c22917,,7.772236935149562e-15,2.8951074449790722e-15
uniform,64,63/1000,1,8,results/fig4_shared_device_matrices/uniform_m64_B0.063_R8_r1.npz,d1e30b363b04356ec2cdc17a698d0dfcf7fa6cb6e848cbc5c5ec2524185f3052,,8.881798900631685e-15,1.6910413304902302e-15
uniform,64,127/2000,1,8,results/fig4_shared_device_matrices/uniform_m64_B0.0635_R8_r1.npz,739cd0b2f040a5e2378d72e278899184ac79c6396b2d608f4a3bb975fd14835c,,8.43769670878764e-15,1.6653345369377348e-15
uniform,64,8/125,1,8,results/fig4_shared_device_matrices/uniform_m64_B0.064_R8_r1.npz,a8422a01057b062cc6f818bc6e80b4536d72507bef547e3533e5878a4094b9c3,,7.549994999400336e-15,1.9389211565826713e-15
uniform,64,129/2000,1,8,results/fig4_shared_device_matrices/uniform_m64_B0.0645_R8_r1.npz,ad6e1148598e2a4f859a408d50905f1b439141f9cc7a0fbba59c27cc0d22f04e,,7.993658489201255e-15,9.036560719766055e-16
uniform,64,13/200,1,8,results/fig4_shared_device_matrices/uniform_m64_B0.065_R8_r1.npz,146b7c81b8ee77984d36fa8e8174f2d8a588d8018287cc5897c7aec0e37c49a3,,8.43809732123464e-15,1.9389211565826713e-15
uniform,64,131/2000,1,8,results/fig4_shared_device_matrices/uniform_m64_B0.0655_R8_r1.npz,5749f6b926db619427f7a9753983324a2eb907fc849f4d3659b26ddd01a732a1,,7.994176526768349e-15,1.1102230246251565e-15
uniform,64,33/500,1,8,results/fig4_shared_device_matrices/uniform_m64_B0.066_R8_r1.npz,4abbafd94c05641fbb2dccd50ee28f1a21768420a6fe4fc00a9d58c73e669228,,8.215685801244467e-15,8.005932084973443e-16
uniform,64,133/2000,1,8,results/fig4_shared_device_matrices/uniform_m64_B0.0665_R8_r1.npz,cb1976f5fd33bd13f5a8749904a17b38a40f428ee06c5abc5ce3482f43cc3ce9,,8.215830870861349e-15,1.3506446028928517e-15
uniform,64,67/1000,1,8,results/fig4_shared_device_matrices/uniform_m64_B0.067_R8_r1.npz,7e5878898b96d32fdf1fda31b259d8d290ec195d8709a1584f65c2fa16cf48ad,,8.881905755686983e-15,2.886579864025407e-15
uniform,64,27/400,1,8,results/fig4_shared_device_matrices/uniform_m64_B0.0675_R8_r1.npz,a2f2bfb04dae1718aa98803dc1f025a60f642b25b988bf0a73106f774dee16c6,,8.216013484932888e-15,1.4043333874306805e-15
uniform,64,17/250,1,8,results/fig4_shared_device_matrices/uniform_m64_B0.068_R8_r1.npz,c7e48d672bda9254b729f1566878b61dcb8cadf12b0bdbcf210882ce32281bef,,8.65985919328916e-15,1.3529953481590642e-15
uniform,64,137/2000,1,8,results/fig4_shared_device_matrices/uniform_m64_B0.0685_R8_r1.npz,66d30a25c8162f8d33ee0a064342fa06ca9e50ebea23fc08df5bf9fa19f8e309,,8.659873973758585e-15,1.3348671786163112e-15
uniform,64,69/1000,1,8,results/fig4_shared_device_matrices/uniform_m64_B0.069_R8_r1.npz,18d01f24595d7cda268d717afbe1d557bb6971d24e9a4a7c1bb5f5b540e35481,,9.104251382670455e-15,1.125812815880704e-15
uniform,64,139/2000,1,8,results/fig4_shared_device_matrices/uniform_m64_B0.0695_R8_r1.npz,3e061f2fba9b95a24ada8ac19c477c013d51b7b49229d797a72278aaa1e9dd94,,8.438328543883854e-15,1.4571016336180838e-15
uniform,64,7/100,1,8,results/size_uniform_resources_matrices/uniform_m64_B0.07_R8_r1.npz,2a69ec237c00f421f73ca764ebb97010199a484ca938f0fd8047dc5285e98f13,False,8.548717289613705e-15,9.309903336319333e-16
dimerized,64,3/100,1,8,results/size_uniform_resources_matrices/dimerized_m64_B0.03_R8_r1.npz,7bb4a39e7d6643c5349b62df9dc4655ca45fdb7be557ed395ba69bb07384e358,False,7.105427357601002e-15,1.897149936107019e-15
dimerized,64,61/2000,1,8,results/fig4_shared_device_matrices/dimerized_m64_B0.0305_R8_r1.npz,7ae8ee23384fdc390d257d1205d458f7b171c478a2529a1f67b50cc5cb3e8cdc,,4.441009951159464e-15,1.1157603309187458e-15
dimerized,64,31/1000,1,8,results/fig4_shared_device_matrices/dimerized_m64_B0.031_R8_r1.npz,1954041b7331f08165733867051235c4b722d00b48ca30569a7b620f54d4012b,,7.10542736037504e-15,8.95090418262362e-16
dimerized,64,63/2000,1,8,results/fig4_shared_device_matrices/dimerized_m64_B0.0315_R8_r1.npz,b976a5c7e5738a05ba6651f832e1ed9baaaf31e2a57e89d40729b16f88ee96a0,,6.217331020340414e-15,2.7012892057857034e-15
dimerized,64,4/125,1,8,results/fig4_shared_device_matrices/dimerized_m64_B0.032_R8_r1.npz,4699b4515b5e4eaef760ede772cb6b6d6a7c8359d99bd699094a760fbdb5704d,,5.329075406716127e-15,2.9624445261614194e-15
dimerized,64,13/400,1,8,results/fig4_shared_device_matrices/dimerized_m64_B0.0325_R8_r1.npz,631ca4e63d396b03120a557cfd272ad663e439f14b64c3f36e468366140f2fad,,5.329294145891232e-15,2.220446049250313e-15
dimerized,64,33/1000,1,8,results/fig4_shared_device_matrices/dimerized_m64_B0.033_R8_r1.npz,ab1c4670a66793a4dfa9c2d86cf93a86ce82f3dfb2ce779db703026a9428dcb0,,7.105534002134453e-15,1.3368855554576669e-15
dimerized,64,67/2000,1,8,results/fig4_shared_device_matrices/dimerized_m64_B0.0335_R8_r1.npz,b4437cbaff22efd92724ed127cb35bea29aa5ddd64fffea208d6446818613087,,4.4413331694836394e-15,8.455206652451151e-16
dimerized,64,17/500,1,8,results/fig4_shared_device_matrices/dimerized_m64_B0.034_R8_r1.npz,f794c4f2e0ef8bfcdd9feec5dbd4b1887c39a89ced58aea74068ac7251d18ddd,,4.4410605729200376e-15,2.0740677722252305e-15
dimerized,64,69/2000,1,8,results/fig4_shared_device_matrices/dimerized_m64_B0.0345_R8_r1.npz,83f6aafcb2f40fedaf19852ebc1fdd4dc18192bd5da03b18af51182f8fd75e37,,5.3290720288167505e-15,1.4895204919483639e-15
dimerized,64,7/200,1,8,results/fig4_shared_device_matrices/dimerized_m64_B0.035_R8_r1.npz,7270e22f698a99ce168d5e7df8a6055633f124bc0d525afc157a7963d70c9048,,6.2172855364811594e-15,1.1157603309187458e-15
dimerized,64,71/2000,1,8,results/fig4_shared_device_matrices/dimerized_m64_B0.0355_R8_r1.npz,56b318649ceb01cabfb4875ca409989f01cda96b170402628b6ed746bd77d54a,,5.32915701794793e-15,9.012017851447574e-16
dimerized,64,9/250,1,8,results/fig4_shared_device_matrices/dimerized_m64_B0.036_R8_r1.npz,b2043d454e09afedf85969bd7856b6095ed9250e526079c25fa6e003e0941bce,,7.99360578978468e-15,1.4432899320127035e-15
dimerized,64,73/2000,1,8,results/fig4_shared_device_matrices/dimerized_m64_B0.0365_R8_r1.npz,4da277d1d5e5c77d5221a175cc88e7181d398b660aad3f23bc8bd07f5f35cc0b,,5.329220158066077e-15,1.1102230246251565e-15
dimerized,64,37/1000,1,8,results/fig4_shared_device_matrices/dimerized_m64_B0.037_R8_r1.npz,7ff48857789723c1ce47081d3feb5ea1cb62468cfc4f0b0c9596354a39886f51,,5.329075023930945e-15,1.2658490090568385e-15
dimerized,64,3/80,1,8,results/fig4_shared_device_matrices/dimerized_m64_B0.0375_R8_r1.npz,6d161aa01d5984672df88b9164849074b3168015cabcb5e36e5fb085a01dbba9,,6.2172489569949645e-15,3.054626883036172e-15
dimerized,64,19/500,1,8,results/fig4_shared_device_matrices/dimerized_m64_B0.038_R8_r1.npz,990eeb8dce1e8ea77baf23b6762bb9e515134152f121ac2408ec41e6de8b14fe,,7.105556565581747e-15,1.3506446028928517e-15
dimerized,64,77/2000,1,8,results/fig4_shared_device_matrices/dimerized_m64_B0.0385_R8_r1.npz,1f4abfc9ef0378aa11ea483847ebc089a4ba3fb58b63f3fd3f3ce46ca8b9d7a6,,4.440947391005702e-15,1.444357059649813e-15
dimerized,64,39/1000,1,8,results/fig4_shared_device_matrices/dimerized_m64_B0.039_R8_r1.npz,8c0939435691fb07f9e302ecf216b350273d76f3069f4f03615d1cfd1ca7ebd0,,5.329848447666694e-15,8.881784197001252e-16
dimerized,64,79/2000,1,8,results/fig4_shared_device_matrices/dimerized_m64_B0.0395_R8_r1.npz,c5a381c62a247771e899d84949d817da411a510c319ef5fa92a17836edea0d64,,7.105452270399185e-15,8.899114524108741e-16
dimerized,64,1/25,1,8,results/fig4_shared_device_matrices/dimerized_m64_B0.04_R8_r1.npz,3beb142599b7a51d4c723ef56070671f6bf2e55f75ae552803b71f7fcc715f11,,4.4409171158716946e-15,1.6011864169946886e-15
dimerized,64,81/2000,1,8,results/fig4_shared_device_matrices/dimerized_m64_B0.0405_R8_r1.npz,c98340bb4dbe56c46374aa895f433a014cdb46205e88ed0ab79d3c4b99251be2,,4.44099282391808e-15,2.5918417478740242e-15
dimerized,64,41/1000,1,8,results/fig4_shared_device_matrices/dimerized_m64_B0.041_R8_r1.npz,7b64985bfb86dc7ed4e132a66b3f148a63f1dc1fe837c4199f86dd66ae1f1bed,,5.329240043306786e-15,1.159106867033638e-15
dimerized,64,83/2000,1,8,results/fig4_shared_device_matrices/dimerized_m64_B0.0415_R8_r1.npz,5e9d7c6e3dc06e5d6d2c3f2de98943529e2744fa407069204ea68421e0c48bf5,,7.105427445768132e-15,1.2225062931717345e-15
dimerized,64,21/500,1,8,results/fig4_shared_device_matrices/dimerized_m64_B0.042_R8_r1.npz,28c1618b19dc416134990fc4182852c0f3483b1cea8d7a75a8612fe102fe58c2,,5.329070576631908e-15,1.790180836524724e-15
dimerized,64,17/400,1,8,results/fig4_shared_device_matrices/dimerized_m64_B0.0425_R8_r1.npz,e7041eab976c4bbad41ea3fb819f932dc69dfce671819dc52b88d0bb200170ac,,8.881784267636117e-15,9.485749680535094e-16
dimerized,64,43/1000,1,8,results/fig4_shared_device_matrices/dimerized_m64_B0.043_R8_r1.npz,814a206c909122fa65e8b0c54b4f1798f8756746e2e2fd186d618a56f729333c,,7.993661194508676e-15,1.3506446028928517e-15
dimerized,64,87/2000,1,8,results/fig4_shared_device_matrices/dimerized_m64_B0.0435_R8_r1.npz,d29d40f47bd2959b3adc6a284388507a78014dd5cd922b00fef5cec580570091,,5.329096990162473e-15,1.355199909595506e-15
dimerized,64,11/250,1,8,results/fig4_shared_device_matrices/dimerized_m64_B0.044_R8_r1.npz,840222c55196ab19080d42bd0f5bc6f364ed0396b58cc8e62a385171de67d05a,,7.105545280800283e-15,1.4895204919483639e-15
dimerized,64,89/2000,1,8,results/fig4_shared_device_matrices/dimerized_m64_B0.0445_R8_r1.npz,8daac4c50e548b3d1499fced252a29adfd86d80e610c3cbf7d5860c3991fcaf5,,6.217248961274326e-15,3.070725159912542e-15
dimerized,64,9/200,1,8,results/fig4_shared_device_matrices/dimerized_m64_B0.045_R8_r1.npz,4e727a6557f1447abd1a0f23403dfc3c3fd4bd029d3286372f1444d31a167753,,6.217331088098802e-15,9.155133597044475e-16
dimerized,64,91/2000,1,8,results/fig4_shared_device_matrices/dimerized_m64_B0.0455_R8_r1.npz,ebb3d44af754d97bfabde80e9e0a94c06a229681f560b9b14343b10b55db90f6,,8.881812219763952e-15,1.1102230246251565e-15
dimerized,64,23/500,1,8,results/fig4_shared_device_matrices/dimerized_m64_B0.046_R8_r1.npz,93193e06e6792b189480fc0f13a0895d2571a8cf86431338137c18e5ed62f1d2,,5.329933811482594e-15,7.021666937153402e-16
dimerized,64,93/2000,1,8,results/fig4_shared_device_matrices/dimerized_m64_B0.0465_R8_r1.npz,5f49ee0394302d90b2ba5b30c96187d449f10a4abed7e792455ebf850389d3b9,,6.2173255281647116e-15,1.3368855554576669e-15
dimerized,64,47/1000,1,8,results/fig4_shared_device_matrices/dimerized_m64_B0.047_R8_r1.npz,6c16fd647e8a80211226ff01e52034deeaa250f83255f120722ec1d8d511acf5,,6.217276129615792e-15,2.220446049250313e-15
dimerized,64,19/400,1,8,results/fig4_shared_device_matrices/dimerized_m64_B0.0475_R8_r1.npz,724cd841de2a14ee1d557866059a632a5d7fe41e173c2a5a5f15cacce2f13097,,6.217254244855751e-15,2.7012892057857034e-15
dimerized,64,6/125,1,8,results/fig4_shared_device_matrices/dimerized_m64_B0.048_R8_r1.npz,8f9f847866b7219b66545f66ee38d43c66ab3e54a2e432c42fe8167dc55bad4e,,8.881784197047019e-15,5.836925621952896e-16
dimerized,64,97/2000,1,8,results/fig4_shared_device_matrices/dimerized_m64_B0.0485_R8_r1.npz,5aff129e67294905fb8d0096e7519165252c94eca58f5cd5292eaef37fea09f6,,7.105427576358047e-15,9.930136612989092e-16
dimerized,64,49/1000,1,8,results/fig4_shared_device_matrices/dimerized_m64_B0.049_R8_r1.npz,8231229c2773c764c90d2584f5cb2b1790cdbd8d354ba6a0641b1ec92fdb64fe,,5.329091841304243e-15,9.155133597044475e-16
dimerized,64,99/2000,1,8,results/fig4_shared_device_matrices/dimerized_m64_B0.0495_R8_r1.npz,5447074170aa534909a65fa58b6a44cd12b5928b7c2ba4d4f9844c4e42cf8afe,,4.441059915477231e-15,1.6662594659381951e-15
dimerized,64,1/20,1,8,results/size_uniform_resources_matrices/dimerized_m64_B0.05_R8_r1.npz,82e2e0dcd3dd2321a6dd1154e2f44b61e33098ed956214eb297d1005655c46cb,False,5.329070518200751e-15,1.6504651808933464e-15
dimerized,64,101/2000,1,8,results/fig4_shared_device_matrices/dimerized_m64_B0.0505_R8_r1.npz,b9fb2a83de0155c96d9ac6714d9d6cd7d164d120070515729517365b9d22cf6f,,6.217250983959829e-15,2.0471501066083613e-15
dimerized,64,51/1000,1,8,results/fig4_shared_device_matrices/dimerized_m64_B0.051_R8_r1.npz,3d02973f4dd1295c3d98bd310c1d39b42b5dc49875e4fe19927310002cadf900,,5.329256828723704e-15,9.930136612989092e-16
dimerized,64,103/2000,1,8,results/fig4_shared_device_matrices/dimerized_m64_B0.0515_R8_r1.npz,9a6d3c58b5ae1ffefb66b76b8231d39af469ffddb6591cb85e0ba1891cbe55f2,,6.217249933198778e-15,2.5918417478740242e-15
dimerized,64,13/250,1,8,results/fig4_shared_device_matrices/dimerized_m64_B0.052_R8_r1.npz,9803b17dbcae544107ba68ded44ea32d33936dd5e95742b22e303130560a9a3f,,6.217253526651305e-15,1.9100999153570945e-15
dimerized,64,21/400,1,8,results/fig4_shared_device_matrices/dimerized_m64_B0.0525_R8_r1.npz,8c4cf297f41f900b83ec203b69f6f3961a38696b1e3741409f00f4e7e85c983b,,7.10542741121956e-15,1.897149936107019e-15
dimerized,64,53/1000,1,8,results/fig4_shared_device_matrices/dimerized_m64_B0.053_R8_r1.npz,e881722765f6293f38b91e8de0e4df3711c97f4ac8bfdfe13bf14f205ae79965,,7.105475650196939e-15,2.531698018113677e-15
dimerized,64,107/2000,1,8,results/fig4_shared_device_matrices/dimerized_m64_B0.0535_R8_r1.npz,0f684d93f7e1c4f4cff6fe51276c749f268494ba3021b23e721094cc6207b27d,,5.329070518359063e-15,8.95090418262362e-16
dimerized,64,27/500,1,8,results/fig4_shared_device_matrices/dimerized_m64_B0.054_R8_r1.npz,bb2a0dd19ea40d9784b0893a7d3783b3f694e8e5926c60276ad4ef3a53762d09,,6.217260193749731e-15,8.005932084973443e-16
dimerized,64,109/2000,1,8,results/fig4_shared_device_matrices/dimerized_m64_B0.0545_R8_r1.npz,cc606f2ed927699220b53528b3c0e3244140ee827a50b4bfbb742b621c8ba597,,6.217386551685219e-15,1.831026719408895e-15
dimerized,64,11/200,1,8,results/fig4_shared_device_matrices/dimerized_m64_B0.055_R8_r1.npz,b5be43013c55d0cc2dbc6a2226560c5e4075f8c357af3ec94a629bd0a0580cfd,,5.3290705924562915e-15,1.6910413304902302e-15
dimerized,64,111/2000,1,8,results/fig4_shared_device_matrices/dimerized_m64_B0.0555_R8_r1.npz,268059f091181b867b32c082defbe802842567c6ea618be2cc1246673c99e2e0,,4.8852007448410205e-15,1.1957467920563633e-15
dimerized,64,7/125,1,8,results/fig4_shared_device_matrices/dimerized_m64_B0.056_R8_r1.npz,3975c4908e937540180680aa9bf536334aa9b36a74b9310f6b7d710a1b697aaa,,5.3292213509882794e-15,2.4450125863434694e-15
dimerized,64,113/2000,1,8,results/fig4_shared_device_matrices/dimerized_m64_B0.0565_R8_r1.npz,e82752ab373309ea2b065c022e8a2fe0c508801850fe9f413f40b81427d50299,,6.217249043908444e-15,1.4217791915866692e-15
dimerized,64,57/1000,1,8,results/fig4_shared_device_matrices/dimerized_m64_B0.057_R8_r1.npz,b37c0f0875758c52de4f096af06d481a08a48312302a7d9262b06af6b36c04e6,,5.3291145915748546e-15,1.159106867033638e-15
dimerized,64,23/400,1,8,results/fig4_shared_device_matrices/dimerized_m64_B0.0575_R8_r1.npz,9a41fecdc6fad4e3af9230f316f865762af0984f34c632f8ec00629dfa971bdd,,5.3291784642872545e-15,1.9100999153570945e-15
dimerized,64,29/500,1,8,results/fig4_shared_device_matrices/dimerized_m64_B0.058_R8_r1.npz,042f00b4c854dc2600228a5ce913576e5706c54a4413f758d88047f8ba6a3cf0,,5.107254139017059e-15,7.108895957933346e-16
dimerized,64,117/2000,1,8,results/fig4_shared_device_matrices/dimerized_m64_B0.0585_R8_r1.npz,a2f7253dda13b6d93179d8f93eddc75df4ce694ea814a2038b7d836c511030b6,,7.993613482285726e-15,1.3368855554576669e-15
dimerized,64,59/1000,1,8,results/fig4_shared_device_matrices/dimerized_m64_B0.059_R8_r1.npz,fc375a65703d5f6e05ab0c0a3c245bcd8cad9cd6fdd28c62dc1b71db9fa4466d,,6.2172546921504e-15,2.7487830685268716e-15
dimerized,64,119/2000,1,8,results/fig4_shared_device_matrices/dimerized_m64_B0.0595_R8_r1.npz,8aff795d54c05222a3ff0052b78dad4a83a420df33d666fc037581a4ebf99f12,,6.217611816187522e-15,1.4432899320127035e-15
dimerized,64,3/50,1,8,results/fig4_shared_device_matrices/dimerized_m64_B0.06_R8_r1.npz,17d29d98937d720a05185ddbb530ed3b457dc406a28e26b734781ee078ee8d70,,4.940757887278177e-15,9.930136612989092e-16
dimerized,64,121/2000,1,8,results/fig4_shared_device_matrices/dimerized_m64_B0.0605_R8_r1.npz,e68abd57d27def85bcd6a7759ec231bb67ad1ee9d6c6a9679bf3c1e3de3e530a,,5.551158651128731e-15,2.318213734067276e-15
dimerized,64,61/1000,1,8,results/fig4_shared_device_matrices/dimerized_m64_B0.061_R8_r1.npz,b8d6287a8db1580e3f37f359559bced309fdf988e7ee6b1b22428023533d7d46,,7.106047760206054e-15,1.790180836524724e-15
dimerized,64,123/2000,1,8,results/fig4_shared_device_matrices/dimerized_m64_B0.0615_R8_r1.npz,0cdafcd5f740310f155ca172252524b341584e6e3e1ccee208ec317b05e7807c,,5.773673400373621e-15,9.305364597889227e-16
dimerized,64,31/500,1,8,results/fig4_shared_device_matrices/dimerized_m64_B0.062_R8_r1.npz,1ec57b93c3bb969a90d1605708aba4daa149e7612919158e5ba515710efc266b,,6.21764669893893e-15,1.6011864169946886e-15
dimerized,64,1/16,1,8,results/fig4_shared_device_matrices/dimerized_m64_B0.0625_R8_r1.npz,70a8a92a5e3f8a3486cce7a32fe3e246dbf51e5387b0345c32f0e5e4cb663fce,,6.217248967284821e-15,8.496108186436517e-16
dimerized,64,63/1000,1,8,results/fig4_shared_device_matrices/dimerized_m64_B0.063_R8_r1.npz,003c63170a46727fdfd1b76cbecbc18a7673dcf27ed30af2eb8ed438f0258d6c,,5.773965095766827e-15,1.5567304474714342e-15
dimerized,64,127/2000,1,8,results/fig4_shared_device_matrices/dimerized_m64_B0.0635_R8_r1.npz,99ac80f0501543067aa4bc68327acba7e7b8159e377721acfdd1dae844324908,,5.9952146175880134e-15,1.3506446028928517e-15
dimerized,64,8/125,1,8,results/fig4_shared_device_matrices/dimerized_m64_B0.064_R8_r1.npz,50a7e735e3b857d8000e3901ea23ecfb0c84c6c75eb1c949296834ba0dcbc7b2,,6.328584686428349e-15,1.3426356273935429e-15
dimerized,64,129/2000,1,8,results/fig4_shared_device_matrices/dimerized_m64_B0.0645_R8_r1.npz,fe57a723b19af0a69d76a4646d221171557d89922a95c88aa735daec22f95d7f,,6.217267227406542e-15,2.531698018113677e-15
dimerized,64,13/200,1,8,results/fig4_shared_device_matrices/dimerized_m64_B0.065_R8_r1.npz,8cc3580dbad248874e6882137cd7db191e1a06a4d65fd1a34c124a406670d6ef,,6.8833829053322025e-15,1.5463617361248926e-15
dimerized,64,131/2000,1,8,results/fig4_shared_device_matrices/dimerized_m64_B0.0655_R8_r1.npz,cf6bc159ce33ab0d280b709d89db89c37a9a3943cfd1f89b252586ace79ad92d,,6.217322518015515e-15,1.821377042022605e-15
dimerized,64,33/500,1,8,results/fig4_shared_device_matrices/dimerized_m64_B0.066_R8_r1.npz,bd4f38d10ba10653efc8f451f664c15dd549a7e60057d230fdf2a31410455279,,7.105428212736093e-15,2.710399819191012e-15
dimerized,64,133/2000,1,8,results/fig4_shared_device_matrices/dimerized_m64_B0.0665_R8_r1.npz,20091c509c1bf4f70eda56d2ef74ed8e8504760680dceac84e99b04e514cd3d1,,7.105438851289838e-15,1.8244937149463952e-15
dimerized,64,67/1000,1,8,results/fig4_shared_device_matrices/dimerized_m64_B0.067_R8_r1.npz,244e8b80668c6f4acf1633c34a8f53f6df1cb89ec140ed179fae30ff2dfebd8b,,6.4396230010819596e-15,1.790180836524724e-15
dimerized,64,27/400,1,8,results/fig4_shared_device_matrices/dimerized_m64_B0.0675_R8_r1.npz,41bb818ffee9942a46563288ab1cc9b8eefc420abbfba3a20af3bb5886383029,,7.105427360285754e-15,3.3893637946200148e-15
dimerized,64,17/250,1,8,results/fig4_shared_device_matrices/dimerized_m64_B0.068_R8_r1.npz,13f4f605ed98e51f51e74faac3d2a278f1d3f299f754434550de835b65fb815b,,6.661346980549411e-15,1.2994827337208943e-15
dimerized,64,137/2000,1,8,results/fig4_shared_device_matrices/dimerized_m64_B0.0685_R8_r1.npz,67da2063d81b0d5a2f06046b0df933c9df4de7f8d4f840cacb65f6ff6cb55504,,6.661359123486796e-15,1.3426356273935429e-15
dimerized,64,69/1000,1,8,results/fig4_shared_device_matrices/dimerized_m64_B0.069_R8_r1.npz,994762c38520055976ee89575485cb25529c28d11788b4115f6019de140c72e9,,6.661872120610335e-15,2.1556631856153973e-15
dimerized,64,139/2000,1,8,results/fig4_shared_device_matrices/dimerized_m64_B0.0695_R8_r1.npz,0348dd055c653aad75caeff1f1515c5dc55f399b550ee9e3f3554170c5b8cd58,,7.216682822745759e-15,2.0014830212433605e-15
dimerized,64,7/100,1,8,results/size_uniform_resources_matrices/dimerized_m64_B0.07_R8_r1.npz,7ee65d7f8a39235f547e3bd8140b57034d53ba30df8a15105ccde60a84039fe0,False,7.105427357601002e-15,2.318213734067276e-15
