model,N,omega,gain,fixed,caves,reflection,caves_residual,sdp_Rinf,sdp_R1,explicit,explicit_error,kernel_residual
scalar,27.0,-0.03,0.5630627321970386,0.379590355173205,-0.7760010436102867,1.1555913987834807,1.0880185641326534e-14,0.3795923196342784,0.37961378157828124,0.37959035517278633,-4.1866510258614653e-13,1.7313269424917543e-16
scalar,27.0,0.0,0.6164738251494961,0.432025701835914,-0.6221288872362067,1.0541545890721156,5.10702591327572e-15,0.432027979211566,0.43230476864450856,0.4320257018355464,-3.6759484345338933e-13,1.3747827105369922e-16
scalar,27.0,0.03,0.5630627321970386,0.379590355173205,-0.7760010436102867,1.1555913987834807,1.0880185641326534e-14,0.3795923196342784,0.37961378157828124,0.37959035517278633,-4.1866510258614653e-13,1.7313269424917543e-16
scalar,30.0,-0.03,0.8515625795783798,0.5897781818095748,-0.17431181686625274,0.7640899986758233,4.218847493575595e-15,0.5897801792350562,0.5898359641178403,0.5897781818092823,-2.9243274468626623e-13,2.4709192330435106e-16
scalar,30.0,0.0,0.9426772125707581,0.6285671452469408,-0.06080850015767103,0.6893756454046065,5.329070518200751e-15,0.6285691301167041,0.6286078397453909,0.6285671452463728,-5.679900993982301e-13,2.139245058446856e-16
scalar,30.0,0.03,0.8515625795783798,0.5897781818095748,-0.17431181686625274,0.7640899986758233,4.218847493575595e-15,0.5897801792350562,0.5898359641178403,0.5897781818092823,-2.9243274468626623e-13,2.4709192330435106e-16
scalar,33.0,-0.03,1.28788283342543,0.7287567311007288,0.22353185084371163,0.5052248802570125,4.6629367034256575e-15,0.728758467352772,0.7287815221835556,0.7287567311000933,-6.354916592954396e-13,2.1311753516521166e-16
scalar,33.0,0.0,1.4414891449522274,0.7570975200181489,0.30627295841819113,0.45082456159995493,2.831068712794149e-15,0.7570991115678963,0.7571948154244884,0.7570975200181823,3.341771304121721e-14,2.658566105732134e-16
scalar,33.0,0.03,1.28788283342543,0.7287567311007288,0.22353185084371163,0.5052248802570125,4.6629367034256575e-15,0.728758467352772,0.7287815221835556,0.7287567311000933,-6.354916592954396e-13,2.1311753516521166e-16
