N,J,max_delta,omega_at_max
24.0,0.03,-0.00011114889698604635,2.0
24.0,0.031,-0.00011868317974850218,2.0
24.0,0.032,-0.0001264646024589089,2.0
24.0,0.033,-0.0001344931761779744,2.0
24.0,0.034,-0.0001427689123192355,2.0
24.0,0.035,-0.0001512918226459492,2.0
24.0,0.036000000000000004,-0.00016006191927375735,2.0
24.0,0.037000000000000005,-0.00016907921466968734,2.0
24.0,0.038000000000000006,-0.00017834372165204115,2.0
24.0,0.03900000000000001,-0.0001878554533907284,2.0
24.0,0.04000000000000001,-0.0001976144234071553,2.0
24.0,0.04100000000000001,-0.0002076206455744467,2.0
24.0,0.04200000000000001,-0.0002178741341171131,2.0
24.0,0.04300000000000001,-0.00022837490361116153,2.0
24.0,0.04400000000000001,-0.00023912296898476182,2.0
24.0,0.04500000000000001,-0.0002501183455170253,2.0
24.0,0.04600000000000001,-0.0002613610488398921,2.0
24.0,0.047000000000000014,-0.0002728510949354668,2.0
24.0,0.048000000000000015,-0.00028458850013923787,2.0
24.0,0.049000000000000016,-0.0002965732811371913,2.0
24.0,0.05000000000000002,-0.0003088054549679198,2.0
24.0,0.05100000000000002,-0.00032128503902151273,2.0
24.0,0.05200000000000002,-0.00033401205104033327,2.0
24.0,0.05300000000000002,-0.0003469865091186297,2.0
24.0,0.05400000000000002,-0.00036020843170181394,2.0
24.0,0.05500000000000002,-0.00037367783758845974,2.0
24.0,0.05600000000000002,-0.00038739474592863754,2.0
24.0,0.05700000000000002,-0.00040135917622430295,2.0
24.0,0.058000000000000024,-0.00041557114832979636,2.0
24.0,0.059000000000000025,-0.0004300306824515099,2.0
24.0,0.060000000000000026,-0.00044473779914844247,2.0
32.0,0.03,-0.00011114889698604635,2.0
32.0,0.031,-0.00011868317974850218,2.0
32.0,0.032,-0.0001264646024589089,2.0
32.0,0.033,-0.0001344931761779744,2.0
32.0,0.034,-0.0001427689123192355,2.0
32.0,0.035,-0.0001512918226459492,2.0
32.0,0.036000000000000004,-0.00016006191927375735,2.0
32.0,0.037000000000000005,-0.00016907921466968734,2.0
32.0,0.038000000000000006,-0.00017834372165204115,2.0
32.0,0.03900000000000001,-0.0001878554533907284,2.0
32.0,0.04000000000000001,-0.0001976144234071553,2.0
32.0,0.04100000000000001,-0.0002076206455744467,2.0
32.0,0.04200000000000001,-0.0002178741341171131,2.0
32.0,0.04300000000000001,-0.00022837490361116153,2.0
32.0,0.04400000000000001,-0.00023912296898476182,2.0
32.0,0.04500000000000001,-0.0002501183455170253,2.0
32.0,0.04600000000000001,-0.0002613610488398921,2.0
32.0,0.047000000000000014,-0.0002728510949354668,2.0
32.0,0.048000000000000015,-0.00028458850013923787,2.0
32.0,0.049000000000000016,-0.0002965732811371913,2.0
32.0,0.05000000000000002,-0.0003088054549679198,2.0
32.0,0.05100000000000002,-0.00032128503902151273,2.0
32.0,0.05200000000000002,-0.00033401205104033327,2.0
32.0,0.05300000000000002,-0.0003469865091186297,2.0
32.0,0.05400000000000002,-0.00036020843170181394,2.0
32.0,0.05500000000000002,-0.00037367783758845974,2.0
32.0,0.05600000000000002,-0.00038739474592863754,2.0
32.0,0.05700000000000002,-0.00040135917622430295,2.0
32.0,0.058000000000000024,-0.00041557114832979636,2.0
32.0,0.059000000000000025,-0.0004300306824515099,2.0
32.0,0.060000000000000026,-0.00044473779914844247,2.0
40.0,0.03,-0.00011114889698604635,2.0
40.0,0.031,-0.00011868317974850218,2.0
40.0,0.032,-0.0001264646024589089,2.0
40.0,0.033,-0.0001344931761779744,2.0
40.0,0.034,-0.0001427689123192355,2.0
40.0,0.035,-0.0001512918226459492,2.0
40.0,0.036000000000000004,-0.00016006191927375735,2.0
40.0,0.037000000000000005,-0.00016907921466968734,2.0
40.0,0.038000000000000006,-0.00017834372165204115,2.0
40.0,0.03900000000000001,-0.0001878554533907284,2.0
40.0,0.04000000000000001,-0.0001976144234071553,2.0
40.0,0.04100000000000001,-0.0002076206455744467,2.0
40.0,0.04200000000000001,-0.0002178741341171131,2.0
40.0,0.04300000000000001,-0.00022837490361116153,2.0
40.0,0.04400000000000001,-0.00023912296898476182,2.0
40.0,0.04500000000000001,-0.0002501183455170253,2.0
40.0,0.04600000000000001,-0.0002613610488398921,2.0
40.0,0.047000000000000014,-0.0002728510949354668,2.0
40.0,0.048000000000000015,-0.00028458850013923787,2.0
40.0,0.049000000000000016,-0.0002965732811371913,2.0
40.0,0.05000000000000002,-0.0003088054549679198,2.0
40.0,0.05100000000000002,-0.0002872234849091715,0.2482343887110376
40.0,0.05200000000000002,-0.0001976976998063762,0.24665373006382388
40.0,0.05300000000000002,-9.112110888964686e-05,0.2450432475030789
40.0,0.05400000000000002,3.4740722568926685e-05,0.24340494994451797
40.0,0.05500000000000002,0.0001823792643140809,0.2417411197297891
40.0,0.05600000000000002,0.00035456456296278915,0.24005429491304597
40.0,0.05700000000000002,0.0005543662721998466,0.23834728997313517
40.0,0.058000000000000024,0.000785173498734304,0.236623088293203
40.0,0.059000000000000025,0.0010507126844063741,0.23488498092657265
40.0,0.060000000000000026,0.0013550626549381217,0.23313640684505632
80.0,0.03,-0.00011114889698604635,2.0
80.0,0.031,-0.00011868317974850218,2.0
80.0,0.032,-0.0001264646024589089,2.0
80.0,0.033,-0.0001344931761779744,2.0
80.0,0.034,-0.0001427689123192355,2.0
80.0,0.035,-0.0001327562601067811,0.2373309027109055
80.0,0.036000000000000004,-9.080634356339878e-05,0.2360251031196933
80.0,0.037000000000000005,-3.530401517326531e-05,0.23465821149589874
80.0,0.038000000000000006,3.7008831813345466e-05,0.23323051978239015
80.0,0.03900000000000001,0.00013020883109549075,0.2317427937149269
80.0,0.04000000000000001,0.0002494055671111717,0.23019636998510118
80.0,0.04100000000000001,0.00040101069317910465,0.22859315728242033
80.0,0.04200000000000001,0.0005930742467270544,0.22693570072729086
80.0,0.04300000000000001,0.0008357028266474664,0.2252270259061345
80.0,0.04400000000000001,0.001141576546246803,0.2234707276977165
80.0,0.04500000000000001,0.0015265838824978228,0.2216708564810953
80.0,0.04600000000000001,0.002010595520751224,0.2198318237423795
80.0,0.047000000000000014,0.002618399788963277,0.21795840625379978
80.0,0.048000000000000015,0.0033808229586784755,0.21605560852609557
80.0,0.049000000000000016,0.004336057165024609,0.21412863828788825
80.0,0.05000000000000002,0.005531216515919368,0.21218280203128442
80.0,0.05100000000000002,0.007024137650526452,0.2102234652536464
80.0,0.05200000000000002,0.008885434125982083,0.20825597728103953
80.0,0.05300000000000002,0.011200804209784643,0.20628563427350927
80.0,0.05400000000000002,0.014073578758656335,0.20431764591982002
80.0,0.05500000000000002,0.0176274799577405,0.20235704810673485
80.0,0.05600000000000002,0.022009543202089255,0.2004087160629397
80.0,0.05700000000000002,0.02739313414533573,0.19847731322978313
80.0,0.058000000000000024,0.03398097214590501,0.19656725517761683
80.0,0.059000000000000025,0.04200805160408261,0.19468270707222957
80.0,0.060000000000000026,0.05174433585037108,0.1928275263370811
