N,max_norm_A1_inv,max_norm_A2_inv,max_norm_product,q0_at_omega0,q0_at_omega2,scalar_roots,J,max_qJ_minus_q0,min_qJ_minus_q0,qJ_at_omega0,qJ_at_omega2,finite_J_roots,max_neumann_parameter
24,46.47999939717934,31.948519695286876,1484.9671761777063,0.26504174962882665,-0.3872522302005731,0.0406218127671,0.001,-1.2348562439257194e-07,-0.002513708930179215,0.26252804069864744,-0.3872523536861975,0.0404714592097,0.0014849671761777061
24,46.47999939717934,31.948519695286876,1484.9671761777063,0.26504174962882665,-0.3872522302005731,0.0406218127671,0.005,-3.0871493874595757e-06,-0.06207193726052562,0.20296981236830103,-0.38725531734996055,0.036538365936,0.03712417940444266
24,46.47999939717934,31.948519695286876,1484.9671761777063,0.26504174962882665,-0.3872522302005731,0.0406218127671,0.01,-1.2348707249532076e-05,-0.23892523102371765,0.026116518605108996,-0.3872645789078226,0.0145096761735,0.14849671761777064
24,46.47999939717934,31.948519695286876,1484.9671761777063,0.26504174962882665,-0.3872522302005731,0.0406218127671,0.02,-4.939658423086524e-05,-0.8211711163304614,-0.5561293667016347,-0.38730162678480395,,0.5939868704710826
32,87.39737211256951,43.283459272636826,3782.860596369888,4.505320229664704,-0.3872522302005731,0.107238610692,0.001,-1.2348562439257194e-07,-0.012270204146688002,4.493050025518016,-0.3872523536861975,0.107210566526,0.003782860596369888
32,87.39737211256951,43.283459272636826,3782.860596369888,4.505320229664704,-0.3872522302005731,0.107238610692,0.005,-3.0871493874595757e-06,-0.3008661320635131,4.204454097601191,-0.38725531734996055,0.106530376002,0.0945715149092472
32,87.39737211256951,43.283459272636826,3782.860596369888,4.505320229664704,-0.3872522302005731,0.107238610692,0.01,-1.2348707249532076e-05,-1.1330832567135918,3.3722369729511126,-0.3872645789078226,0.104309054168,0.3782860596369888
32,87.39737211256951,43.283459272636826,3782.860596369888,4.505320229664704,-0.3872522302005731,0.107238610692,0.02,-4.939658423086524e-05,-3.5800972204302814,0.9252230092344229,-0.38730162678480395,0.0932209101887,1.5131442385479552
40,158.20666839494052,54.61251167999697,8640.063525572097,17.665344575245125,-0.3872522302005731,0.132906364538,0.001,-1.2348562439257194e-07,-0.05290728256065336,17.612437292684472,-0.3872523536861975,0.132890921896,0.008640063525572096
40,158.20666839494052,54.61251167999697,8640.063525572097,17.665344575245125,-0.3872522302005731,0.132906364538,0.005,-3.0871493874595757e-06,-1.2872293536635553,16.37811522158157,-0.38725531734996055,0.132519435089,0.21600158813930245
40,158.20666839494052,54.61251167999697,8640.063525572097,17.665344575245125,-0.3872522302005731,0.132906364538,0.01,-1.2348707249532076e-05,-4.732915032701774,12.932429542543352,-0.3872645789078226,0.131347752663,0.8640063525572098
40,158.20666839494052,54.61251167999697,8640.063525572097,17.665344575245125,-0.3872522302005731,0.132906364538,0.02,-4.939658423086524e-05,-13.67004851176284,3.995296063482286,-0.38730162678480395,0.126491119022,3.4560254102288392
80,2733.8761486926483,111.22573460811273,304077.38296593784,5589.030144842096,-0.3872522302005731,0.174748062191,0.001,-1.2348562439257194e-07,-37.92677747222933,5551.103367369867,-0.3872523536861975,0.174742883152,0.30407738296593784
80,2733.8761486926483,111.22573460811273,304077.38296593784,5589.030144842096,-0.3872522302005731,0.174748062191,0.005,-3.0871493874595757e-06,-882.9163972344631,4706.113747607633,-0.38725531734996055,0.174619489574,7.601934574148446
80,2733.8761486926483,111.22573460811273,304077.38296593784,5589.030144842096,-0.3872522302005731,0.174748062191,0.01,-1.2348707249532076e-05,-2845.2187230508093,2743.8114217912866,-0.3872645789078226,0.174245186521,30.407738296593784
80,2733.8761486926483,111.22573460811273,304077.38296593784,5589.030144842096,-0.3872522302005731,0.174748062191,0.02,-4.939658423086524e-05,-5417.908581882265,171.12156295983073,-0.38730162678480395,0.172925181436,121.63095318637514
120,46397.41944154032,167.82298622373915,7786553.483754667,1609843.140055092,-0.3872522302005731,0.187038186274,0.001,-1.2348562439257194e-07,-17553.405096330214,1592289.7349587618,-0.3872523536861975,0.187034710429,7.786553483754667
120,46397.41944154032,167.82298622373915,7786553.483754667,1609843.140055092,-0.3872522302005731,0.187038186274,0.005,-3.0871493874595757e-06,-389943.14513936825,1219899.9949157238,-0.38725531734996055,0.186952202263,194.6638370938667
120,46397.41944154032,167.82298622373915,7786553.483754667,1609843.140055092,-0.3872522302005731,0.187038186274,0.01,-1.2348707249532076e-05,-1102974.4635221194,506868.6765329727,-0.3872645789078226,0.186705688151,778.6553483754668
120,46397.41944154032,167.82298622373915,7786553.483754667,1609843.140055092,-0.3872522302005731,0.187038186274,0.02,-4.939658423086524e-05,-1606530.3190944504,3312.820960641555,-0.38730162678480395,0.185892108005,3114.6213935018673
