N,degree_H,sign_variations,endpoint_sign_0,endpoint_sign_4,endpoint_product_sign,crt_modulus_bits,prime_count
81,161,1,1,-1,-1,8872,445
82,163,1,1,-1,-1,8992,451
83,165,1,1,-1,-1,9091,456
84,167,1,1,-1,-1,9211,462
85,169,1,1,-1,-1,9311,467
86,171,1,1,-1,-1,9430,473
87,173,1,1,-1,-1,9530,478
88,175,1,1,-1,-1,9650,484
89,177,1,1,-1,-1,9749,489
90,179,1,1,-1,-1,9869,495
91,181,1,1,-1,-1,9969,500
92,183,1,1,-1,-1,10088,506
93,185,1,1,-1,-1,10188,511
94,187,1,1,-1,-1,10308,517
95,189,1,1,-1,-1,10407,522
96,191,1,1,-1,-1,10527,528
97,193,1,1,-1,-1,10647,534
98,195,1,1,-1,-1,10746,539
99,197,1,1,-1,-1,10866,545
100,199,1,1,-1,-1,10966,550
101,201,1,1,-1,-1,11085,556
102,203,1,1,-1,-1,11185,561
103,205,1,1,-1,-1,11305,567
104,207,1,1,-1,-1,11405,572
105,209,1,1,-1,-1,11524,578
106,211,1,1,-1,-1,11624,583
107,213,1,1,-1,-1,11744,589
108,215,1,1,-1,-1,11843,594
109,217,1,1,-1,-1,11963,600
110,219,1,1,-1,-1,12063,605
111,221,1,1,-1,-1,12182,611
112,223,1,1,-1,-1,12282,616
113,225,1,1,-1,-1,12402,622
114,227,1,1,-1,-1,12501,627
115,229,1,1,-1,-1,12621,633
116,231,1,1,-1,-1,12721,638
117,233,1,1,-1,-1,12840,644
118,235,1,1,-1,-1,12940,649
119,237,1,1,-1,-1,13060,655
120,239,1,1,-1,-1,13179,661
