N,halfwidth,lambda_min,lambda_center,min_gain_power,band_gain_power,band_noise,band_cp_floor,prefactor_min,prefactor_max
24.0,0.02,0.06996490343857498,0.07078467684516676,0.38909038949110447,0.3984244980983791,75.68133693581512,0.0,0.11612872764909457,0.1163526653059624
32.0,0.02,0.06996490343857498,0.07078467684516676,1.1918358582985356,1.2311993637685956,240.8276310284783,0.23119936376859582,0.11612872764908906,0.11635266530596193
40.0,0.02,0.06996490343857498,0.07078467684516676,3.6507525024816774,3.8046728249177955,751.1637360700355,2.804672824917796,0.11612872764908905,0.11635266530596201
48.0,0.02,0.06996490343857498,0.07078467684516676,11.182742775841016,11.757441307211662,2328.231409268531,10.757441307211662,0.11612872764908903,0.11635266530596208
56.0,0.02,0.06996490343857498,0.07078467684516676,34.25423550504083,36.334139090851885,7201.843065334799,35.33413909085188,0.11612872764908903,0.1163526653059622
64.0,0.02,0.06996490343857498,0.07078467684516676,104.92530084566442,112.28544492232211,22262.99014848811,111.28544492232213,0.11612872764908894,0.11635266530596225
72.0,0.02,0.06996490343857498,0.07078467684516676,321.40021796525167,347.00726848368924,68807.84718570363,346.0072684836893,0.116128727649089,0.11635266530596229
80.0,0.02,0.06996490343857498,0.07078467684516676,984.4918172791653,1072.4083323599327,212651.8818373171,1071.4083323599325,0.11612872764908891,0.11635266530596237
88.0,0.02,0.06996490343857498,0.07078467684516676,3015.629996848422,3314.272938958428,657199.7156157619,3313.2729389584274,0.11612872764908888,0.1163526653059625
96.0,0.02,0.06996490343857498,0.07078467684516676,9237.27766780744,10242.897522662648,2031088.6015706195,10241.897522662648,0.1161287276490889,0.1163526653059625
104.0,0.02,0.06996490343857498,0.07078467684516676,28295.01590093879,31656.56823928494,6277197.953578889,31655.56823928494,0.11612872764908883,0.11635266530596253
112.0,0.02,0.06996490343857498,0.07078467684516676,86671.41485034655,97838.83414478322,19400320.171306737,97837.83414478322,0.1161287276490888,0.11635266530596264
120.0,0.02,0.06996490343857498,0.07078467684516676,265486.12584139354,302388.39379763376,59959539.71759784,302387.3937976338,0.11612872764908878,0.11635266530596272
128.0,0.02,0.06996490343857498,0.07078467684516676,813219.4811400431,934599.1094307837,185316486.29262108,934598.1094307837,0.1161287276490888,0.11635266530596282
136.0,0.02,0.06996490343857498,0.07078467684516676,2490999.94363084,2888630.452325742,572764645.9772849,2888629.4523257427,0.11612872764908876,0.11635266530596293
144.0,0.02,0.06996490343857498,0.07078467684516676,7630265.706952826,8928221.739371337,1770291231.4359484,8928220.739371339,0.11612872764908873,0.116352665305963
152.0,0.02,0.06996490343857498,0.07078467684516676,23372523.515130404,27595882.831533037,5471666092.769622,27595881.83153304,0.11612872764908876,0.11635266530596304
160.0,0.02,0.06996490343857498,0.07078467684516676,71593162.86555383,85296250.5824874,16912226711.688879,85296249.5824874,0.11612872764908874,0.11635266530596314
168.0,0.02,0.06996490343857498,0.07078467684516676,219299425.06103897,263646430.5920612,52274310788.01074,263646429.5920612,0.1161287276490888,0.11635266530596317
176.0,0.02,0.06996490343857498,0.07078467684516676,671743444.5858405,814929687.0727824,161577967248.98712,814929686.0727824,0.11612872764908873,0.11635266530596318
184.0,0.02,0.06996490343857498,0.07078467684516676,2057639937.8085673,2518979609.864781,499438764395.095,2518979608.864781,0.11612872764908871,0.11635266530596325
192.0,0.02,0.06996490343857498,0.07078467684516676,6302826097.953553,7786376811.282328,1543791407873.4614,7786376810.282328,0.11612872764908864,0.11635266530596343
200.0,0.02,0.06996490343857498,0.07078467684516676,19306398603.126343,24068687905.498123,4772008822992.949,24068687904.498123,0.11612872764908864,0.11635266530596343
208.0,0.02,0.06996490343857498,0.07078467684516676,59138078891.91516,74400461497.26176,14750953184406.953,74400461496.26176,0.11612872764908859,0.11635266530596348
216.0,0.02,0.06996490343857498,0.07078467684516676,181147838440.46667,229987927849.2946,45597931447600.85,229987927848.29462,0.11612872764908855,0.11635266530596354
224.0,0.02,0.06996490343857498,0.07078467684516676,554880036458.87,710952572293.3276,140953670487713.4,710952572292.3276,0.11612872764908862,0.11635266530596357
232.0,0.02,0.06996490343857498,0.07078467684516676,1699671701916.4673,2197770701985.7498,435726336780015.44,2197770701984.7498,0.11612872764908855,0.1163526653059635
240.0,0.02,0.06996490343857498,0.07078467684516676,5206321555073.203,6794073971837.242,1346968337512816.5,6794073971836.242,0.11612872764908853,0.11635266530596382
248.0,0.02,0.06996490343857498,0.07078467684516676,15947658659173.209,21003142823296.164,4163965278707647.5,21003142823295.16,0.11612872764908852,0.11635266530596403
256.0,0.02,0.06996490343857498,0.07078467684516676,48849809605339.83,64929850782326.05,1.2872500860675978e+16,64929850782325.05,0.11612872764908849,0.11635266530596397
264.0,0.02,0.06996490343857498,0.07078467684516676,149633494764156.12,200729225979983.6,3.979466551372163e+16,200729225979982.62,0.11612872764908852,0.1163526653059637
272.0,0.02,0.06996490343857498,0.07078467684516676,458347390424369.9,620558719618978.4,1.2302485681893834e+17,620558719618977.5,0.11612872764908853,0.11635266530596408
280.0,0.02,0.06996490343857498,0.07078467684516676,1403979307172830.2,1918497348741823.5,3.80335566412748e+17,1918497348741822.5,0.11612872764908846,0.11635266530596432
288.0,0.02,0.06996490343857498,0.07078467684516676,4300576235733487.0,5931240773171057.0,1.1758368158240858e+18,5931240773171056.0,0.11612872764908842,0.11635266530596423
296.0,0.02,0.06996490343857498,0.07078467684516676,1.3173239708638264e+16,1.8337322202876532e+16,3.6352408718103337e+18,1.833732220287653e+16,0.11612872764908844,0.11635266530596401
304.0,0.02,0.06996490343857498,0.07078467684516676,4.035139360612848e+16,5.669336956194957e+16,1.123893958493561e+19,5.669336956194957e+16,0.11612872764908846,0.11635266530596435
312.0,0.02,0.06996490343857498,0.07078467684516676,1.2360171089037422e+17,1.752809011261082e+17,3.4747492298828157e+19,1.752809011261082e+17,0.11612872764908835,0.11635266530596458
320.0,0.02,0.06996490343857498,0.07078467684516676,3.7860855771552224e+17,5.419296078642667e+17,1.0743049226053172e+20,5.419296078642667e+17,0.11612872764908841,0.11635266530596439
24.0,0.05,0.06574005106172487,0.07078467684516676,0.3239441733580334,0.3754059857939398,72.21587547554452,0.0,0.11612872764909457,0.1174957323216179
32.0,0.05,0.06574005106172487,0.07078467684516676,0.9274250786502904,1.1360118401615962,225.30986623580043,0.14092553699275656,0.11612872764908906,0.11749573232162153
40.0,0.05,0.06574005106172487,0.07078467684516676,2.6551404447050078,3.439555942143414,688.7825851875883,2.4395559421434143,0.11612872764908905,0.11749573232162154
48.0,0.05,0.06574005106172487,0.07078467684516676,7.601445058363139,10.419706702883458,2092.6457544941604,9.419706702883458,0.11612872764908903,0.11749573232162147
56.0,0.05,0.06574005106172487,0.07078467684516676,21.762301534950716,31.581872790306036,6347.215465966498,30.581872790306036,0.11612872764908903,0.11749573232162154
64.0,0.05,0.06574005106172487,0.07078467684516676,62.303649432690946,95.77345254678144,19247.889122130826,94.77345254678143,0.11612872764908894,0.11749573232162158
72.0,0.05,0.06574005106172487,0.07078467684516676,178.37013821343683,290.5847685206092,58385.16436324619,289.5847685206093,0.116128727649089,0.11749573232162157
80.0,0.05,0.06574005106172487,0.07078467684516676,510.65878958908485,882.097335099068,177176.77365919607,881.0973350990681,0.11612872764908891,0.11749573232162171
88.0,0.05,0.06574005106172487,0.07078467684516676,1461.973411000833,2678.9933093647787,537916.0473074672,2677.9933093647787,0.11612872764908888,0.1174957323216216
96.0,0.05,0.06574005106172487,0.07078467684516676,4185.507618880516,8140.173834375582,1633912.245634507,8139.173834375582,0.1161287276490889,0.11749573232162168
104.0,0.05,0.06574005106172487,0.07078467684516676,11982.758301817581,24745.608021168442,4965322.348130071,24744.608021168435,0.11612872764908883,0.11749573232162158
112.0,0.05,0.06574005106172487,0.07078467684516676,34305.634965773424,75259.34729841372,15096176.107339723,75258.34729841373,0.1161287276490888,0.11749573232162165
120.0,0.05,0.06574005106172487,0.07078467684516676,98214.1641149837,228989.78667199003,45918002.27322128,228988.78667199006,0.11612872764908878,0.11749573232162167
128.0,0.05,0.06574005106172487,0.07078467684516676,281178.93874953006,697044.6856960711,139730468.00980708,697043.685696071,0.1161287276490888,0.11749573232162162
136.0,0.05,0.06574005106172487,0.07078467684516676,804991.7881880178,2122704.266601084,425389601.17191696,2122703.2666010843,0.11612872764908876,0.11749573232162161
144.0,0.05,0.06574005106172487,0.07078467684516676,2304624.1725358395,6466931.838911151,1295584637.205307,6466930.83891115,0.11612872764908873,0.1174957323216217
152.0,0.05,0.06574005106172487,0.07078467684516676,6597946.282895463,19709816.704902418,3947511833.035559,19709815.704902418,0.11612872764908876,0.11749573232162179
160.0,0.05,0.06574005106172487,0.07078467684516676,18889368.457883373,60094958.1044543,12032487695.589113,60094957.10445431,0.11612872764908874,0.11749573232162168
168.0,0.05,0.06574005106172487,0.07078467684516676,54078682.28067735,183299097.186778,36690818235.13735,183299096.186778,0.1161287276490888,0.11749573232162165
176.0,0.05,0.06574005106172487,0.07078467684516676,154822745.06609648,559300486.8144381,111924472145.7643,559300485.8144381,0.11612872764908873,0.11749573232162178
184.0,0.05,0.06574005106172487,0.07078467684516676,443244572.1475385,1707215934.2430105,341549897148.60834,1707215933.2430103,0.11612872764908871,0.11749573232162186
192.0,0.05,0.06574005106172487,0.07078467684516676,1268972143.9468083,5212978928.80849,1042654758308.7286,5212978927.808491,0.11612872764908864,0.11749573232162179
200.0,0.05,0.06574005106172487,0.07078467684516676,3632961130.941855,15923321941.941324,3184051273171.089,15923321940.941324,0.11612872764908864,0.11749573232162173
208.0,0.05,0.06574005106172487,0.07078467684516676,10400863913.280315,48655011847.8848,9726770811127.857,48655011846.88481,0.11612872764908859,0.11749573232162187
216.0,0.05,0.06574005106172487,0.07078467684516676,29776803616.539455,148718080569.724,29723671086713.133,148718080568.724,0.11612872764908855,0.11749573232162198
224.0,0.05,0.06574005106172487,0.07078467684516676,85248498683.44383,454714078456.9807,90860986130410.6,454714078455.98065,0.11612872764908862,0.11749573232162178
232.0,0.05,0.06574005106172487,0.07078467684516676,244059322866.4929,1390745636713.1309,277836857512056.16,1390745636712.131,0.11612872764908855,0.11749573232162182
240.0,0.05,0.06574005106172487,0.07078467684516676,698721432024.691,4254886736499.6157,849837596919004.1,4254886736498.6157,0.11612872764908853,0.11749573232162192
248.0,0.05,0.06574005106172487,0.07078467684516676,2000381029647.0425,13021340361885.371,2600231586573348.0,13021340361884.371,0.11612872764908852,0.11749573232162203
256.0,0.05,0.06574005106172487,0.07078467684516676,5726923606989.568,39860913444618.945,7958194410364897.0,39860913444617.945,0.11612872764908849,0.11749573232162189
264.0,0.05,0.06574005106172487,0.07078467684516676,16395703375612.096,122056027982692.89,2.4363517229322052e+16,122056027982691.89,0.11612872764908852,0.11749573232162178
272.0,0.05,0.06574005106172487,0.07078467684516676,46939527681663.32,373842174601078.1,7.460792063141494e+16,373842174601077.1,0.11612872764908853,0.1174957323216217
280.0,0.05,0.06574005106172487,0.07078467684516676,134383942457447.83,1145331378925559.8,2.2853149664125302e+17,1145331378925558.8,0.11612872764908846,0.11749573232162207
288.0,0.05,0.06574005106172487,0.07078467684516676,384729989463897.25,3509818343868948.5,7.00196795048675e+17,3509818343868947.5,0.11612872764908842,0.117495732321622
296.0,0.05,0.06574005106172487,0.07078467684516676,1101449786977037.0,1.0758349005475252e+16,2.1458725966858412e+18,1.0758349005475252e+16,0.11612872764908844,0.11749573232162189
304.0,0.05,0.06574005106172487,0.07078467684516676,3153358631912955.0,3.298459107408168e+16,6.57800842719833e+18,3.298459107408168e+16,0.11612872764908846,0.11749573232162219
312.0,0.05,0.06574005106172487,0.07078467684516676,9027802065086108.0,1.0115285012165798e+17,2.0169196277242466e+19,1.0115285012165798e+17,0.11612872764908835,0.1174957323216221
320.0,0.05,0.06574005106172487,0.07078467684516676,2.5845842366788132e+16,3.1027288772991674e+17,6.185623954643015e+19,3.1027288772991674e+17,0.11612872764908841,0.11749573232162197
24.0,0.1,0.05161282861909078,0.07078467684516676,0.17492614103632576,0.31225375227679725,62.39832769603826,0.0,0.11612872764909457,0.1211890435067806
32.0,0.1,0.05161282861909078,0.07078467684516676,0.399482153260661,0.8942786260938648,184.4088110072487,0.07046471470695112,0.11612872764908906,0.12118904350677936
40.0,0.1,0.05161282861909078,0.07078467684516676,0.9123049867122902,2.577874767633483,535.6013437738972,1.579392352222512,0.11612872764908905,0.12118904350677928
48.0,0.1,0.05161282861909078,0.07078467684516676,2.0834482391433418,7.475315228834013,1552.6222643004683,6.475315228834013,0.11612872764908903,0.1211890435067794
56.0,0.1,0.05161282861909078,0.07078467684516676,4.758010345676659,21.794111342568442,4514.122055137197,20.794111342568446,0.11612872764908903,0.12118904350677946
64.0,0.1,0.05161282861909078,0.07078467684516676,10.865958666136358,63.8508108907259,13181.007052221841,62.850810890725896,0.11612872764908894,0.12118904350677949
72.0,0.1,0.05161282861909078,0.07078467684516676,24.81479634475085,187.88929911332295,38659.32778314293,186.88929911332292,0.116128727649089,0.12118904350677959
80.0,0.1,0.05161282861909078,0.07078467684516676,56.670022089308326,555.0773375680016,113862.87976135334,554.0773375680016,0.11612872764908891,0.12118904350677952
88.0,0.1,0.05161282861909078,0.07078467684516676,129.4184066226293,1645.6801456716664,336648.01899765636,1644.6801456716667,0.11612872764908888,0.1211890435067796
96.0,0.1,0.05161282861909078,0.07078467684516676,295.5552751743185,4894.626431754711,998791.4454024414,4893.626431754712,0.1161287276490889,0.12118904350677973
104.0,0.1,0.05161282861909078,0.07078467684516676,674.9651997963409,14599.363406409764,2972532.416861275,14598.363406409766,0.11612872764908883,0.12118904350677978
112.0,0.1,0.05161282861909078,0.07078467684516676,1541.4308564359533,43657.80723555317,8871422.652713316,43656.807235553184,0.1161287276490888,0.12118904350677977
120.0,0.1,0.05161282861909078,0.07078467684516676,3520.1949461835893,130855.21855422582,26543060.74512491,130854.21855422581,0.11612872764908878,0.12118904350677971
128.0,0.1,0.05161282861909078,0.07078467684516676,8039.136110060987,393026.29975160025,79595704.08557217,393025.2997516002,0.1161287276490888,0.12118904350677978
136.0,0.1,0.05161282861909078,0.07078467684516676,18359.127941522795,1182675.044150371,239172661.41144964,1182674.0441503713,0.11612872764908876,0.1211890435067798
144.0,0.1,0.05161282861909078,0.07078467684516676,41927.08944825245,3564877.217768119,719996533.9189844,3564876.2177681196,0.11612872764908873,0.12118904350677988
152.0,0.1,0.05161282861909078,0.07078467684516676,95749.69111827834,10761930.55693672,2171050800.31194,10761929.556936719,0.11612872764908876,0.12118904350677992
160.0,0.1,0.05161282861909078,0.07078467684516676,218665.38960595225,32534294.515589144,6556362016.78368,32534293.515589144,0.11612872764908874,0.12118904350678009
168.0,0.1,0.05161282861909078,0.07078467684516676,499370.30660974124,98479163.53176689,19826666817.733936,98479162.53176688,0.1161287276490888,0.1211890435067801
176.0,0.1,0.05161282861909078,0.07078467684516676,1140421.4611781416,298436095.9703683,60031291375.16196,298436094.9703682,0.11612872764908873,0.12118904350678007
184.0,0.1,0.05161282861909078,0.07078467684516676,2604402.1678927704,905357398.9504675,181970178014.5207,905357397.9504676,0.11612872764908871,0.12118904350678002
192.0,0.1,0.05161282861909078,0.07078467684516676,5947722.734994212,2749241079.136785,552173963333.9485,2749241078.1367846,0.11612872764908864,0.12118904350678013
200.0,0.1,0.05161282861909078,0.07078467684516676,13582927.463537408,8355955473.447004,1677134913237.3147,8355955472.447005,0.11612872764908864,0.12118904350678031
208.0,0.1,0.05161282861909078,0.07078467684516676,31019589.631206695,25417918128.321056,5098514417839.1,25417918127.32106,0.11612872764908859,0.12118904350678025
216.0,0.1,0.05161282861909078,0.07078467684516676,70840026.45758635,77378014657.8259,15512206815778.553,77378014656.8259,0.11612872764908855,0.12118904350678025
224.0,0.1,0.05161282861909078,0.07078467684516676,161778714.94028252,235724575486.95404,47231481824221.7,235724575485.95407,0.11612872764908862,0.1211890435067804
232.0,0.1,0.05161282861909078,0.07078467684516676,369457126.3803687,718588319195.8834,143911021468074.25,718588319194.8835,0.11612872764908855,0.12118904350678045
240.0,0.1,0.05161282861909078,0.07078467684516676,843736262.1135042,2191916026866.3176,438772946374327.7,2191916026865.3179,0.11612872764908853,0.12118904350678045
248.0,0.1,0.05161282861909078,0.07078467684516676,1926856539.430643,6689882055397.363,1338596856389484.0,6689882055396.362,0.11612872764908852,0.12118904350678036
256.0,0.1,0.05161282861909078,0.07078467684516676,4400398904.565713,20429031114980.117,4086077721350445.5,20429031114979.113,0.11612872764908849,0.1211890435067805
264.0,0.1,0.05161282861909078,0.07078467684516676,10049274620.63407,62416191495596.234,1.247942596701173e+16,62416191495595.234,0.11612872764908852,0.12118904350678071
272.0,0.1,0.05161282861909078,0.07078467684516676,22949719466.60066,190789147158090.12,3.813286894245947e+16,190789147158089.06,0.11612872764908853,0.12118904350678066
280.0,0.1,0.05161282861909078,0.07078467684516676,52410710571.50965,583451608390677.9,1.1657575126505056e+17,583451608390676.9,0.11612872764908846,0.12118904350678067
288.0,0.1,0.05161282861909078,0.07078467684516676,119691335948.92772,1785006001763149.2,3.565405592366236e+17,1785006001763148.2,0.11612872764908842,0.12118904350678072
296.0,0.1,0.05161282861909078,0.07078467684516676,273341378985.74283,5463211198636468.0,1.0909145698168022e+18,5463211198636468.0,0.11612872764908844,0.12118904350678086
304.0,0.1,0.05161282861909078,0.07078467684516676,624234902831.3005,1.6727089980260032e+16,3.33920916967534e+18,1.6727089980260032e+16,0.11612872764908846,0.12118904350678075
312.0,0.1,0.05161282861909078,0.07078467684516676,1425577112981.2322,5.123281853858291e+16,1.0224883948383609e+19,5.123281853858291e+16,0.11612872764908835,0.12118904350678078
320.0,0.1,0.05161282861909078,0.07078467684516676,3255617550121.39,1.5697250078273114e+17,3.132034586623802e+19,1.5697250078273114e+17,0.11612872764908841,0.12118904350678095
24.0,0.15,0.03071128365590481,0.07078467684516676,0.06968411028601969,0.2470864482083422,51.641272984482114,0.0,0.11612872764909457,0.12631679419317365
32.0,0.15,0.03071128365590481,0.07078467684516676,0.11390364336357695,0.6741922099220047,144.60911731738608,0.04697151829410241,0.11612872764908906,0.12631679419317401
40.0,0.15,0.03071128365590481,0.07078467684516676,0.18618362088924775,1.8762583446612788,402.1884575460146,1.0529371113254617,0.11612872764908905,0.12631679419317388
48.0,0.15,0.03071128365590481,0.07078467684516676,0.30433039421560587,5.304801934613234,1127.883553511396,4.3843335457462045,0.11612872764908903,0.12631679419317374
56.0,0.15,0.03071128365590481,0.07078467684516676,0.4974497133586185,15.188885897460576,3199.905392130377,14.215091701017696,0.11612872764908903,0.12631679419317357
64.0,0.15,0.03071128365590481,0.07078467684516676,0.8131170005492772,43.930493343685235,9179.405702006947,42.93279728759117,0.11612872764908894,0.12631679419317363
72.0,0.15,0.03071128365590481,0.07078467684516676,1.3290976732468505,128.09611855373814,26583.668781682027,127.09611855373814,0.116128727649089,0.1263167941931736
80.0,0.15,0.03071128365590481,0.07078467684516676,2.1725048471952753,375.98916016539494,77594.47952875607,374.9891601653949,0.11612872764908891,0.12631679419317343
88.0,0.15,0.03071128365590481,0.07078467684516676,3.5511139670849277,1109.6175774163285,227957.22619879703,1108.617577416329,0.11612872764908888,0.12631679419317335
96.0,0.15,0.03071128365590481,0.07078467684516676,5.804548801585332,3289.5223582701865,673272.1638282842,3288.522358270186,0.1161287276490889,0.12631679419317327
104.0,0.15,0.03071128365590481,0.07078467684516676,9.487948599307767,9789.097056673403,1997348.4936244246,9788.097056673405,0.11612872764908883,0.12631679419317315
112.0,0.15,0.03071128365590481,0.07078467684516676,15.50872801664097,29225.1247841067,5947528.544460567,29224.124784106698,0.1161287276490888,0.12631679419317302
120.0,0.15,0.03071128365590481,0.07078467684516676,25.350120964155796,87493.7391464495,17766262.590420347,87492.73914644953,0.11612872764908878,0.12631679419317288
128.0,0.15,0.03071128365590481,0.07078467684516676,41.43657895139998,262569.9294363487,53215549.99359641,262568.9294363488,0.1161287276490888,0.12631679419317285
136.0,0.15,0.03071128365590481,0.07078467684516676,67.73104071666434,789641.4954220171,159774450.344048,789640.4954220172,0.11612872764908876,0.12631679419317277
144.0,0.15,0.03071128365590481,0.07078467684516676,110.71121199322474,2379162.2069781967,480700385.03782165,2379161.2069781967,0.11612872764908873,0.12631679419317257
152.0,0.15,0.03071128365590481,0.07078467684516676,180.96536434871433,7180210.729801182,1448886373.1167593,7180209.729801182,0.11612872764908876,0.1263167941931725
160.0,0.15,0.03071128365590481,0.07078467684516676,295.80078209122195,21701684.803715426,4374201350.940041,21701683.80371543,0.11612872764908874,0.12631679419317246
168.0,0.15,0.03071128365590481,0.07078467684516676,483.50745459320353,65679263.88414397,13224935247.887804,65679262.88414397,0.1161287276490888,0.1263167941931724
176.0,0.15,0.03071128365590481,0.07078467684516676,790.3273851896147,199015238.78137314,40036451645.77359,199015237.78137314,0.11612872764908873,0.12631679419317227
184.0,0.15,0.03071128365590481,0.07078467684516676,1291.8464231459943,603698145.5632112,121347484481.0095,603698144.5632112,0.11612872764908871,0.12631679419317218
192.0,0.15,0.03071128365590481,0.07078467684516676,2111.6150246960055,1833104730.096363,368190407799.3734,1833104729.096363,0.11612872764908864,0.12631679419317204
200.0,0.15,0.03071128365590481,0.07078467684516676,3451.58521371546,5571245804.503933,1118253023160.7644,5571245803.503933,0.11612872764908864,0.126316794193172
208.0,0.15,0.03071128365590481,0.07078467684516676,5641.861962624688,16946617235.564205,3399367511426.054,16946617234.564209,0.11612872764908859,0.12631679419317188
216.0,0.15,0.03071128365590481,0.07078467684516676,9222.02536933667,51588289832.11594,10342257859980.838,51588289831.115944,0.11612872764908855,0.1263167941931718
224.0,0.15,0.03071128365590481,0.07078467684516676,15074.057549810108,157156212742.46066,31489386023239.152,157156212741.4607,0.11612872764908862,0.12631679419317168
232.0,0.15,0.03071128365590481,0.07078467684516676,24639.621115174974,479073215979.2261,95944497098751.77,479073215978.22614,0.11612872764908855,0.1263167941931716
240.0,0.15,0.03071128365590481,0.07078467684516676,40275.21632402316,1461309028551.614,292523718524691.0,1461309028550.6143,0.11612872764908853,0.12631679419317152
248.0,0.15,0.03071128365590481,0.07078467684516676,65832.71075332619,4459991437051.416,892416507843013.2,4459991437050.416,0.11612872764908852,0.1263167941931715
256.0,0.15,0.03071128365590481,0.07078467684516676,107608.25640919057,13619509210683.188,2724092957416990.5,13619509210682.188,0.11612872764908849,0.12631679419317132
264.0,0.15,0.03071128365590481,0.07078467684516676,175893.36235620614,41611138131306.67,8319708393954213.0,41611138131305.67,0.11612872764908852,0.12631679419317132
272.0,0.15,0.03071128365590481,0.07078467684516676,287510.2334464482,127193527357307.58,2.5422114457002044e+16,127193527357306.58,0.11612872764908853,0.12631679419317113
280.0,0.15,0.03071128365590481,0.07078467684516676,469955.9621188549,388969431820280.75,7.77176151367761e+16,388969431820279.7,0.11612872764908846,0.12631679419317096
288.0,0.15,0.03071128365590481,0.07078467684516676,768176.5051754084,1190007762238271.2,2.3769469976030675e+17,1190007762238270.2,0.11612872764908842,0.126316794193171
296.0,0.15,0.03071128365590481,0.07078467684516676,1255639.2314781712,3642149161149844.5,7.272785871336379e+17,3642149161149843.5,0.11612872764908844,0.12631679419317093
304.0,0.15,0.03071128365590481,0.07078467684516676,2052431.7900963165,1.1151411924783656e+16,2.2261443534638392e+18,1.1151411924783656e+16,0.11612872764908846,0.12631679419317077
312.0,0.15,0.03071128365590481,0.07078467684516676,3354845.9998648893,3.4155253779721564e+16,6.816600215571148e+18,3.4155253779721564e+16,0.11612872764908835,0.12631679419317057
320.0,0.15,0.03071128365590481,0.07078467684516676,5483734.824766716,1.0464842613105861e+17,2.088025488010859e+19,1.0464842613105861e+17,0.11612872764908841,0.12631679419317068
