time,norm,orthogonal_krylov_spread,biorthogonal_krylov_spread
0.0,1.0,0.0,0.0
0.5000000000000001,0.635611160047313,0.21934314971797864,0.05944179423633089
1.0000000000000004,0.501530724917286,0.6655926925973138,0.2085270168337545
1.5000000000000009,0.4399531132878876,1.1311496789817048,0.3945188635417028
2.0000000000000013,0.4057042979137306,1.5772169536974379,0.5834135607384505
2.5000000000000018,0.3843372137874081,2.0067210935482582,0.7625282007910237
3.000000000000002,0.370162658666403,2.4246489131808016,0.9294111517860164
3.5000000000000027,0.3604858572785061,2.8343210085797166,1.0849003230644836
4.000000000000003,0.35385047349074644,3.237888404364454,1.2305134229888994
4.499999999999992,0.3493935921131813,3.636806122592812,1.3676914341207076
4.999999999999981,0.34656857217980325,4.032099218964614,1.4976412161232542
5.499999999999971,0.3450111070875672,4.42451322272482,1.621342056181792
5.99999999999996,0.3444685411160656,4.814604216758499,1.7395863848242474
6.499999999999949,0.344759946904537,5.202795621407227,1.8530200688948462
6.999999999999939,0.34575232197287087,5.589415478592248,1.962175048203872
7.499999999999928,0.3473457521810209,5.974721743145964,2.0674943166871267
7.999999999999917,0.3494638145421719,6.358919904350396,2.1693507690529805
8.499999999999908,0.3520471701030027,6.742175543492527,2.2680614390360643
8.999999999999897,0.3550491685818474,7.124623457489761,2.363898340802733
9.499999999999886,0.3584327607851505,7.506374400202477,2.4570968100215405
9.999999999999876,0.36216828401934065,7.8875201379296005,2.5478619931581394
10.499999999999865,0.36623184405793796,8.268137291002992,2.6363739523762306
10.999999999999854,0.3706041133300376,8.648290287686333,2.7227917243771227
11.499999999999844,0.37526942497052534,9.028033659898366,2.807256580138631
11.999999999999833,0.38021508073720556,9.407413844831773,2.8898946676276718
12.499999999999822,0.38543081589349987,9.786470611438652,2.970819173148151
12.999999999999812,0.3909083809015099,10.16523819917088,3.0501321034788282
13.499999999999801,0.3966412111515594,10.543746233922969,3.1279257665208413
13.99999999999979,0.4026241638193849,10.922020469967496,3.204284010171146
14.49999999999978,0.40885330646083806,11.30008339489747,3.2792832657377877
14.999999999999769,0.4153257458810177,11.677954725912628,3.3529934321401833
15.499999999999758,0.42203948864562923,12.05565181932599,3.4254786294942017
15.999999999999748,0.42899332666770934,12.4331900103118,3.49679784482936
16.499999999999737,0.4361867428265482,12.810582896234708,3.5670054881659414
16.999999999999726,0.44361983271147204,13.187842574086517,3.6361518736610257
17.499999999999716,0.45129323943810606,13.564979840389526,3.7042836377718813
17.999999999999705,0.45920809913413146,13.942004360244958,3.771444104203418
18.499999999999694,0.46736599518903504,14.31892481089215,3.8376736036704258
18.999999999999684,0.47576891974651536,14.695749004112983,3.9030097551147946
19.499999999999673,0.4844192412171165,15.072483991000931,3.967487713897276
19.999999999999662,0.4933196768228944,15.449136151965948,4.031140391574942
20.499999999999652,0.5024732693707074,15.825711274328846,4.093998651134835
20.99999999999964,0.5118833675974384,16.20221461944286,4.156091480947478
21.49999999999963,0.521553609547647,16.578650980944378,4.217446150203925
21.99999999999962,0.531487908538296,16.95502473546316,4.2780883481863015
22.49999999999961,0.5416904413412496,17.3313398869001,4.338042309377833
22.9999999999996,0.5521656382759899,17.707600105200243,4.397330926131046
23.499999999999588,0.5629181749553891,18.083808760399243,4.455975850371931
23.999999999999577,0.5739529654686955,18.459968952599393,4.513997585615088
24.499999999999567,0.5852751568199146,18.8360835384296,4.5714155703934445
24.999999999999556,0.5968901244679261,19.212155154459484,4.628248254060778
25.499999999999545,0.6088034688380569,19.58818623796774,4.684513165801488
25.999999999999535,0.6210210126943422,19.964179045406034,4.740226977576424
26.499999999999524,0.6335487992780316,20.340135668850575,4.7954055616429905
26.999999999999513,0.6463930911316305,20.716058050692055,4.850064043209931
27.499999999999503,0.6595603695393387,21.091947996779762,4.904216848720105
27.999999999999492,0.6730573345245539,21.46780718820595,4.957877750196582
28.49999999999948,0.6868909053534259,21.84363719189157,5.011059906037098
28.99999999999947,0.7010682215005476,22.219439470113016,5.063775898598196
29.49999999999946,0.715596644038923,22.59521538909123,5.11603776887236
29.99999999999945,0.7304837574215648,22.970966226749095,5.1678570485281075
30.49999999999944,0.7457373716265407,23.34669317972929,5.219244789553928
30.999999999999428,0.7613655246411497,23.722397369753743,5.270211591721404
31.499999999999417,0.7773764852642574,24.098079849395337,5.3207676280603025
31.999999999999407,0.7937787562087133,24.473741607324445,5.370922668518687
32.49999999999948,0.8105810774883074,24.84938357308499,5.420686101963548
32.99999999999956,0.8277924300759256,25.22500662144862,5.470066956661906
33.49999999999964,0.8454220398215002,25.600611576389863,5.519073919368744
33.999999999999716,0.8634793816200499,25.97619921471995,5.567715353135756
34.499999999999794,0.8819741838216009,26.351770269413336,5.615999313944104
34.99999999999987,0.9009164328761095,26.72732543265653,5.663933566254719
35.49999999999995,0.9203163782076765,27.102865358646046,5.711525597560958
36.00000000000003,0.9401845373133921,27.47839066615916,5.758782632020718
36.50000000000011,0.9605317010830876,27.853901940918767,5.805711643238161
37.000000000000185,0.9813689393371025,28.22939973777126,5.852319366258994
37.50000000000026,1.002707606579931,28.60488458269447,5.898612308837591
38.00000000000034,1.024559347968294,28.980356974650974,5.944596762029286
38.50000000000042,1.0469361054927957,29.355817387300355,5.990278810156536
39.0000000000005,1.0698501243728893,29.731266270583053,6.035664340193612
39.500000000000576,1.0933139596653825,30.106704052186515,6.080759050610731
40.000000000000654,1.117340483087194,30.482131138904094,6.125568459715171
40.50000000000073,1.1419428900534934,30.85754791789549,6.170097913523953
41.00000000000081,1.16713470693277,31.232954757857073,6.214352593199736
41.50000000000089,1.1929297985207448,31.60835201010949,6.258337522079279
42.000000000000966,1.219342375735383,31.983740009609267,6.302057572321352
42.500000000001044,1.2463870035356075,32.35911907589058,6.3455174711989875
43.00000000000112,1.2740786090666056,32.734489513942705,6.388721807059074
43.5000000000012,1.3024324900349258,33.10985161502828,6.431675034970493
44.00000000000128,1.331464323316837,33.48520565744689,6.474381482080498
44.50000000000136,1.36119017380369,33.86055190724828,6.516845352697502
45.000000000001435,1.3916265034882753,34.23589061889897,6.559070733117208
45.50000000000151,1.4227901807964258,34.611222035905854,6.601061596207687
46.00000000000159,1.4546984901683429,34.98654639139987,6.642821805768001
46.50000000000167,1.4873691418943684,35.36186390868279,6.684355120673858
47.00000000000175,1.5208202822101524,35.73717480173982,6.725665198822901
47.500000000001826,1.5550705036563761,36.11247927572026,6.76675560089132
48.000000000001904,1.5901388557084393,36.48777752738885,6.807629793912702
48.50000000000198,1.6260448556817055,36.86306974554951,6.848291154689315
49.00000000000206,1.6628084999181443,37.2383561114433,6.888742973045263
49.50000000000214,1.7004502752603996,37.61363679912268,6.928988454930424
50.00000000000222,1.7389911708195418,37.98891197580279,6.969030725383445
50.500000000002295,1.7784526900429625,38.36418180219141,7.00887283136151
51.00000000000237,1.8188568630890787,38.73944643279821,7.048517744444145
51.50000000000245,1.8602262595157208,39.11470601622341,7.087968363417859
52.00000000000253,1.9025840012892674,39.48996069542573,7.127227516747945
52.50000000000261,1.9459537761217862,39.86521060796817,7.166297964943431
53.000000000002686,1.9903598511435987,40.24045588623869,7.2051824028207685
53.500000000002764,2.0358270869188364,40.61569665764147,7.243883461671478
54.00000000000284,2.0823809518116545,40.99093304475061,7.282403711338722
54.50000000000292,2.13004753671082,41.36616516541482,7.320745662207427
55.000000000003,2.1788535701203258,41.74139313279529,7.358911767112298
55.50000000000308,2.2288264336235257,42.116617055311046,7.396904423167826
56.000000000003155,2.2799941777279105,42.491837036454676,7.434725973524204
56.50000000000323,2.3323855380970175,42.8670531744264,7.472378709052687
57.00000000000331,2.3860299521749733,43.24226556151329,7.509864869963936
57.50000000000339,2.4409575762076745,43.61747428311415,7.547186647362495
58.00000000000347,2.497199302662425,43.99267941627409,7.584346184740488
58.500000000003546,2.5547867780447335,44.367881027547774,7.621345579413414
59.000000000003624,2.6137524211066836,44.74307916995094,7.658186883900768
59.5000000000037,2.674129441435359,45.11827387868753,7.694872107254016
60.00000000000378,2.7359518584018634,45.493465165247706,7.73140321633441
60.50000000000386,2.7992545204409036,45.86865300936214,7.767782137042913
61.000000000003936,2.8640731246170574,46.24383734816418,7.804010755504402
61.500000000004015,2.9304442364158825,46.61901806175372,7.840090919208215
62.00000000000409,2.998405309675085,46.99419495417324,7.876024438107014
62.50000000000417,3.067994706541918,47.36936772859615,7.91181308567578
63.00000000000425,3.139251717306659,47.744535955291774,7.9474585999327125
63.50000000000433,3.2122165799171927,48.11969903067153,7.9829626844236685
64.0000000000044,3.2869304989248502,48.494856125442936,8.01832700917179
64.5000000000043,3.3634356635455,48.87000611960569,8.05355321159369
65.0000000000042,3.44177526444082,49.24514752172978,8.08864289738378
65.5000000000041,3.521993508731451,49.6202783696691,8.123597641367926
66.00000000000401,3.6041356326450593,49.99539610960181,8.15841898832785
66.50000000000391,3.6882479110772883,50.3704974500679,8.19310845379742
67.00000000000381,3.774377663201459,50.74557818751739,8.227667524831997
67.50000000000371,3.862573253103672,51.12063299981147,8.262097660751998
68.00000000000361,3.9528840842440505,51.49565520416006,8.296400293861641
68.50000000000351,4.045360586353574,51.870636476156626,8.330576830143967
69.00000000000341,4.14005419317139,52.24556652691326,8.364628649932989
69.50000000000331,4.23701730921282,52.620432735826434,8.398557108563985
70.00000000000321,4.336303263537812,52.995219737237754,8.432363537002718
70.50000000000311,4.437966248268721,53.36990896020989,8.46604924245445
71.00000000000301,4.542061239391825,53.74447812182023,8.499615508953513
71.50000000000291,4.648643897176671,54.1189006757838,8.533063597934246
72.00000000000281,4.757770443370298,54.49314521983762,8.566394748783921
72.50000000000271,4.8694975121794855,54.86717486712568,8.599610179378434
73.00000000000261,4.983881971954208,55.24094658877623,8.632711086601358
73.50000000000252,5.100980714440448,55.61441053691023,8.665698646847027
74.00000000000242,5.220850408491844,55.987509359390586,8.698574016508193
74.50000000000232,5.343547215227879,56.36017751963954,8.731338332448894
75.00000000000222,5.4691264618115785,56.732340636724686,8.763992712463036
75.50000000000212,5.597642271300475,57.1039148625465,8.796538255719199
76.00000000000202,5.729147146407294,57.474806314251104,8.828976043192235
76.50000000000192,5.863691505495787,57.8449105808437,8.861307138082065
77.00000000000182,6.001323169733075,58.2141123233011,8.893532586220166
77.50000000000172,6.142086801020643,58.58228498719733,8.92565341646419
78.00000000000162,6.286023291125559,58.94929064590915,8.95767064108113
78.50000000000152,6.4331691033214895,59.314979990824156,8.989585256119435
79.00000000000142,6.583555568811725,59.67919248263111,9.021398241770475
79.50000000000132,6.737208141225964,60.04175667475919,9.053110562719679
80.00000000000122,6.894145613537827,60.40249071641477,9.084723168487793
80.50000000000112,7.0543793028168675,60.761203038537666,9.116236993762486
81.00000000000102,7.2179122092810015,61.11769322149407,9.147652958720746
81.50000000000092,7.384738157125017,61.47175303859437,9.17897196934228
82.00000000000082,7.55484092554032,61.82316766474578,9.210194917714283
82.50000000000072,7.728193379182692,62.17171703490831,9.24132268232785
83.00000000000063,7.904756608063001,62.51717733270202,9.27235612836629
83.50000000000053,8.084479087407496,62.85932258569406,9.303296107985666
84.00000000000043,8.267295868439744,63.19792634073106,9.334143460587716
84.50000000000033,8.453127811260634,63.53276339030752,9.36489901308553
85.00000000000023,8.641880871035513,63.86361151946796,9.395563580162102
85.50000000000013,8.833445448533586,64.19025324218426,9.426137964522086
86.00000000000003,9.02769581570444,64.51247749653994,9.456622957136888
86.49999999999993,9.22448962642546,64.8300812693603,9.487019337483378
86.99999999999983,9.423667521822752,65.14287112307662,9.517327873776384
87.49999999999973,9.625052838671733,65.45066460050016,9.547549323195154
87.99999999999963,9.828451428340736,65.75329148667291,9.577684432104045
88.49999999999953,10.033651592573754,66.05059491089995,9.607733936267522
88.99999999999943,10.240424141140734,66.34243227629514,9.637698561059718
89.49999999999933,10.448522575040998,66.62867600851663,9.667579021668692
89.99999999999923,10.657683397553622,66.90921411967769,9.697376023295561
90.49999999999913,10.867626554013135,67.1839505875449,9.727090261348634
90.99999999999903,11.078055999774936,67.45280555395912,9.756722421632745
91.49999999999893,11.28866039444506,67.71571534983177,9.78627318053389
91.99999999999883,11.499113919104795,67.97263235700869,9.815743205199336
92.49999999999874,11.70907721198095,68.22352471970927,9.845133153713313
92.99999999999864,11.918198416813452,68.46837592011458,9.87444367526845
93.49999999999854,12.126114337067243,68.7071842340019,9.903675410333044
93.99999999999844,12.332451688135825,68.9399620831216,9.932828990814329
94.49999999999834,12.536828438797913,69.16673530132726,9.96190504021782
94.99999999999824,12.73885523242209,69.38754233134947,9.990904173802864
95.49999999999814,12.938136877770985,69.60243336860864,10.019826998734521
95.99999999999804,13.13427389873768,69.81146946765541,10.048674114231861
96.49999999999794,13.32686413195241,70.01472162577268,10.077446111712774
96.99999999999784,13.515504360925469,70.21226985703649,10.106143574935427
97.49999999999774,13.699791975239028,70.40420226877102,10.134767080136415
97.99999999999764,13.879326643261866,70.59061415090166,10.16331719616576
98.49999999999754,14.053711986931356,70.77160708725584,10.191794484618768
98.99999999999744,14.222557247320319,70.94728809642469,10.22019949996491
99.49999999999734,14.385478929975317,71.11776880841352,10.248532789673742
99.99999999999724,14.542102419370664,71.28316468199947,10.276794894338037
100.49999999999714,14.692063552260853,71.44359426650064,10.304986347794054
100.99999999999704,14.835010140225322,71.59917851055684,10.333107677239214
101.49999999999694,14.970603432275462,71.7500401195317,10.361159403347084
101.99999999999685,15.098519509026254,71.89630296227679,10.389142040379838
102.49999999999675,15.21845060061549,72.03809152724564,10.41705609629826
102.99999999999665,15.330106321274622,72.175530427309,10.444902072869285
103.49999999999655,15.433214814207936,72.30874395209344,10.472680465771223
103.99999999999645,15.52752380121429,72.43785566623704,10.500391764696698
104.49999999999635,15.612801532279343,72.56298805162085,10.52803645345335
104.99999999999625,15.688837631169534,72.68426219138055,10.555615010062363
105.49999999999615,15.755443833864526,72.80179749332424,10.583127906854905
105.99999999999605,15.812454617465871,72.91571145026457,10.610575610566473
106.49999999999595,15.85972771801013,73.02611943471392,10.637958582429295
106.99999999999585,15.897144536388208,73.1331345253752,10.66527727826271
107.49999999999575,15.924610432324428,73.23686736288471,10.692532148561709
107.99999999999565,15.942054907093302,73.33742603231816,10.719723638583575
108.49999999999555,15.949431676344716,73.43491597005001,10.746852188432767
108.99999999999545,15.946718635065398,73.52943989265452,10.773918233143984
109.49999999999535,15.933917717322334,73.62109774564969,10.800922202763582
109.99999999999525,15.911054654009181,73.7099866700066,10.827864522429264
110.49999999999515,15.87817863234741,73.7962009844753,10.854745612448161
110.99999999999505,15.835361861377383,73.8798321819093,10.881565888373347
111.49999999999496,15.782699048109729,73.96096893790269,10.908325761078734
111.99999999999486,15.720306789392787,74.03969713018378,10.935025636832542
112.49999999999476,15.648322884887147,74.11609986733622,10.961665917369242
112.99999999999466,15.566905576823043,74.19025752554172,10.988246999960067
113.49999999999456,15.476232722451039,74.26224779215563,11.014769277482118
113.99999999999446,15.376500905281398,74.33214571503798,11.041233138486122
114.49999999999436,15.267924491344164,74.400023756668,11.067638967262816
114.99999999999426,15.150734636791153,74.46595185216853,11.093987143908068
115.49999999999416,15.02517825320492,74.52999747045826,11.120278044386684
115.99999999999406,14.891516936979885,74.59222567783546,11.14651204059501
116.49999999999396,14.750025869099481,74.65269920337414,11.172689500422287
116.99999999999386,14.600992691552936,74.71147850558738,11.198810787810851
117.49999999999376,14.444716366518374,74.7686218398763,11.224876262815135
117.99999999999366,14.281506024288433,74.82418532634594,11.250886281659593
118.49999999999356,14.111679805733026,74.87822301762134,11.276841196795484
118.99999999999346,13.935563704884265,74.93078696634814,11.302741356956583
119.49999999999336,13.753490416993982,74.98192729210643,11.328587107213842
119.99999999999326,13.565798197157477,75.03169224750602,11.354378789029033
120.49999999999316,13.37282973432132,75.08012828326737,11.380116740307372
120.99999999999307,13.174931045200925,75.12728011212555,11.405801295449146
121.49999999999297,12.972450392328437,75.17319077142136,11.431432785400439
121.99999999999287,12.76573723013561,75.21790168427106,11.457011537702828
122.49999999999277,12.555141182653095,75.26145271922657,11.482537876542258
122.99999999999267,12.341011056078926,75.30388224835987,11.508012122796934
123.49999999999257,12.123693889138002,75.3452272037209,11.533434594084406
123.99999999999247,11.903534043823138,75.38552313213425,11.558805604807759
124.49999999999237,11.680872338779029,75.42480424831372,11.584125466200966
124.99999999999227,11.456045227265308,75.46310348628361,11.609394486373441
125.49999999999217,11.229384021315875,75.50045254910754,11.634612970353759
125.99999999999207,11.001214163400267,75.53688195693226,11.659781220132633
126.49999999999197,10.771854546590841,75.57242109336232,11.684899534705092
126.99999999999187,10.541616883948294,75.60709825018719,11.709968210111919
127.49999999999177,10.310805127558698,75.64094067048705,11.734987539480342
127.99999999999167,10.079714937389072,75.67397459014873,11.759957813064046
128.49999999999193,9.84863319987609,75.70622527782552,11.784879318282433
128.99999999999218,9.61783759592509,75.73771707337845,11.809752339759244
129.49999999999244,9.38759621777414,75.76847342483791,11.834577159360432
129.9999999999927,9.15816723397146,75.79851692392681,11.85935405623148
130.49999999999295,8.929798601523993,75.82786934018691,11.884083306833986
130.9999999999932,8.702727824100672,75.8565516537521,11.908765184981652
131.49999999999346,8.477181755015971,75.88458408681068,11.933399961875681
131.99999999999372,8.253376443577595,75.9119861338015,11.957987906139492
132.49999999999397,8.031517023256463,75.93877659038635,11.982529283852942
132.99999999999423,7.81179764002719,75.96497358124235,12.007024358585882
133.4999999999945,7.594401419132863,75.99059458671644,12.031473391431195
133.99999999999474,7.379500468448297,76.01565646838462,12.055876641037253
134.499999999995,7.167255916551015,76.04017549355645,12.08023436363986
134.99999999999525,6.9578179835580185,76.06416735876586,12.104546813093615
135.4999999999955,6.751326082748685,76.08764721228718,12.128814240902782
135.99999999999577,6.547908950968826,76.11062967571509,12.153036896251653
136.49999999999602,6.347684805797826,76.13312886464593,12.17721502603439
136.99999999999628,6.150761527458626,76.15515840849625,12.201348874884378
137.49999999999653,5.957236863458831,76.1767314694944,12.225438685203105
137.9999999999968,5.767198653969285,76.19786076087829,12.249484697188581
138.49999999999704,5.580725075973573,76.21855856433329,12.273487148863246
138.9999999999973,5.397884904257078,76.23883674670103,12.297446276101489
139.49999999999756,5.218737787346937,76.25870677599018,12.321362312656664
139.9999999999978,5.0433345365634645,76.27817973671876,12.345235490187708
140.49999999999807,4.87171742639882,76.29726634461616,12.369066038285315
140.99999999999832,4.703920504499113,76.315976960712,12.39285418449771
141.49999999999858,4.539969909590984,76.33432160483862,12.41660015435597
141.99999999999883,4.379884195762375,76.35230996857173,12.440304171398987
142.4999999999991,4.223674661579075,76.36995142763384,12.463966457198017
142.99999999999935,4.0713456825930034,76.38725505378339,12.487587231380827
143.4999999999996,3.922895045874533,76.40422962621197,12.511166711655495
143.99999999999986,3.7783142852789,76.42088364247091,12.53470511383381
144.5000000000001,3.6375890162353897,76.43722532894743,12.55820265185432
145.00000000000037,3.500699268926985,76.45326265091022,12.581659537805006
145.50000000000063,3.3676198188071287,76.46900332214281,12.60507598194563
146.00000000000088,3.2383205134787505,76.48445481418304,12.628452192729705
146.50000000000114,3.1127665950383188,76.49962436518513,12.65178837682616
147.0000000000014,2.990919017064115,76.5145189884215,12.67508473914064
147.50000000000165,2.8727347555028575,76.52914548043924,12.69834148283651
148.0000000000019,2.758167112781885,76.5435104288867,12.72155880935552
148.50000000000216,2.6471660145452276,76.5576202200244,12.74473691843815
149.00000000000242,2.5396782984806983,76.57148104593372,12.767876008143677
149.50000000000267,2.435647994771523,76.58509891143672,12.790976274869891
150.00000000000293,2.33501659776981,76.59847964073934,12.814037913372577
150.50000000000318,2.237723328550236,76.61162888381025,12.83706111678465
151.00000000000344,2.1437053880605155,76.62455212250615,12.860046076635008
151.5000000000037,2.052898200640574,76.6372546764551,12.882992982867158
152.00000000000395,1.965235647734671,76.64974170870774,12.905902023857507
152.5000000000042,1.8806502916700643,76.66201823116666,12.928773386433392
153.00000000000446,1.7990735894221452,76.67408910980313,12.951607255890883
153.50000000000472,1.7204360963292753,76.68595906967069,12.974403816012261
154.00000000000497,1.6446676597608656,76.69763269972358,12.997163249083318
154.50000000000523,1.5716976027795935,76.70911445744902,13.019885735910307
155.00000000000549,1.5014548978730748,76.72040867332062,13.042571455836764
155.50000000000574,1.4338683308618891,76.73151955508098,13.065220586759967
156.000000000006,1.3688666551196305,76.74245119186011,13.087833305147225
156.50000000000625,1.306378736266739,76.75320755813719,13.11040978605194
157.0000000000065,1.2463336875233129,76.76379251755182,13.132950203129402
157.50000000000676,1.188660995927035,76.77420982657091,13.15545472865235
158.00000000000702,1.1332906396408302,76.78446313801787,13.177923533526377
158.50000000000728,1.0801531965910565,76.79455600446904,13.200356787305035
159.00000000000753,1.0291799446909784,76.80449188152357,13.222754658204773
159.5000000000078,0.9803029539161223,76.81427413095116,13.245117313119664
160.00000000000804,0.9334551705079767,76.82390602372367,13.267444917635892
160.5000000000083,0.8885704935904674,76.83339074293436,13.289737636046073
161.00000000000855,0.8455838444898548,76.84273138661024,13.311995631363352
161.5000000000088,0.8044312290532551,76.85193097042112,13.334219065335308
162.00000000000907,0.7650497932639982,76.86099243029017,13.356408098457669
162.50000000000932,0.7273778724536284,76.86991862490952,13.378562889987835
163.00000000000958,0.6913550344106043,76.8787123381651,13.400683597958205
163.50000000000983,0.6569221166848105,76.88737628147395,13.422770379189341
164.0000000000101,0.6240212583849174,76.89591309603809,13.444823389302934
164.50000000001035,0.5925959267625476,76.90432535501749,13.466842782734588
165.0000000000106,0.5625909388732078,76.91261556562614,13.488828712746443
165.50000000001086,0.533952478599119,76.92078617115386,13.510781331439615
166.0000000000111,0.5066281093135255,76.92883955291673,13.532700789766487
166.50000000001137,0.4805667824598445,76.93677803213906,13.554587237542803
167.00000000001162,0.4557188423122466,76.9446038717698,13.576440823459611
167.50000000001188,0.43203602717698103,76.95231927823558,13.598261695095069
168.00000000001214,0.4094714672860691,76.95992640313283,13.620049998926055
168.5000000000124,0.3879796796269394,76.9674273448619,13.641805880339627
169.00000000001265,0.3675165599432488,76.97482415020478,13.66352948364437
169.5000000000129,0.3480393721335669,76.98211881584879,13.68522095208155
170.00000000001316,0.329506735265869,76.9893132898586,13.706880427836124
170.50000000001342,0.31187860841692094,76.99640947309807,13.728508052047612
171.00000000001367,0.29511627353671316,77.00340922060424,13.75010396482085
171.50000000001393,0.2791823165291384,77.01031434291507,13.771668305236561
172.00000000001418,0.26404060673115726,77.01712660735254,13.793201211361787
172.50000000001444,0.2496562749637969,77.02384773926337,13.814702820260248
173.0000000000147,0.2359956903195008,77.03047942321798,13.836173268002476
173.50000000001495,0.22302643584164217,77.03702330417042,13.857612689675891
174.0000000000152,0.2107172832434335,77.04348098857953,13.879021219394687
174.50000000001546,0.19903816680505593,77.04985404549383,13.900398990309652
175.00000000001572,0.1879601565795972,77.05614400760068,13.921746134617806
175.50000000001597,0.17745543103035746,77.0623523722415,13.943062783571953
176.00000000001623,0.16749724921426515,77.06848060239405,13.964349067490074
176.50000000001648,0.15805992261855908,77.07453012762312,13.985605115764661
177.00000000001674,0.1491187867505469,77.08050234500064,14.006831056871839
177.500000000017,0.14065017257315113,77.08639861999642,14.028027018380476
178.00000000001725,0.13263137787211476,77.09222028734055,14.049193126961098
178.5000000000175,0.12504063863415907,77.09796865185851,14.070329508394723
179.00000000001776,0.11785710050907033,77.10364498927993,14.091436287581601
179.50000000001802,0.11106079042264869,77.1092505470217,14.112513588549799
180.00000000001828,0.1046325884016716,77.11478654494701,14.13356153446371
180.50000000001853,0.09855419966651599,77.1202541761004,14.154580247632468
181.0000000000188,0.0928081270418377,77.12565460742013,14.175569849518219
181.50000000001904,0.08737764373072744,77.13098898042854,14.196530460744315
182.0000000000193,0.08224676649304165,77.13625841190115,14.217462201103402
182.50000000001955,0.07740022926414193,77.14146399451523,14.238365189565409
183.0000000000198,0.0728234572460636,77.14660679747877,14.259239544285437
183.50000000002007,0.068502541499164,77.15168786713993,14.280085382611539
184.00000000002032,0.06442421405857264,77.1567082275786,14.300902821092444
184.50000000002058,0.06057582359626571,77.16166888117962,14.321691975485127
185.00000000002083,0.05694531164631688,77.16657080918915,14.342452960762332
185.5000000000211,0.053521189407819456,77.17141497225423,14.363185891119995
186.00000000002134,0.05029251513713141,77.17620231094638,14.383890879984568
186.5000000000216,0.04724887213845231,77.18093374626962,14.404568040020262
187.00000000002186,0.044380347359292555,77.18561018015355,14.425217483136183
187.5000000000221,0.04167751059513466,77.19023249593187,14.445839320493418
188.00000000002237,0.039131394305502415,77.19480155880693,14.466433662512008
188.50000000002262,0.03673347404174124,77.19931821630072,14.487000618877834
189.00000000002288,0.034475649485062355,77.20378329869291,14.507540298549467
189.50000000002314,0.03235022609180682,77.2081976194459,14.528052809764857
190.0000000000234,0.03034989734143593,77.2125619756179,14.548538260048021
190.50000000002365,0.02846772758144302,77.21687714826412,14.568996756215608
191.0000000000239,0.02669713546220196,77.22114390282638,14.589428404383385
191.50000000002416,0.025031877953711038,77.22536298951178,14.609833309972688
192.00000000002441,0.02346603493525147,77.22953514366053,14.630211577716727
192.50000000002467,0.021993994348149148,77.23366108610345,14.650563311666893
193.00000000002493,0.020610437901100898,77.23774152350944,14.67088861519894
193.50000000002518,0.019310327316894593,77.2417771487231,14.69118759101911
194.00000000002544,0.01808889110881089,77.24576864109306,14.7114603411702
194.5000000000257,0.01694161187453577,77.24971666679124,14.731706967037526
195.00000000002595,0.015864214095032615,77.25362187912305,14.751927569354857
195.5000000000262,0.014852652425513847,77.25748491882923,14.772122248210245
196.00000000002646,0.013903100465410071,77.2613064143794,14.79229110305183
196.50000000002672,0.013011939994054365,77.26508698225742,14.812434232693533
197.00000000002697,0.01217575065867518,77.26882722723923,14.832551735320695
197.50000000002723,0.01139130010121927,77.27252774266287,14.852643708495693
198.00000000002748,0.010655534510501354,77.27618911069155,14.872710249163422
198.50000000002774,0.009965569586195851,77.27981190256911,14.892751453656798
199.000000000028,0.0093186819012436,77.28339667886928,14.912767417702089
199.50000000002825,0.00871230064933988,77.28694398973782,14.932758236424318
200.0000000000285,0.008143999764295152,77.2904543751283,14.95272400435249
200.50000000002876,0.007611490398213706,77.29392836503175,14.972664815424832
201.00000000002902,0.0071126137456147525,77.29736647970022,14.992580762993924
201.50000000002927,0.006645334200822201,77.30076922986429,15.012471939831823
202.00000000002953,0.0062077328361711415,77.30413711694514,15.032338438135099
202.5000000000298,0.005798001188817818,77.30747063326089,15.052180349529808
203.00000000003004,0.005414435344193839,77.31077026222759,15.071997765076423
203.5000000000303,0.005055430304411722,77.31403647855522,15.09179077527474
204.00000000003055,0.004719474630206087,77.31726974843829,15.111559470068645
204.5000000000308,0.004405145345280663,77.32047052974175,15.13130393885094
205.00000000003106,0.00411110309222411,77.3236392721822,15.15102427046801
205.50000000003132,0.00383608752945603,77.3267764175042,15.170720553224522
206.00000000003158,0.0035789129589666123,77.32988239965252,15.190392874888019
206.50000000003183,0.0033384641749182515,77.33295764493954,15.21004132269349
207.0000000000321,0.0031136925234835477,77.33600257220877,15.229665983347882
207.50000000003234,0.00290361216460044,77.33901759299418,15.249266943034556
208.0000000000326,0.0027072965266308367,77.34200311167555,15.268844287417716
208.50000000003286,0.0025238749452129792,77.34495952562976,15.288398101646772
209.0000000000331,0.0023525294778991347,77.3478872253786,15.30792847036065
209.50000000003337,0.002192491886468356,77.35078659473274,15.32743547769208
210.00000000003362,0.002043040779098281,77.35365801093226,15.346919207271819
210.50000000003388,0.001903498904869684,77.35650184478354,15.36637974223283
211.00000000003413,0.001773230593362318,77.35931846079293,15.385817165214416
211.5000000000344,0.0016516393323799253,77.36210821729728,15.405231558366339
212.00000000003465,0.001538165477115905,77.36487146659103,15.424623003352838
212.5000000000349,0.0014322840843385897,77.36760855505032,15.443991581356652
213.00000000003516,0.0013335028654361833,77.37031982325428,15.463337373082991
213.5000000000354,0.001241360252415905,77.37300560610304,15.482660458763442
214.00000000003567,0.0011554235711996074,77.3756662329333,15.50196091815987
214.50000000003593,0.0010752873167989344,77.37830202763087,15.521238830568242
215.00000000003618,0.0010005715251868777,77.38091330874066,15.540494274822434
215.50000000003644,0.0009309202369093195,77.38350038957395,15.559727329298
216.0000000000367,0.0008660000476997219,77.38606357831327,15.578938071915875
216.50000000003695,0.0008054987415726356,77.38860317811474,15.598126580146076
217.0000000000372,0.0007491240020770564,77.39111948720785,15.617292931011336
217.50000000003746,0.0006966021975889831,77.39361279899337,15.636437201090722
218.00000000003772,0.0006476772367138464,77.39608340213826,15.65555946652318
218.50000000003797,0.0006021094900538615,77.39853158066913,15.67465980301109
219.00000000003823,0.0005596747747729251,77.40095761406302,15.693738285823766
219.50000000003848,0.0005201633985625053,77.40336177733626,15.712794989800893
220.00000000003874,0.0004833792597762202,77.40574434113134,15.731829989355969
220.500000000039,0.00044913900065855197,77.40810557180167,15.750843358479685
221.00000000003925,0.00041727121074457916,77.4104457314945,15.769835170743281
221.5000000000395,0.00038761567765285566,77.41276507823196,15.788805499301892
222.00000000003976,0.000360022682632768,77.41506386599009,15.807754416897787
222.50000000004002,0.0003343523383610445,77.4173423447764,15.82668199586367
223.00000000004027,0.0003104739666097075,77.41960076070534,15.845588308125865
223.50000000004053,0.0002882655135298364,77.42183935607235,15.864473425207517
224.00000000004079,0.0002676130004121999,77.42405836942608,15.883337418231774
224.50000000004104,0.00024841000789729774,77.42625803563905,15.90218035792486
225.0000000000413,0.00023055719171378712,77.42843858597685,15.921002314619217
225.50000000004155,0.00021396182812583202,77.43060024816555,15.93980335825653
226.0000000000418,0.00019853738736676867,77.43274324645793,15.958583558390785
226.50000000004206,0.00018420313342879533,77.43486780169803,15.977342984191251
227.00000000004232,0.00017088374866633637,77.43697413138439,15.996081704445478
227.50000000004258,0.00015850898175446054,77.43906244973185,16.014799787562197
228.00000000004283,0.00014701331762341204,77.44113296773207,16.03349730157428
228.5000000000431,0.00013633566806610096,77.44318589321263,16.052174314141592
229.00000000004334,0.0001264190817874472,77.44522143089505,16.07083089255384
229.5000000000436,0.00011721047273293457,77.44723978245128,16.089467103733444
230.00000000004385,0.00010866036559875759,77.44924114655922,16.10808301423831
230.5000000000441,0.00010072265748767006,77.45122571895693,16.12667869026457
231.00000000004437,9.335439473322453e-05,77.45319369249577,16.14525419764939
231.50000000004462,8.651556397064928e-05,77.45514525719217,16.163809601873652
232.00000000004488,8.01688965852858e-05,77.45708060027877,16.18234496806465
232.50000000004513,7.427968571942987e-05,77.45899990625387,16.20086036099874
233.0000000000454,6.881561506570786e-05,77.4609033569304,16.21935584510403
233.50000000004565,6.37465987198998e-05,77.46279113148347,16.23783148446294
234.0000000000459,5.9044631408503714e-05,77.46466340649718,16.25628734281483
234.50000000004616,5.468364844644057e-05,77.46652035601029,16.274723483558535
235.0000000000464,5.063939481822735e-05,77.46836215156101,16.29313996975493
235.50000000004667,4.6889302811806796e-05,77.47018896223076,16.31153686412942
236.00000000004692,4.341237766811439e-05,77.47200095468729,16.329914229074454
236.50000000004718,4.0189090741481946e-05,77.47379829322658,16.348272126651988
237.00000000004744,3.720127969621757e-05,77.47558113981408,16.366610618595914
237.5000000000477,3.443205529325064e-05,77.47734965412509,16.3849297663145
238.00000000004795,3.186571434767402e-05,77.47910399358422,16.403229630892774
238.5000000000482,2.9487658463435538e-05,77.48084431340413,16.421510273094903
239.00000000004846,2.7284318175405292e-05,77.48257076662354,16.439771753366553
239.50000000004871,2.5243082151648316e-05,77.48428350414429,16.45801413183722
240.00000000004897,2.335223113003654e-05,77.48598267476775,16.476237468322513
240.50000000004923,2.160087628340702e-05,77.48766842523065,16.494441822326465
241.00000000004948,1.9978901726380865e-05,77.48934090023982,16.5126272530438
241.50000000004974,1.847691089476112e-05,77.49100024250674,16.530793819362167
242.00000000005,1.708617654518746e-05,77.49264659278084,16.548941579864366
242.50000000005025,1.5798594138497614e-05,77.49428008988266,16.56707059283054
243.0000000000505,1.4606638385083676e-05,77.49590087073591,16.585180916240397
243.50000000005076,1.3503322744486953e-05,77.49750907039933,16.603272607775295
244.00000000005102,1.2482161684596838e-05,77.49910482209746,16.621345724820475
244.50000000005127,1.1537135518153604e-05,77.50068825725126,16.63940032446712
245.00000000005153,1.0662657645845747e-05,77.50225950550774,16.657436463514465
245.50000000005178,9.853544046181997e-06,77.50381869476928,16.6754541984719
246.00000000005204,9.104984862545398e-06,77.50536595122233,16.69345358556103
246.5000000000523,8.412517947440166e-06,77.50690139936532,16.711434680717712
247.00000000005255,7.772004232956714e-06,77.50842516203645,16.72939753959407
247.5000000000528,7.179604804940417e-06,77.5099373604406,16.747342217560526
248.00000000005306,6.631759566287327e-06,77.51143811417585,16.765268769707774
248.50000000005332,6.125167382235521e-06,77.51292754125943,16.783177250848752
249.00000000005357,5.6567676075030305e-06,77.51440575815334,16.8010677155206
249.50000000005383,5.2237229016692835e-06,77.51587287978927,16.818940217986608
250.0000000000541,4.823403245332761e-06,77.5173290195932,16.836794812238086
250.50000000005434,4.453371075327251e-06,77.51877428950947,16.85463155199632
251.0000000000546,4.111367462665766e-06,77.52020880002436,16.872450490714442
251.50000000005485,3.7952992619266715e-06,77.52163266018924,16.89025168157925
252.0000000000551,3.503227165521252e-06,77.52304597764356,16.90803517751314
252.50000000005537,3.2333546007053255e-06,77.52444885863679,16.925801031175855
253.00000000005562,2.984017411337821e-06,77.52584140805061,16.943549294966353
253.50000000005588,2.7536742702637483e-06,77.5272237294203,16.961280021024603
254.00000000005613,2.5408977718239405e-06,77.52859592495582,16.97899326123335
254.5000000000564,2.344366157384724e-06,77.52995809556258,16.99668906721989
255.00000000005664,2.1628556299516864e-06,77.53131034086172,17.014367490357834
255.5000000000569,1.995233216896581e-06,77.53265275921004,17.032028581768827
256.0000000000571,1.8404501425979864e-06,77.53398544771962,17.049672392324293
256.5000000000567,1.6975356753866119e-06,77.53530850227705,17.067298972647095
257.0000000000562,1.5655914156066151e-06,77.53662201756227,17.08490837311329
257.50000000005576,1.4437859938654404e-06,77.53792608706716,17.10250064385377
258.0000000000553,1.3313501506568009e-06,77.5392208031137,17.12007583475592
258.50000000005485,1.2275721705137218e-06,77.54050625687175,17.13763399546525
259.0000000000544,1.1317936456901038e-06,77.54178253837682,17.155175175387082
259.50000000005394,1.0434055460882827e-06,77.54304973654706,17.17269942368812
260.0000000000535,9.618445737544402e-07,77.5443079392003,17.190206789298074
260.50000000005303,8.865897817608355e-07,77.54555723307067,17.207697320911233
261.0000000000526,8.171594386905388e-07,77.5467977038249,17.225171066988064
261.5000000000521,7.531081212432048e-07,77.54802943607832,17.242628075756745
262.00000000005167,6.940240186954691e-07,77.5492525134107,17.260068395214763
262.5000000000512,6.395264340825076e-07,77.55046701838161,17.277492073130386
263.00000000005076,5.892634680235379e-07,77.55167303254565,17.294899157044235
263.5000000000503,5.429098720985592e-07,77.55287063646746,17.31228969427077
264.00000000004985,5.001650596011443e-07,77.55405990973622,17.329663731899785
264.5000000000494,4.6075126234702915e-07,77.5552409309802,17.3470213167979
265.00000000004894,4.2441182301471044e-07,77.55641377788098,17.364362495610038
265.5000000000485,3.909096132361403e-07,77.55757852718702,17.38168731476084
266.00000000004803,3.60025568346519e-07,77.55873525472778,17.398995820456175
266.5000000000476,3.315573303455347e-07,77.55988403542689,17.416288058684522
267.0000000000471,3.0531799122133956e-07,77.56102494331532,17.433564075218413
267.50000000004667,2.811349293460791e-07,77.56215805154453,17.45082391561584
268.0000000000462,2.588487321706707e-07,77.56328343239907,17.46806762522162
268.50000000004576,2.383121989293656e-07,77.56440115730923,17.48529524916885
269.0000000000453,2.1938941751385506e-07,77.56551129686328,17.502506832380192
269.50000000004485,2.0195491009457144e-07,77.56661392081952,17.519702419569295
270.0000000000444,1.858928424555135e-07,77.56770909811844,17.53688205524215
270.50000000004394,1.71096292370376e-07,77.56879689689407,17.554045783698353
271.0000000000435,1.5746657268384453e-07,77.5698773844858,17.57119364903253
271.50000000004303,1.4491260507436067e-07,77.57095062744948,17.588325695135573
272.0000000000426,1.3335034076508677e-07,77.57201669156862,17.605441965695995
272.5000000000421,1.2270222471971548e-07,77.57307564186534,17.622542504201196
273.00000000004167,1.1289670011059094e-07,77.5741275426111,17.639627353938756
273.5000000000412,1.0386775007964892e-07,77.57517245733727,17.6566965579977
274.00000000004076,9.555447402917069e-08,77.5762104488455,17.673750159269773
274.5000000000403,8.790069588043351e-08,77.57724157921805,17.690788200450676
275.00000000003985,8.08546019250882e-08,77.57826590982766,17.7078107240413
275.5000000000394,7.436840606750735e-08,77.5792835013476,17.724817772348974
276.00000000003894,6.839804041735242e-08,77.58029441376138,17.741809387488686
276.5000000000385,6.29028693410712e-08,77.58129870637222,17.758785611384265
277.000000000038,5.784542521976827e-08,77.58229643781252,17.77574648576961
277.5000000000376,5.319116428964249e-08,77.58328766605314,17.792692052189867
278.0000000000371,4.8908241060658846e-08,77.58427244841245,17.80962235200259
278.50000000003666,4.4967299919971366e-08,77.58525084156538,17.826537426378952
279.0000000000362,4.1341282629446975e-08,77.586222901552,17.84343731630487
279.50000000003575,3.80052505220262e-08,77.58718868378658,17.860322062582156
280.0000000000353,3.4936220290120597e-08,77.58814824306572,17.87719170582968
280.50000000003485,3.211301234128275e-08,77.58910163357693,17.894046286484492
281.0000000000344,2.9516110772448755e-08,77.59004890890698,17.910885844802934
281.50000000003394,2.7127534084570516e-08,77.59099012204985,17.927710420861754
282.0000000000335,2.4930715824823884e-08,77.59192532541476,17.944520054559234
282.500000000033,2.291039440416478e-08,77.5928545708341,17.961314785616246
283.00000000003257,2.1052511394153692e-08,77.59377790957116,17.97809465357736
283.5000000000321,1.934411765899684e-08,77.59469539232771,17.994859697811933
284.00000000003166,1.7773286726956767e-08,77.59560706925149,18.011609957515148
284.5000000000312,1.632903484994171e-08,77.5965129899437,18.028345471709084
285.00000000003075,1.5001247241447757e-08,77.59741320346613,18.045066279243787
285.5000000000303,1.3780610021338673e-08,77.59830775834838,18.061772418798277
286.00000000002984,1.2658547431426784e-08,77.5991967025949,18.0784639288816
286.5000000000294,1.162716391866969e-08,77.60008008369186,18.095140847833857
287.00000000002893,1.0679190713212942e-08,77.60095794861412,18.111803213827216
287.5000000000285,9.807936556665747e-09,77.60183034383171,18.128451064866912
288.000000000028,9.007242262059505e-09,77.60269731531666,18.145084438792267
288.50000000002757,8.271438811060969e-09,77.6035589085494,18.16170337327765
289.0000000000271,7.595308716334763e-09,77.60441516852516,18.178307905833506
289.50000000002666,6.974050397605998e-09,77.60526613976039,18.194898073807284
290.0000000000262,6.403245339084732e-09,77.60611186629879,18.211473914384435
290.50000000002575,5.878827813594236e-09,77.60695239171754,18.228035464589375
291.0000000000253,5.3970569750990944e-09,77.60778775913343,18.24458276128642
291.50000000002484,4.954491136455512e-09,77.60861801120855,18.261115841180736
292.0000000000244,4.547964063195055e-09,77.60944319015628,18.277634740819288
292.50000000002393,4.174563127088804e-09,77.61026333774703,18.294139496591747
293.0000000000235,3.831609175199435e-09,77.6110784953139,18.31063014473145
293.500000000023,3.5166379811865055e-09,77.61188870375827,18.327106721316266
294.00000000002257,3.2273831558521687e-09,77.61269400355522,18.343569262269547
294.5000000000221,2.9617604033629847e-09,77.61349443475906,18.360017803361
295.00000000002166,2.717853018315977e-09,77.6142900370086,18.376452380207596
295.5000000000212,2.4938985268870804e-09,77.61508084953235,18.392873028274444
296.00000000002075,2.2882763827570843e-09,77.61586691115386,18.409279782875686
296.5000000000203,2.0994966354000577e-09,77.6166482602966,18.42567267917535
297.00000000001984,1.92618949468441e-09,77.61742493498915,18.442051752188224
297.5000000000194,1.767095721616706e-09,77.61819697287007,18.45841703678073
298.00000000001893,1.6210577804894455e-09,77.61896441119282,18.474768567671738
298.5000000000185,1.4870116927100903e-09,77.61972728683045,18.491106379433436
299.000000000018,1.3639795372209148e-09,77.62048563628053,18.50743050649217
299.50000000001756,1.2510625466966757e-09,77.62123949566961,18.523740983129265
300.0000000000171,1.1474347526565508e-09,77.6219889007579,18.54003784348185
300.50000000001666,1.0523371362729642e-09,77.62273388694385,18.556321121543682
301.0000000000162,9.650722450258558e-10,77.62347448926849,18.572590851165955
301.50000000001575,8.84999238457885e-10,77.62421074241993,18.588847066058086
302.0000000000153,8.115293291536168e-10,77.62494268073766,18.60508979978856
302.50000000001484,7.441215877121727e-10,77.62567033821672,18.621319085785657
303.0000000000144,6.82279082924917e-10,77.62639374851213,18.637534957338318
303.5000000000139,6.255453306230998e-10,77.62711294494281,18.65373744759683
304.0000000000135,5.735010267393649e-10,77.62782796049575,18.66992658957369
304.500000000013,5.257610420449876e-10,77.62853882783008,18.686102416144315
305.00000000001256,4.819716577939439e-10,77.629245579281,18.702264960047827
305.5000000000121,4.4180802313681604e-10,77.62994824686368,18.718414253887786
306.00000000001165,4.049718166726326e-10,77.63064686227719,18.73455033013298
306.5000000000112,3.711890958947702e-10,77.63134145690816,18.750673221118117
307.00000000001074,3.4020831956698395e-10,77.63203206183465,18.766782959044612
307.5000000000103,3.117985292458137e-10,77.63271870782984,18.782879575981276
308.00000000000983,2.857476772537124e-10,77.63340142536563,18.798963103865088
308.5000000000094,2.618610894103539e-10,77.63408024461624,18.81503357450185
309.0000000000089,2.399600517542675e-10,77.63475519546172,18.83109101956698
309.50000000000847,2.1988051133927305e-10,77.63542630749157,18.847135470606162
310.000000000008,2.014718819757457e-10,77.63609361000796,18.86316695903606
310.50000000000756,1.8459594651070316e-10,77.63675713202937,18.879185516145046
311.0000000000071,1.691258479078445e-10,77.63741690229377,18.89519117309386
311.50000000000665,1.549451620033979e-10,77.63807294926195,18.911183960916308
312.0000000000062,1.4194704538001908e-10,77.63872530112087,18.92716391051994
312.50000000000574,1.3003345232278665e-10,77.6393739857867,18.943131052686734
313.0000000000053,1.1911441530203286e-10,77.64001903090815,18.95908541807377
313.50000000000483,1.0910738387053436e-10,77.64066046386951,18.975027037213874
314.0000000000044,9.993661727042174e-11,77.6412983117937,18.990955940516297
314.5000000000039,9.153262642078167e-11,77.64193260154538,19.006872158267374
315.00000000000347,8.383166130283549e-11,77.64256335973388,19.022775720631156
315.500000000003,7.677524007811249e-11,77.64319061271625,19.038666657650065
316.00000000000256,7.030971656833348e-11,77.64381438660003,19.054544999245543
316.5000000000021,6.438588299576413e-11,77.6444347072462,19.070410775218665
317.00000000000165,5.895860513140925e-11,77.64505160027207,19.086264015250787
317.5000000000012,5.3986487227284004e-11,77.64566509105397,19.102104748904186
318.00000000000074,4.943156431966835e-11,77.64627520473009,19.11793300562261
318.5000000000003,4.525901968415826e-11,77.64688196620315,19.133748814731998
318.99999999999983,4.143692540179273e-11,77.64748540014304,19.149552205440997
319.4999999999994,3.7936004159776385e-11,77.64808553098963,19.165343206841627
319.9999999999989,3.4729410561456287e-11,77.64868238295526,19.181121847909843
320.49999999999847,3.179253035928405e-11,77.6492759800273,19.196888157506176
320.999999999998,2.9102796152453594e-11,77.6498663459707,19.212642164376273
321.49999999999756,2.6639518208631427e-11,77.6504535043306,19.228383897151517
321.9999999999971,2.4383729177500033e-11,77.65103747843473,19.244113384349603
322.49999999999665,2.231804156346343e-11,77.65161829139578,19.259830654375122
322.9999999999962,2.0426516916505268e-11,77.652195966114,19.275535735520112
323.49999999999574,1.8694545784478582e-11,77.65277052527931,19.291228655964638
323.9999999999953,1.7108737547626935e-11,77.65334199137402,19.306909443777386
324.4999999999948,1.5656819327427975e-11,77.65391038667472,19.322578126916166
324.9999999999944,1.4327543227407655e-11,77.65447573325487,19.338234733228518
325.4999999999939,1.3110601223854845e-11,77.65503805298692,19.35387929045224
325.99999999999346,1.1996547079791289e-11,77.65559736754466,19.36951182621593
326.499999999993,1.0976724706509533e-11,77.6561536984052,19.385132368039553
326.99999999999255,1.00432024438382e-11,77.6567070668514,19.40074094333494
327.4999999999921,9.188712773358396e-12,77.65725749397373,19.416337579406374
327.99999999999164,8.406597018380293e-12,77.65780500067271,19.431922303451078
328.4999999999912,7.69075462087326e-12,77.65834960766067,19.44749514255975
328.99999999999073,7.035596618983323e-12,77.65889133546399,19.463056123717102
329.4999999999903,6.436002979504131e-12,77.65943020442512,19.478605273802348
329.9999999999898,5.887283467909727e-12,77.65996623470457,19.49414261958977
330.49999999998937,5.385141764509073e-12,77.66049944628283,19.50966818774916
330.9999999999889,4.9256425591280256e-12,77.66102985896238,19.525182004846364
331.49999999998846,4.505181378633524e-12,77.66155749236965,19.54068409734379
331.999999999988,4.120456921743313e-12,77.66208236595685,19.556174491600895
332.49999999998755,3.768445694056064e-12,77.66260449900389,19.571653213874672
332.9999999999871,3.4463787532233045e-12,77.66312391062024,19.587120290320154
333.49999999998664,3.1517203897877857e-12,77.66364061974677,19.602575746990883
333.9999999999862,2.8821485835443623e-12,77.66415464515745,19.61801960983942
334.49999999998573,2.6355370884422018e-12,77.66466600546136,19.633451904717784
334.9999999999853,2.4099390111355655e-12,77.66517471910423,19.64887265737797
335.4999999999848,2.203571759391654e-12,77.66568080437027,19.66428189347239
335.99999999998437,2.0148032467579917e-12,77.66618427938393,19.679679638554365
336.4999999999839,1.8421392492521997e-12,77.66668516211158,19.69506591807855
336.99999999998346,1.6842118184313587e-12,77.66718347036307,19.710440757401447
337.499999999983,1.539768663088781e-12,77.66767922179362,19.72580418178181
337.99999999998255,1.407663419070042e-12,77.66817243390516,19.74115621638115
338.4999999999821,1.286846733350173e-12,77.66866312404821,19.756496886264127
338.99999999998164,1.1763580946183667e-12,77.6691513094233,19.771826216399045
339.4999999999812,1.075318348219772e-12,77.6696370070827,19.78714423165828
339.99999999998073,9.829228384468868e-13,77.67012023393175,19.80245095681871
340.4999999999803,8.984351258931757e-13,77.67060100673065,19.817746416562144
340.9999999999798,8.211812319133932e-13,77.67107934209581,19.83303063547578
341.49999999997937,7.505443662103895e-13,77.67155525650136,19.84830363805263
341.9999999999789,6.859600972160454e-13,77.67202876628076,19.863565448691915
342.49999999997846,6.26911928281222e-13,77.67249988762802,19.878816091699527
342.999999999978,5.729272457608124e-13,77.67296863659944,19.89405559128843
343.49999999997755,5.23573607897766e-13,77.67343502911478,19.90928397157906
343.9999999999771,4.784553459950757e-13,77.67389908095883,19.92450125659977
344.49999999997664,4.372104517362695e-13,77.67436080778273,19.93970747028721
344.9999999999762,3.995077266904483e-13,77.67482022510535,19.954902636486775
345.4999999999757,3.6504417203345983e-13,77.67527734831465,19.970086778952933
345.9999999999753,3.335425983471833e-13,77.67573219266909,19.985259921349712
346.4999999999748,3.04749437037705e-13,77.67618477329883,20.00042208725104
346.99999999997436,2.7843273645285015e-13,77.67663510520711,20.015573300141156
347.4999999999739,2.5438032719157117e-13,77.67708320327155,20.030713583414993
347.99999999997345,2.3239814239257595e-13,77.67752908224546,20.04584296037859
348.499999999973,2.1230867997698164e-13,77.67797275675895,20.06096145424944
348.99999999997254,1.9394959490855736e-13,77.6784142413204,20.076069088156896
349.4999999999721,1.7717241053341669e-13,77.67885355031751,20.091165885142548
349.99999999997164,1.6184133897630695e-13,77.67929069801858,20.10625186816059
350.4999999999712,1.4783220140978036e-13,77.67972569857378,20.1213270600782
350.9999999999707,1.350314397818148e-13,77.68015856601622,20.136391483675904
351.49999999997027,1.2333521229265943e-13,77.68058931426319,20.151445161647942
351.9999999999698,1.1264856555812079e-13,77.68101795711738,20.16648811660264
352.49999999996936,1.0288467698903882e-13,77.68144450826783,20.181520371062774
352.9999999999689,9.396416145980467e-14,77.68186898129134,20.1965419474659
353.49999999996845,8.581443683653809e-14,77.68229138965333,20.21155286816475
353.999999999968,7.836914339173468e-14,77.68271174670912,20.22655315542756
354.49999999996754,7.156761255026494e-14,77.68313006570496,20.241542831438416
354.9999999999671,6.535438079472346e-14,77.68354635977914,20.25652191829763
355.49999999996663,5.967874490919398e-14,77.68396064196295,20.271490438022056
355.9999999999662,5.449435506218012e-14,77.68437292518195,20.28644841254542
356.4999999999657,4.9758842524196476e-14,77.68478322225677,20.301395863718717
356.99999999996527,4.5433479085565124e-14,77.68519154590433,20.31633281331048
357.4999999999648,4.148286548737443e-14,77.68559790873874,20.331259283007174
357.99999999996436,3.787464640521729e-14,77.68600232327246,20.346175294413474
358.4999999999639,3.457924973296727e-14,77.68640480191705,20.361080869052625
358.99999999996345,3.1569648104057505e-14,77.68680535698435,20.375976028366757
359.499999999963,2.8821140761957606e-14,77.68720400068744,20.390860793717238
359.99999999996254,2.6311154051130386e-14,77.68760074514157,20.405735186384934
360.4999999999621,2.401905894591822e-14,77.68799560236504,20.420599227570584
360.99999999996163,2.1926004168680084e-14,77.68838858428023,20.435452938395095
361.4999999999612,2.0014763571103835e-14,77.68877970271456,20.45029633989986
361.9999999999607,1.8269596564897082e-14,77.68916896940127,20.46512945304705
362.49999999996027,1.6676120490879376e-14,77.68955639598045,20.47995229871996
362.9999999999598,1.5221193909650713e-14,77.68994199399992,20.494764897723268
363.49999999995936,1.3892809883223455e-14,77.69032577491608,20.5095672707834
363.9999999999589,1.2679998395942858e-14,77.69070775009477,20.524359438548768
364.49999999995845,1.1572737135295924e-14,77.69108793081226,20.539141421590106
364.999999999958,1.0561869919378833e-14,77.69146632825596,20.553913240400774
365.49999999995754,9.63903211837283e-15,77.69184295352531,20.568674915397015
365.9999999999571,8.796582472836847e-15,77.69221781763267,20.58342646691829
366.49999999995663,8.02754076239325e-15,77.6925909315042,20.59816791522754
366.9999999999562,7.325530824855668e-15,77.69296230598042,20.61289928051148
367.4999999999557,6.684728468386141e-15,77.69333195181737,20.627620582880898
367.99999999995526,6.099813858204759e-15,77.69369987968716,20.64233184237092
368.4999999999548,5.565927995011649e-15,77.69406610017886,20.657033078941303
368.99999999995435,5.0786329348970455e-15,77.69443062379924,20.671724312476698
369.4999999999539,4.633875430365007e-15,77.69479346097361,20.686405562786977
369.99999999995345,4.227953699413507e-15,77.69515462204657,20.70107684960741
370.499999999953,3.857487054612062e-15,77.69551411728271,20.715738192599062
370.99999999995254,3.51938814699356e-15,77.69587195686742,20.730389611348954
371.4999999999521,3.2108376005090235e-15,77.69622815090756,20.745031125370406
371.9999999999516,2.9292608319469218e-15,77.69658270943233,20.75966275410324
372.49999999995117,2.6723068687429316e-15,77.69693564239388,20.77428451691413
372.9999999999507,2.4378289931395167e-15,77.69728695966799,20.788896433096763
