t_left,gamma,kappa,N,power_gain,caves_floor,fixed_drift_value,sdp_noise_Rinf,sdp_noise_R1,explicit_noise_R1,locality_gap_R1,explicit_formula_error,caves_relation_residual
0.1,0.9,0.2,12.0,8.947894398595006,0.8882418639007386,0.9545301507845092,0.9545301291893368,0.9545301679493897,0.9545301507841266,3.876005294500828e-08,-3.8258285428582894e-13,2.733924198139448e-15
0.2,1.1,0.2,20.0,3.6541185044894484,0.726336187846289,0.8987974976601261,0.8987906722615299,0.8987974983655395,0.8987974976598205,6.826104009594047e-06,-3.055333763768431e-13,-4.052314039881821e-15
0.25,1.2,0.2,40.0,3.883210203224816,0.7424811051512099,0.9098320024280301,0.909831982908627,0.9098320037957806,0.9098320024240951,2.0887153562298977e-08,-3.934963466178942e-12,-1.3877787807814457e-15
0.35,1.3,0.2,40.0,7.641763568660734,0.869140154492472,0.9536835287888832,0.9536835246987111,0.9536835695696476,0.9536835287962775,4.487093652194574e-08,7.394307388608468e-12,2.375877272697835e-14
0.4,1.34,0.2,30.0,6.489649368296162,0.8459084700499702,0.944086427763674,0.9440864244678868,0.9440864292809287,0.9440864277807085,4.813041853957145e-09,1.7034484933731164e-11,-1.504352198367087e-14
0.5,1.46,0.2,40.0,6.9977598290961955,0.8570971247338227,0.9490703883904422,0.9490703843594589,0.9490703917064358,0.9490703883843568,7.34697691573416e-09,-6.0854654648778705e-12,-1.6292522886374172e-14
0.25,1.2,0.05,60.0,5.5698343478581185,0.8204614468678857,0.9817232553393034,0.9817231267719658,0.9817232707528614,0.9817232551840397,1.4398089553946392e-07,-1.5526369079310598e-10,8.68749516769185e-15
0.25,1.2,1.0,30.0,6.354640528599374,0.842634686336788,0.8569406239425347,0.8569405763604685,0.8569406240061258,0.8569406239426718,4.764565730841497e-08,1.3711254354120683e-13,1.717376241217039e-16
0.25,1.2,2.0,30.0,7.669880116884182,0.8696198656614413,0.8697830458295809,0.8697830448424019,0.8697830455979096,0.86978304582953,7.555077674581412e-10,-5.084821452783217e-14,-1.3577463806035972e-15
