time,total_occupation,right_edge_occupation,max_occupation,relative_covariance_error
0.0,0.0,0.0,0.0,1.0
1.0,68.11726290124777,0.5324484797297798,0.8640454185972725,0.9999899710935594
2.0,113.63280028000153,0.941001443888833,1.4468581956107505,0.9999793032411122
3.0,152.5194181419867,1.2847243765759508,1.9502381789935264,0.9999678871447281
4.0,188.610704269218,1.5962572523103578,2.4224950815073436,0.9999556128265203
5.0,223.50896026775882,1.8926420887215025,2.8840208737174513,0.9999423721451813
6.0,258.09117614265693,2.1835961749201274,3.346218668690299,0.9999280546661781
7.0,292.9241272862175,2.4753442872457363,3.8166962661965504,0.9999125444715213
8.0,328.4204396808537,2.772332832429293,4.301217582999725,0.9998957178608603
9.0,364.9092851940313,3.0780529804437724,4.8045898963985705,0.9998774415272175
10.0,402.67276930563924,3.395470937234913,5.331124942549698,0.9998575709498589
11.0,441.9665580251028,3.727271795239783,5.8849051361540115,0.9998359488604943
12.0,483.0325314007719,4.076008605316731,6.469951936905278,0.9998124036992613
13.0,526.1071020191866,4.444200416051943,7.090341722309875,0.99978674800777
14.0,571.4270450056079,4.83440159801802,7.750292249661371,0.9997587767224029
15.0,619.2338411285796,5.249254533960016,8.454232305044261,0.9997282653392541
16.0,669.7771072213825,5.691532573842311,9.206861847199294,0.9996949679261609
17.0,723.3174591321318,6.164177395795898,10.013207131728796,0.9996586149590225
18.0,780.129023683108,6.670333382548375,10.87867372649143,0.9996189109599658
19.0,840.5017407674445,7.213380742062393,11.809099419640026,0.999575531914391
20.0,904.7435510628201,7.796968580314158,12.810808483809527,0.9995281224428114
21.0,973.1825363687908,8.425048820430483,13.890668438224806,0.9994762927018267
22.0,1046.1690613706292,9.101911672127843,15.05615025959994,0.9994196149866243
23.0,1124.0779537523244,9.832223241287041,16.315392884066952,0.9993576200051553
24.0,1207.3107516975892,10.621065804052952,17.67727278756085,0.999289792791568
25.0,1296.298042517958,11.47398123667455,19.151479414054283,0.9992155682236431
26.0,1391.501912551551,12.397018081425708,20.748597229393692,0.9991343261058416
27.0,1493.4185260231282,13.396782734221803,22.480195206856084,0.9990453857761423
28.0,1602.5808488787238,14.480495257154754,24.358924595017932,0.9989480001911148
29.0,1719.5615324607666,15.656050346756421,26.39862587677466,0.9988413494396173
30.0,1844.975971103775,16.93208402495399,28.614445899078156,0.9987245336311228
31.0,1979.485547187585,18.31804666361332,31.02296623557736,0.9985965650999447
32.0,2123.8010767980204,19.824283004914648,33.64234393875725,0.9984563598615526
33.0,2278.6864688483083,21.462119898511794,36.492465944644906,0.9983027282517143
34.0,2444.962610256179,23.243962542658632,39.5951185122437,0.9981343646733739
35.0,2623.511489507836,25.183400090590514,42.97417321235981,0.9979498363699958
36.0,2815.280570632025,27.295321565914417,46.655791127405,0.9977475711375268
37.0,3021.2874292189626,29.596043122211697,50.668647086268244,0.9975258438802299
38.0,3242.6246616140425,32.10344778323111,55.04417593785449,0.9972827619083979
39.0,3480.4650777582256,34.83713891180351,59.81684306499456,0.997016248868433
40.0,3736.0671872967337,37.818608778916584,65.02444155843497,0.9967240271880278
41.0,4010.7809874927902,41.07142374034084,70.7084187121078,0.9964035989112899
42.0,4306.054060116916,44.621427678017646,76.91423476456077,0.9960522247907293
43.0,4623.437982782692,48.49696552846264,83.69175710260342,0.9956669014952203
44.0,4964.595058108592,52.729128902205346,91.09569347537347,0.995244336785567
45.0,5331.305361536601,57.35202599844137,99.1860680873427,0.9947809225023917
46.0,5725.474105557783,62.40307823945129,108.0287448670765,0.9942727052050557
47.0,6149.139314398513,67.92334629196823,117.69600271224324,0.9937153542956423
48.0,6604.479798813771,73.95788840978508,128.26716755757528,0.9931041274592183
49.0,7093.82341540806,80.5561543259491,139.82930734633754,0.9924338332513059
50.0,7619.655588738009,87.77241824660659,152.4779967391014,0.9916987906666193
51.0,8184.628067205836,95.66625485492682,166.31815560880096,0.9908927855306849
52.0,8791.567875273175,104.30306262583785,181.46497245386522,0.9900090235693488
53.0,9443.486414633973,113.75463918416617,198.04492353059797,0.989040080031988
54.0,10143.588655483361,124.0998139141396,216.19688279146771,0.9879778457745827
55.0,10895.282345681557,135.42514355137564,236.07334415125445,0.9868134697511405
56.0,11702.187150183388,147.82567706401056,257.84178144352944,0.9855372979193653
57.0,12568.143615298617,161.40579676220995,281.68615630735917,0.9841388086425851
58.0,13497.221831843948,176.28014326938387,307.80843453636925,0.9826065447690845
59.0,14493.72964768379,192.5746327474324,336.4304393653329,0.980928042697161
60.0,15562.220253132933,210.4275755932748,367.796014619557,0.9790897588950112
61.0,16707.498931768885,229.99090671078434,402.1728309158272,0.9770769945451405
62.0,17934.628733898167,251.43153839788823,439.85458392598446,0.9748738192297042
63.0,19248.934789738465,274.9328478439135,481.1637430726873,0.9724629948722321
64.0,20656.006933816643,300.6963121522873,526.4560928194834,0.9698259015079559
65.0,22161.700260681937,328.9433045935165,576.1205001614547,0.9669424668731061
66.0,23772.133174444432,359.91706629962374,630.5824738631156,0.9637911022839865
67.0,25493.6824307327,393.88486759960495,690.3087162707142,0.9603486478161339
68.0,27332.97459963945,431.1403723258688,755.8155818573701,0.9565903303835626
69.0,29296.873302859447,472.00621622429327,827.674035518052,0.9524897389419443
70.0,31392.461499086417,516.8368064589719,906.4881712332258,0.9480188216730362
71.0,33627.01801147655,566.0213423507992,992.9250248696959,0.9431479106164559
72.0,36007.98741365751,619.98704703155,1087.7084185351937,0.9378457797548032
73.0,38542.9423221164,679.202584661277,1191.6748227259634,0.9320797429751739
74.0,41239.53709053555,744.1816172947608,1305.7236779728419,0.9258157985624024
75.0,44105.45187551925,815.486428598372,1430.736384570622,0.9190188268597286
76.0,47148.32605489684,893.731507956951,1567.7068170217913,0.9116528473929448
77.0,50375.68004274036,979.5869481663389,1717.6910848003924,0.9036813410308058
78.0,53794.8246736459,1073.7814637462993,1881.8020161845604,0.8950676415948142
79.0,57412.75753677916,1177.1047867633695,2061.7865763319305,0.8857753997003561
80.0,61236.04594015288,1290.4091458600994,2258.747574247516,0.875769119497847
81.0,65270.696586719685,1414.6094860211279,2473.885332470574,0.8650147664065347
82.0,69522.01255001244,1550.682046578726,2708.5657891664855,0.8534804409487002
83.0,73994.43874499199,1699.6608889527347,2964.1630649071035,0.8411371104883967
84.0,78691.3977874417,1862.631959851779,3242.0343913595457,0.8279593871822885
85.0,83615.1189007535,2040.724296106582,3543.4907267155454,0.8139263369181995
86.0,88766.46333008142,2235.0980289957397,3872.6275475737334,0.7990223006324155
87.0,94144.75051871836,2446.9289322218606,4230.48738708941,0.7832377063582239
88.0,99747.59004028019,2677.38937960632,4617.09344927265,0.7665698478685817
89.0,105570.72490769482,2927.625734191934,5033.585481747532,0.7490236040296607
90.0,111607.89233936861,3198.732374644212,5480.901300231295,0.7306120721518747
91.0,117850.70830037614,3491.722769239051,5959.732411605202,0.7113570888485001
92.0,124288.58210585667,3807.498220993415,6470.480983025125,0.6912896132801215
93.0,130908.66704104404,4146.815116025136,7013.219931252921,0.6704499502108351
94.0,137695.8522999156,4510.251696078714,7587.657945263504,0.6488877940017725
95.0,144632.80057413268,4898.175530237495,8193.11119672411,0.626662079426153
96.0,151700.03435861075,5310.7129662165735,8833.889729664621,0.6038406308507837
97.0,158876.07252356812,5747.721886778583,9524.425644316103,0.5804996076763115
98.0,166137.61699834437,6208.76907377619,10246.804056875719,0.5567227506985762
99.0,173459.7875985348,6693.113387559024,10999.049380337312,0.5326004409468857
100.0,180816.40119482996,7199.695804362483,11778.732419996504,0.5082285892540596
101.0,188180.2896642055,7727.137125188107,12582.99104914255,0.48370738099947
102.0,195523.64947520552,8273.743887592202,13408.562949401805,0.4591399058406509
103.0,202818.4144246698,8837.522691604408,14251.829724310302,0.43463070654900254
104.0,210036.64203546848,9416.20281037941,15108.871219029439,0.4102842840816486
105.0,217150.90349734187,10007.266614310787,15975.528456976144,0.38620359761158185
106.0,224134.66681779694,10607.987013454574,16847.473258273563,0.3624885983333505
107.0,230962.66305572598,11215.470835168358,17720.282352794864,0.33923483447108227
108.0,237611.2261220608,11826.706817280505,18589.51365332958,0.3165321621251361
109.0,244058.5976126244,12438.616723745297,19450.782316449317,0.2944635925580598
110.0,250285.1894329108,13048.107987291103,20299.83428769749,0.2731043014530863
111.0,256273.79851279658,13652.126255176876,21132.61519535108,0.2525208198363429
112.0,262009.76961154497,14247.70625848373,21945.33270959795,0.23277042002185439
113.0,267481.10399592854,14832.019536882208,22734.51080400628,0.21390070341081158
114.0,272678.5135537146,15402.417720510644,23497.03472358639,0.1959493905408948
115.0,277595.42160349526,15956.470286758762,24230.185857452063,0.17894430770270417
116.0,282227.91321178165,16491.995958901854,24931.666113305462,0.1629035589481714
117.0,286574.63917382626,17007.08718142696,25599.611776473757,0.14783586759487197
118.0,290636.6789146931,17500.127379443722,26232.59719133265,0.13374106751389508
119.0,294417.3683959464,17969.800973675727,26829.628914224373,0.12061072165723802
120.0,297922.09966051485,18415.09636674494,27390.131244639477,0.10842884346071041
121.0,301158.0989175524,18835.302331504565,27913.92423949962,0.09717269592839756
122.0,304134.190076694,19229.99841121232,28401.19545154129,0.08681364330061979
123.0,306860.550413437,19599.040080086528,28852.46670808098,0.0773180311302724
124.0,309348.4646185625,19942.539509465016,29268.55726471503,0.06864807221806367
125.0,311610.0828936445,20260.84283988155,29650.54463589533,0.060762718044788916
126.0,313658.1880432632,20554.50487533668,29999.724328566463,0.05361849794031852
127.0,315505.9757240743,20824.26209688523,30331.200274400853,0.04717031109713873
128.0,317166.85118094063,21071.00484354416,30660.02394211349,0.041372159531527716
129.0,318654.2449668094,21295.7494353036,30958.448047222366,0.0361778130915443
130.0,319981.4493370491,21499.610921858854,31228.17669008074,0.03154140049907019
131.0,321161.47625607654,21683.777037673062,31470.988695953332,0.027417923104172598
132.0,322206.93727396044,21849.48383486876,31688.704840603994,0.023763690456004592
133.0,323129.9449370033,21997.993355382616,31883.15835936167,0.020536678908149506
134.0,323942.0348972504,22130.57359720118,32056.168983817835,0.0176968162502227
135.0,324654.1074845388,22248.480929885853,32209.520617631202,0.015206196781882297
136.0,325276.3871998381,22352.945024678178,32344.942646710893,0.01302923232561433
137.0,325818.3983754402,22445.156286085392,32464.09478098058,0.011132745428626094
138.0,326288.95511846524,22526.255706024484,32568.555245613756,0.009486011459313208
139.0,326696.1635996906,22597.327008692533,32659.812078818944,0.008060756494156796
140.0,327047.4347591931,22659.39091408664,32739.25724997487,0.0068311178547165105
141.0,327349.5055625434,22713.401319798573,32808.18328467028,0.005773573931492236
142.0,327608.4670451364,22760.24318328949,32867.78207012567,0.004866849561464737
143.0,327829.79751704336,22800.7318790012,32919.14551348356,0.0040918027469029885
144.0,328018.39945669996,22835.613804940876,32963.267734390465,0.0034312979493211215
145.0,328178.63879006007,22865.568020299288,33001.04849002197,0.0028700705952323306
146.0,328314.3854250155,22891.208707767317,33033.297553204764,0.002394586816189699
147.0,328429.05408265523,22913.08827012784,33060.73979072056,0.001992901836623965
148.0,328525.64463231806,22931.700889168027,33084.02071761185,0.001654519836790177
149.0,328606.78129260184,22947.486394883003,33103.712332962605,0.0013702575680685444
150.0,328674.75020283763,22960.834313393865,33120.31907205941,0.0011321134933812572
151.0,328731.53499731794,22972.087982217945,33134.28373815224,0.0009331437725831926
152.0,328778.8501269199,22981.548640909627,33145.99330355893,0.0007673460144058834
153.0,328818.1717694959,22989.479423192057,33155.78449412498,0.0006295513734797591
154.0,328850.7662519114,22996.109193217664,33163.949092771916,0.0005153252817904219
155.0,328877.7159736681,23001.636183343286,33170.73891690482,0.0004208768658202656
156.0,328899.9428757636,23006.23140369998,33176.370440786464,0.00034297690972499243
157.0,328918.2295400922,23010.041804874996,33181.02904770183,0.00027888407664124134
158.0,328933.2380356676,23013.19318426717,33184.87290798366,0.0002262789897089199
159.0,328945.52664968185,23015.792834233973,33188.03648794759,0.0001832056965868873
160.0,328955.56465529575,23017.93193616097,33190.63370172532,0.00014801999121376547
161.0,328963.74527541705,23019.687709213504,33192.760723133295,0.00011934403961171963
162.0,328970.39700379455,23021.12532594452,33194.49847831979,9.602674831310883e-05
163.0,328975.79344265605,23022.299609304428,33195.91484223821,7.710932056391108e-05
164.0,328980.16181082866,23023.25652709317,33197.066563226435,6.179546334684523e-05
165.0,328983.69026865636,23024.034500667192,33198.00094033882,4.942573445334933e-05
166.0,328986.53419680416,23024.66554490626,33198.757277768804,3.94555507438581e-05
167.0,328988.8215558081,23025.176256185507,33199.368139877464,3.1436414242143376e-05
168.0,328990.65744248964,23025.58866449679,33199.860429150474,2.4999950066773272e-05
169.0,328992.12794850173,23025.920965016754,33200.25630796013,1.9844388031657944e-05
170.0,328993.3034155929,23026.188143406405,33200.573983409246,1.5723156983179106e-05
171.0,328994.2411719144,23026.4025080154,33200.82837285885,1.2435296786556223e-05
172.0,328994.9878239896,23026.574141005887,33201.03166605297,9.817426768805765e-06
173.0,328995.5811699361,23026.711279247364,33201.193798099965,7.737040994616512e-06
174.0,328996.0517912269,23026.82063469763,33201.322845984476,6.086929780851836e-06
175.0,328996.4243727355,23026.907662897807,33201.42535979179,4.780553249568659e-06
176.0,328996.718794015,23026.976787187963,33201.50663844218,3.748216480246763e-06
177.0,328996.9510287079,23027.03158530396,33201.57095846585,2.933917024341165e-06
178.0,328997.13388362026,23027.074944151238,33201.62176320176,2.292754307744442e-06
179.0,328997.27760428714,23027.109187768794,33201.66181877481,1.788806933452529e-06
180.0,328997.39036974893,23027.13618279611,33201.693342292245,1.3933982806448178e-06
181.0,328997.4786956965,23027.157425133646,33201.718106894274,1.083683268407153e-06
182.0,328997.5477620737,23027.17411093964,33201.737527588986,8.414999038523778e-07
183.0,328997.60167859605,23027.187194626677,33201.75273118907,6.524384497904474e-07
184.0,328997.6436994009,23027.197436105736,33201.76461313874,5.05088905509214e-07
185.0,328997.67639614065,23027.205439165857,33201.7738835646,3.904341638201989e-07
186.0,328997.7017972239,23027.211682569563,33201.78110449695,3.013618390259581e-07
187.0,328997.7214995575,23027.216545180985,33201.78671987734,2.32272498640583e-07
188.0,328997.73675801046,23027.2203262203,33201.79107969074,1.7876599511391848e-07
189.0,328997.7485568786,23027.223261549163,33201.79445932536,1.3739090329540346e-07
190.0,328997.75766684185,23027.22553673334,33201.79707506694,1.054448155259753e-07
191.0,328997.76469026133,23027.227297495338,33201.79909647084,8.081552059137162e-08
192.0,328997.770097125,23027.2286580593,33201.800656218256,6.18549683632779e-08
193.0,328997.7742535119,23027.229707797953,33201.801857951104,4.727946222983576e-08
194.0,328997.7774440881,23027.23051651553,33201.80278248637,3.6090784191256816e-08
195.0,328997.7798898458,23027.231138637297,33201.80349273453,2.7513989383885252e-08
196.0,328997.7817620684,23027.23161652508,33201.80403758445,2.0948442871625532e-08
197.0,328997.78319329885,23027.23198309559,33201.80445496551,1.59293558169188e-08
198.0,328997.7842859409,23027.23226388388,33201.80477425624,1.2097627061599027e-08
199.0,328997.78511899,23027.232478666494,33201.80501817558,9.176240384795383e-09
200.0,328997.7857532912,23027.232642735424,33201.80520426467,6.951826922114568e-09
201.0,328997.78623563924,23027.232767896465,33201.80534604587,5.260288032077686e-09
202.0,328997.78660196974,23027.232863249774,33201.80545392746,3.975604746351026e-09
203.0,328997.78687983926,23027.232935799235,33201.80553590884,3.0011417498964146e-09
204.0,328997.78709034855,23027.232990927267,33201.80559812885,2.2629024014814466e-09
205.0,328997.78724963235,23027.23303276406,33201.80564529163,1.7043051093375156e-09
206.0,328997.78737001074,23027.2330644743,33201.805680996775,1.2821447765267431e-09
207.0,328997.7874608785,23027.233088479403,33201.8057079948,9.634756044332093e-10
208.0,328997.7875293896,23027.233106629443,33201.80572838445,7.232089734990039e-10
209.0,328997.787580985,23027.233120336034,33201.805743765,5.422648672026978e-10
210.0,328997.7876197968,23027.233130674722,33201.805755353416,4.0615189883017416e-10
211.0,328997.78764895943,23027.23313846393,33201.805764074576,3.038779025623465e-10
212.0,328997.7876708474,23027.23314432556,33201.80577063043,2.2711573269082685e-10
213.0,328997.7876872574,23027.233148731608,33201.80577555302,1.6956479670206493e-10
214.0,328997.787699547,23027.233152039804,33201.80577924515,1.2646385264041793e-10
215.0,328997.7877087409,23027.233154520953,33201.80578201136,9.421930270757495e-11
216.0,328997.78771561163,23027.233156379767,33201.80578408159,7.012226098349802e-11
217.0,328997.7877207408,23027.233157770836,33201.8057856293,5.2132813168239244e-11
218.0,328997.78772456583,23027.23315881075,33201.80578678515,3.871690253717954e-11
219.0,328997.7877274154,23027.23315958734,33201.80578764745,2.8722009226189548e-11
220.0,328997.787729536,23027.233160166666,33201.80578829009,2.1283458223412332e-11
221.0,328997.78773111256,23027.233160598396,33201.80578876853,1.575296222744385e-11
222.0,328997.78773228347,23027.233160919805,33201.805789124366,1.1645281345572764e-11
223.0,328997.78773315216,23027.233161158838,33201.80578938874,8.597523048486873e-12
224.0,328997.7877337959,23027.233161336426,33201.80578958497,6.338455829538165e-12
225.0,328997.78773427254,23027.23316146823,33201.80578973046,4.665805101182536e-12
226.0,328997.78773462493,23027.233161565946,33201.80578983823,3.4286077896576003e-12
227.0,328997.7877348852,23027.233161638327,33201.80578991797,2.5145238796602325e-12
228.0,328997.7877350772,23027.23316169188,33201.805789976905,1.839989998495713e-12
229.0,328997.78773521865,23027.233161731452,33201.80579002042,1.3427982196245204e-12
230.0,328997.7877353227,23027.23316176068,33201.80579005252,9.76840852812339e-13
231.0,328997.7877353991,23027.233161782224,33201.80579007615,7.079458008344491e-13
232.0,328997.7877354551,23027.233161798093,33201.80579009353,5.1068791846436e-13
233.0,328997.78773549607,23027.233161809763,33201.80579010629,3.663017508762764e-13
234.0,328997.78773552587,23027.233161818327,33201.80579011564,2.6096338927754885e-13
235.0,328997.7877355475,23027.233161824603,33201.80579012247,1.843565662717426e-13
236.0,328997.7877355632,23027.233161829183,33201.805790127444,1.2888857983941104e-13
237.0,328997.7877355744,23027.23316183252,33201.80579013105,8.89067957716601e-14
238.0,328997.78773558245,23027.233161834938,33201.80579013366,6.02739142287333e-14
239.0,328997.78773558815,23027.233161836684,33201.805790135535,3.993717912600863e-14
240.0,328997.7877355921,23027.23316183794,33201.80579013686,2.573097935125015e-14
241.0,328997.7877355949,23027.233161838827,33201.8057901378,1.5912249448589008e-14
242.0,328997.7877355967,23027.233161839453,33201.80579013844,9.365280533467804e-15
243.0,328997.78773559787,23027.23316183988,33201.80579013887,5.081638982439932e-15
244.0,328997.7877355986,23027.233161840173,33201.805790139144,2.464557723021997e-15
245.0,328997.78773559903,23027.233161840355,33201.805790139326,1.0504520637480738e-15
246.0,328997.7877355992,23027.233161840457,33201.80579013938,7.045533837176362e-16
247.0,328997.7877355992,23027.233161840475,33201.80579013938,6.971203168558465e-16
248.0,328997.7877355992,23027.233161840475,33201.80579013938,6.971203168558465e-16
249.0,328997.7877355992,23027.233161840475,33201.80579013938,6.971203168558465e-16
250.0,328997.7877355992,23027.233161840475,33201.80579013938,6.971203168558465e-16
251.0,328997.7877355992,23027.233161840475,33201.80579013938,6.971203168558465e-16
252.0,328997.7877355992,23027.233161840475,33201.80579013938,6.971203168558465e-16
253.0,328997.7877355992,23027.233161840475,33201.80579013938,6.971203168558465e-16
254.0,328997.7877355992,23027.233161840475,33201.80579013938,6.971203168558465e-16
255.0,328997.7877355992,23027.233161840475,33201.80579013938,6.971203168558465e-16
256.0,328997.7877355992,23027.233161840475,33201.80579013938,6.971203168558465e-16
257.0,328997.7877355992,23027.233161840475,33201.80579013938,6.971203168558465e-16
258.0,328997.7877355992,23027.233161840475,33201.80579013938,6.971203168558465e-16
259.0,328997.7877355992,23027.233161840475,33201.80579013938,6.971203168558465e-16
260.0,328997.7877355992,23027.233161840475,33201.80579013938,6.971203168558465e-16
261.0,328997.7877355992,23027.233161840475,33201.80579013938,6.971203168558465e-16
262.0,328997.7877355992,23027.233161840475,33201.80579013938,6.971203168558465e-16
263.0,328997.7877355992,23027.233161840475,33201.80579013938,6.971203168558465e-16
264.0,328997.7877355992,23027.233161840475,33201.80579013938,6.971203168558465e-16
265.0,328997.7877355992,23027.233161840475,33201.80579013938,6.971203168558465e-16
266.0,328997.7877355992,23027.233161840475,33201.80579013938,6.971203168558465e-16
267.0,328997.7877355992,23027.233161840475,33201.80579013938,6.971203168558465e-16
268.0,328997.7877355992,23027.233161840475,33201.80579013938,6.971203168558465e-16
269.0,328997.7877355992,23027.233161840475,33201.80579013938,6.971203168558465e-16
270.0,328997.7877355992,23027.233161840475,33201.80579013938,6.971203168558465e-16
271.0,328997.7877355992,23027.233161840475,33201.80579013938,6.971203168558465e-16
272.0,328997.7877355992,23027.233161840475,33201.80579013938,6.971203168558465e-16
273.0,328997.7877355992,23027.233161840475,33201.80579013938,6.971203168558465e-16
274.0,328997.7877355992,23027.233161840475,33201.80579013938,6.971203168558465e-16
275.0,328997.7877355992,23027.233161840475,33201.80579013938,6.971203168558465e-16
276.0,328997.7877355992,23027.233161840475,33201.80579013938,6.971203168558465e-16
277.0,328997.7877355992,23027.233161840475,33201.80579013938,6.971203168558465e-16
278.0,328997.7877355992,23027.233161840475,33201.80579013938,6.971203168558465e-16
279.0,328997.7877355992,23027.233161840475,33201.80579013938,6.971203168558465e-16
280.0,328997.7877355992,23027.233161840475,33201.80579013938,6.971203168558465e-16
281.0,328997.7877355992,23027.233161840475,33201.80579013938,6.971203168558465e-16
282.0,328997.7877355992,23027.233161840475,33201.80579013938,6.971203168558465e-16
283.0,328997.7877355992,23027.233161840475,33201.80579013938,6.971203168558465e-16
284.0,328997.7877355992,23027.233161840475,33201.80579013938,6.971203168558465e-16
285.0,328997.7877355992,23027.233161840475,33201.80579013938,6.971203168558465e-16
286.0,328997.7877355992,23027.233161840475,33201.80579013938,6.971203168558465e-16
287.0,328997.7877355992,23027.233161840475,33201.80579013938,6.971203168558465e-16
288.0,328997.7877355992,23027.233161840475,33201.80579013938,6.971203168558465e-16
289.0,328997.7877355992,23027.233161840475,33201.80579013938,6.971203168558465e-16
290.0,328997.7877355992,23027.233161840475,33201.80579013938,6.971203168558465e-16
291.0,328997.7877355992,23027.233161840475,33201.80579013938,6.971203168558465e-16
292.0,328997.7877355992,23027.233161840475,33201.80579013938,6.971203168558465e-16
293.0,328997.7877355992,23027.233161840475,33201.80579013938,6.971203168558465e-16
294.0,328997.7877355992,23027.233161840475,33201.80579013938,6.971203168558465e-16
295.0,328997.7877355992,23027.233161840475,33201.80579013938,6.971203168558465e-16
296.0,328997.7877355992,23027.233161840475,33201.80579013938,6.971203168558465e-16
297.0,328997.7877355992,23027.233161840475,33201.80579013938,6.971203168558465e-16
298.0,328997.7877355992,23027.233161840475,33201.80579013938,6.971203168558465e-16
299.0,328997.7877355992,23027.233161840475,33201.80579013938,6.971203168558465e-16
300.0,328997.7877355992,23027.233161840475,33201.80579013938,6.971203168558465e-16
301.0,328997.7877355992,23027.233161840475,33201.80579013938,6.971203168558465e-16
302.0,328997.7877355992,23027.233161840475,33201.80579013938,6.971203168558465e-16
303.0,328997.7877355992,23027.233161840475,33201.80579013938,6.971203168558465e-16
304.0,328997.7877355992,23027.233161840475,33201.80579013938,6.971203168558465e-16
305.0,328997.7877355992,23027.233161840475,33201.80579013938,6.971203168558465e-16
306.0,328997.7877355992,23027.233161840475,33201.80579013938,6.971203168558465e-16
307.0,328997.7877355992,23027.233161840475,33201.80579013938,6.971203168558465e-16
308.0,328997.7877355992,23027.233161840475,33201.80579013938,6.971203168558465e-16
309.0,328997.7877355992,23027.233161840475,33201.80579013938,6.971203168558465e-16
310.0,328997.7877355992,23027.233161840475,33201.80579013938,6.971203168558465e-16
311.0,328997.7877355992,23027.233161840475,33201.80579013938,6.971203168558465e-16
312.0,328997.7877355992,23027.233161840475,33201.80579013938,6.971203168558465e-16
313.0,328997.7877355992,23027.233161840475,33201.80579013938,6.971203168558465e-16
314.0,328997.7877355992,23027.233161840475,33201.80579013938,6.971203168558465e-16
315.0,328997.7877355992,23027.233161840475,33201.80579013938,6.971203168558465e-16
316.0,328997.7877355992,23027.233161840475,33201.80579013938,6.971203168558465e-16
317.0,328997.7877355992,23027.233161840475,33201.80579013938,6.971203168558465e-16
318.0,328997.7877355992,23027.233161840475,33201.80579013938,6.971203168558465e-16
319.0,328997.7877355992,23027.233161840475,33201.80579013938,6.971203168558465e-16
320.0,328997.7877355992,23027.233161840475,33201.80579013938,6.971203168558465e-16
321.0,328997.7877355993,23027.233161840486,33201.8057901394,5.0649238343302685e-16
322.0,328997.7877355993,23027.233161840486,33201.8057901394,4.726970059313544e-16
323.0,328997.78773559944,23027.233161840486,33201.8057901394,1.1760868989638641e-16
324.0,328997.78773559944,23027.233161840486,33201.8057901394,1.036279025335749e-16
325.0,328997.78773559944,23027.233161840486,33201.8057901394,1.036279025335749e-16
326.0,328997.78773559944,23027.233161840486,33201.8057901394,1.036279025335749e-16
327.0,328997.78773559944,23027.233161840486,33201.8057901394,1.036279025335749e-16
328.0,328997.78773559944,23027.233161840486,33201.8057901394,1.036279025335749e-16
329.0,328997.78773559944,23027.233161840486,33201.8057901394,1.036279025335749e-16
330.0,328997.78773559944,23027.233161840486,33201.8057901394,1.036279025335749e-16
331.0,328997.78773559944,23027.233161840486,33201.8057901394,1.036279025335749e-16
332.0,328997.78773559944,23027.233161840486,33201.8057901394,1.036279025335749e-16
333.0,328997.78773559944,23027.233161840486,33201.8057901394,1.036279025335749e-16
334.0,328997.78773559944,23027.233161840486,33201.8057901394,1.036279025335749e-16
335.0,328997.78773559944,23027.233161840486,33201.8057901394,1.036279025335749e-16
336.0,328997.78773559944,23027.233161840486,33201.8057901394,1.036279025335749e-16
337.0,328997.78773559944,23027.233161840486,33201.8057901394,1.036279025335749e-16
338.0,328997.78773559944,23027.233161840486,33201.8057901394,1.036279025335749e-16
339.0,328997.78773559944,23027.233161840486,33201.8057901394,1.036279025335749e-16
340.0,328997.78773559944,23027.233161840486,33201.8057901394,1.036279025335749e-16
341.0,328997.78773559944,23027.233161840486,33201.8057901394,1.036279025335749e-16
342.0,328997.78773559944,23027.233161840486,33201.8057901394,1.036279025335749e-16
343.0,328997.78773559944,23027.233161840486,33201.8057901394,1.036279025335749e-16
344.0,328997.78773559944,23027.233161840486,33201.8057901394,1.036279025335749e-16
345.0,328997.78773559944,23027.233161840486,33201.8057901394,1.036279025335749e-16
346.0,328997.78773559944,23027.233161840486,33201.8057901394,1.036279025335749e-16
347.0,328997.78773559944,23027.233161840486,33201.8057901394,1.036279025335749e-16
348.0,328997.78773559944,23027.233161840486,33201.8057901394,1.036279025335749e-16
349.0,328997.78773559944,23027.233161840486,33201.8057901394,1.036279025335749e-16
350.0,328997.78773559944,23027.233161840486,33201.8057901394,1.036279025335749e-16
351.0,328997.78773559944,23027.233161840486,33201.8057901394,1.036279025335749e-16
352.0,328997.78773559944,23027.233161840486,33201.8057901394,1.036279025335749e-16
353.0,328997.78773559944,23027.233161840486,33201.8057901394,1.036279025335749e-16
354.0,328997.78773559944,23027.233161840486,33201.8057901394,1.036279025335749e-16
355.0,328997.78773559944,23027.233161840486,33201.8057901394,1.036279025335749e-16
356.0,328997.78773559944,23027.233161840486,33201.8057901394,1.036279025335749e-16
357.0,328997.78773559944,23027.233161840486,33201.8057901394,1.036279025335749e-16
358.0,328997.78773559944,23027.233161840486,33201.8057901394,1.036279025335749e-16
359.0,328997.78773559944,23027.233161840486,33201.8057901394,1.036279025335749e-16
360.0,328997.78773559944,23027.233161840486,33201.8057901394,1.036279025335749e-16
361.0,328997.78773559944,23027.233161840486,33201.8057901394,1.036279025335749e-16
362.0,328997.78773559944,23027.233161840486,33201.8057901394,1.036279025335749e-16
363.0,328997.78773559944,23027.233161840486,33201.8057901394,1.036279025335749e-16
364.0,328997.78773559944,23027.233161840486,33201.8057901394,1.036279025335749e-16
365.0,328997.78773559944,23027.233161840486,33201.8057901394,1.036279025335749e-16
366.0,328997.78773559944,23027.233161840486,33201.8057901394,1.036279025335749e-16
367.0,328997.78773559944,23027.233161840486,33201.8057901394,1.036279025335749e-16
368.0,328997.78773559944,23027.233161840486,33201.8057901394,1.036279025335749e-16
369.0,328997.78773559944,23027.233161840486,33201.8057901394,1.036279025335749e-16
370.0,328997.78773559944,23027.233161840486,33201.8057901394,1.036279025335749e-16
371.0,328997.78773559944,23027.233161840486,33201.8057901394,1.036279025335749e-16
372.0,328997.78773559944,23027.233161840486,33201.8057901394,1.036279025335749e-16
373.0,328997.78773559944,23027.233161840486,33201.8057901394,1.036279025335749e-16
374.0,328997.78773559944,23027.233161840486,33201.8057901394,1.036279025335749e-16
375.0,328997.78773559944,23027.233161840486,33201.8057901394,1.036279025335749e-16
376.0,328997.78773559944,23027.233161840486,33201.8057901394,1.036279025335749e-16
377.0,328997.78773559944,23027.233161840486,33201.8057901394,1.036279025335749e-16
378.0,328997.78773559944,23027.233161840486,33201.8057901394,1.036279025335749e-16
379.0,328997.78773559944,23027.233161840486,33201.8057901394,1.036279025335749e-16
380.0,328997.78773559944,23027.233161840486,33201.8057901394,1.036279025335749e-16
381.0,328997.78773559944,23027.233161840486,33201.8057901394,1.036279025335749e-16
382.0,328997.78773559944,23027.233161840486,33201.8057901394,1.036279025335749e-16
383.0,328997.78773559944,23027.233161840486,33201.8057901394,1.036279025335749e-16
384.0,328997.78773559944,23027.233161840486,33201.8057901394,1.036279025335749e-16
385.0,328997.78773559944,23027.233161840486,33201.8057901394,1.036279025335749e-16
386.0,328997.78773559944,23027.233161840486,33201.8057901394,1.036279025335749e-16
387.0,328997.78773559944,23027.233161840486,33201.8057901394,1.036279025335749e-16
388.0,328997.78773559944,23027.233161840486,33201.8057901394,1.036279025335749e-16
389.0,328997.78773559944,23027.233161840486,33201.8057901394,1.036279025335749e-16
390.0,328997.78773559944,23027.233161840486,33201.8057901394,1.036279025335749e-16
391.0,328997.78773559944,23027.233161840486,33201.8057901394,1.036279025335749e-16
392.0,328997.78773559944,23027.233161840486,33201.8057901394,1.036279025335749e-16
393.0,328997.78773559944,23027.233161840486,33201.8057901394,1.036279025335749e-16
394.0,328997.78773559944,23027.233161840486,33201.8057901394,1.036279025335749e-16
395.0,328997.78773559944,23027.233161840486,33201.8057901394,1.036279025335749e-16
396.0,328997.78773559944,23027.233161840486,33201.8057901394,1.036279025335749e-16
397.0,328997.78773559944,23027.233161840486,33201.8057901394,1.036279025335749e-16
398.0,328997.78773559944,23027.233161840486,33201.8057901394,1.036279025335749e-16
399.0,328997.78773559944,23027.233161840486,33201.8057901394,1.036279025335749e-16
400.0,328997.78773559944,23027.233161840486,33201.8057901394,1.036279025335749e-16
401.0,328997.78773559944,23027.233161840486,33201.8057901394,6.53881367630195e-17
402.0,328997.78773559944,23027.233161840486,33201.8057901394,6.556164382123466e-17
403.0,328997.78773559944,23027.233161840486,33201.8057901394,6.556164382123466e-17
404.0,328997.78773559944,23027.233161840486,33201.8057901394,6.556164382123466e-17
405.0,328997.78773559944,23027.233161840486,33201.8057901394,6.556164382123466e-17
406.0,328997.78773559944,23027.233161840486,33201.8057901394,6.556164382123466e-17
407.0,328997.78773559944,23027.233161840486,33201.8057901394,6.556164382123466e-17
408.0,328997.78773559944,23027.233161840486,33201.8057901394,6.556164382123466e-17
409.0,328997.78773559944,23027.233161840486,33201.8057901394,6.556164382123466e-17
410.0,328997.78773559944,23027.233161840486,33201.8057901394,6.556164382123466e-17
411.0,328997.78773559944,23027.233161840486,33201.8057901394,6.556164382123466e-17
412.0,328997.78773559944,23027.233161840486,33201.8057901394,6.556164382123466e-17
413.0,328997.78773559944,23027.233161840486,33201.8057901394,6.556164382123466e-17
414.0,328997.78773559944,23027.233161840486,33201.8057901394,6.556164382123466e-17
415.0,328997.78773559944,23027.233161840486,33201.8057901394,6.556164382123466e-17
416.0,328997.78773559944,23027.233161840486,33201.8057901394,6.556164382123466e-17
417.0,328997.78773559944,23027.233161840486,33201.8057901394,6.556164382123466e-17
418.0,328997.78773559944,23027.233161840486,33201.8057901394,6.556164382123466e-17
419.0,328997.78773559944,23027.233161840486,33201.8057901394,6.556164382123466e-17
420.0,328997.78773559944,23027.233161840486,33201.8057901394,6.556164382123466e-17
421.0,328997.78773559944,23027.233161840486,33201.8057901394,6.556164382123466e-17
422.0,328997.78773559944,23027.233161840486,33201.8057901394,6.556164382123466e-17
423.0,328997.78773559944,23027.233161840486,33201.8057901394,6.556164382123466e-17
424.0,328997.78773559944,23027.233161840486,33201.8057901394,6.556164382123466e-17
425.0,328997.78773559944,23027.233161840486,33201.8057901394,6.556164382123466e-17
426.0,328997.78773559944,23027.233161840486,33201.8057901394,6.556164382123466e-17
