N,power_gain,caves_floor,fixed_drift_value,reflection_penalty,caves_relation_residual,current_noise,noise,alpha,gain_psd_min,loss_psd_min,kernel_residual,construction_valid
20.0,0.2288416749560307,0.0,-0.5300591041349796,2.8397743197470016,-3.369833423881981,183.20153253434526,0.0,nan,nan,nan,2.607399605677454e-16,0.0
25.0,0.4644607973388484,0.0,0.24613381757521588,1.3991680579880752,-1.1530342404128593,190.5607751064947,0.24613381757767258,242.92444075209178,1.854019006411176e-14,2.3306551468387497e-14,1.0832168895449351e-13,1.0
30.0,0.9426772125707586,0.0,0.6285671452469369,0.6893756454046059,-0.06080850015766903,194.18670307772334,0.628567145247199,204.52729411843828,8.14459387779144e-16,1.8664865604358823e-14,1.199709384006989e-13,1.0
35.0,1.913273051658413,0.4773354492537245,0.8169935609178648,0.33965811166413923,1.0547118733938987e-15,195.97321215437464,0.8169935609187221,370.21895310313204,8.175096439942346e-15,2.700528497164728e-15,2.0805860079439386e-13,1.0
40.0,3.883210203224816,0.7424811051512099,0.9098320024280301,0.16735089727682156,-1.3877787807814457e-15,196.85343225424504,0.9098320024240951,730.8637503548659,1.5373610085408221e-15,-4.335410994233721e-14,3.531623629533942e-13,1.0
45.0,7.881426788172578,0.873119420267829,0.9555738703680833,0.08245445010025408,2.3592239273284576e-16,197.28712018471344,0.9555738703668458,1468.992401078542,1.030778065306363e-14,6.460628061302462e-14,7.117702527187259e-13,1.0
50.0,15.996272405171199,0.9374854356895845,0.9781110699225989,0.040625634233016586,-2.2343238370581275e-15,197.50079994624303,0.9781110699218034,2969.4848498400816,6.78627191763594e-15,9.310752621507692e-14,1.3327046440069977e-12,1.0
55.0,32.46629547386447,0.9691988264936169,0.989215237431147,0.02001641093753124,-1.0894063429134349e-15,197.6060808113066,0.9892152374531973,6016.004674176313,4.956377993510835e-15,-1.2706862742509999e-13,3.032406642375156e-12,1.0
60.0,65.8941230242816,0.9848241397850988,0.9946863047551805,0.00986216497007954,2.203098814490545e-15,197.65795311062595,0.9946863046719973,12199.820234886167,8.337882212447798e-15,-4.2405361746862515e-13,2.517983526158881e-12,1.0
65.0,133.7397872398013,0.9925227935482882,0.99738192130105,0.004859127752752863,8.897396708285044e-15,197.68351079800868,0.9973819211667403,24750.87916964418,1.0755110400358275e-15,1.2312178214150053e-12,1.5707626406593094e-11,1.0
70.0,271.44045432331376,0.9963159507579924,0.9987100622527012,0.0023941114947079053,9.00755164900957e-16,197.69610317183665,0.9987100625263104,50224.864556934706,1.7741041692628465e-14,-6.383897572620273e-12,2.2823722775014298e-11,1.0
75.0,550.9199750044136,0.9981848543429707,0.999364442561422,0.0011795882184503755,9.462916561453483e-16,197.70230748431032,0.9993644435904578,101927.3615283403,3.270837987085984e-14,1.1885047023557538e-11,5.3758565629089295e-11,1.0
80.0,1118.156170256584,0.9991056705435247,0.9996868583320615,0.0005811877885314162,5.3582355566406115e-15,197.70536437364643,0.9996868572446849,206863.6358815642,7.394109434921574e-15,-1.46628603198223e-11,8.895089046424268e-11,1.0
85.0,2269.4280073487184,0.9995593603336339,0.9998457138595974,0.0002863535259633045,2.07407875596477e-16,197.706870515133,0.999845713611387,419844.0332706668,7.203673554996788e-15,3.107750605403709e-11,1.1171342124427735e-10,1.0
90.0,4606.068112432742,0.9997828950906521,0.9999239826073728,0.0001410875167195372,1.1687699419393738e-15,197.7076125970106,0.9999239899099096,852112.5349287416,1.910519507467765e-15,2.279510597241675e-11,4.135097846152266e-10,1.0
95.0,9348.550995083293,0.9998930315510365,0.9999625459294846,6.951437844923385e-05,-1.079404577872256e-15,197.7079782236917,0.9999625581736945,1729451.7452846114,5.180601407790102e-15,1.186053989957788e-10,4.50255305458372e-10,1.0
100.0,18973.971633587913,0.9999472962214073,0.9999815462310728,3.425000966449192e-05,1.0121433855966866e-15,197.70815836940602,0.9999815216571792,3510113.724912375,2.2542542199776267e-14,-1.0654020685380743e-10,1.5027114538568641e-09,1.0
