time,norm,end_to_end_green
0.0,1.0,0.0
0.5,0.635611160047313,3.985839534438944e-146
1.0,0.501530724917286,1.0972976088389064e-118
1.5,0.4399531132878876,1.1292242973774808e-104
2.0,0.4057042979137306,5.572306170380104e-95
2.5,0.3843372137874081,1.4805142783265616e-87
3.0,0.370162658666403,1.5103399906677463e-81
3.5,0.3604858572785061,1.6453286192229776e-76
4.0,0.3538504734907465,3.5021601804300393e-72
4.5,0.3493935921131813,2.1463215803966462e-68
5.0,0.3465685721798033,4.9313922794474876e-65
5.5,0.3450111070875672,5.126215694813636e-62
6.0,0.3444685411160656,2.7694598377165788e-59
6.5,0.344759946904537,8.63905117400935e-57
7.0,0.34575232197287087,1.6885735267455114e-54
7.5,0.3473457521810209,2.2064753020059807e-52
8.0,0.3494638145421719,2.0308868554854172e-50
8.5,0.3520471701030027,1.3741369301058103e-48
9.0,0.3550491685818474,7.081031093940277e-47
9.5,0.3584327607851505,2.8625593237718485e-45
10.0,0.36216828401934065,9.308737409289966e-44
10.5,0.366231844057938,2.48769457689207e-42
11.0,0.3706041133300376,5.565025097348262e-41
11.5,0.3752694249705254,1.0588339939568617e-39
12.0,0.38021508073720556,1.7374851106974342e-38
12.5,0.3854308158934998,2.489132968656624e-37
13.0,0.3909083809015099,3.146922155822059e-36
13.5,0.3966412111515595,3.5447204021315197e-35
14.0,0.4026241638193849,3.5878183272127972e-34
14.5,0.40885330646083806,3.2880360128011224e-33
15.0,0.4153257458810177,2.747066264006833e-32
15.5,0.42203948864562923,2.1052548495972674e-31
16.0,0.4289933266677094,1.4882112276012786e-30
16.5,0.4361867428265482,9.753185913230084e-30
17.0,0.44361983271147204,5.953208884586988e-29
17.5,0.45129323943810606,3.3986382899439903e-28
18.0,0.4592080991341314,1.8217130333846332e-27
18.5,0.46736599518903504,9.20048201326572e-27
19.0,0.47576891974651536,4.392464731141868e-26
19.5,0.48441924121711655,1.9882657277207344e-25
20.0,0.49331967682289435,8.556799996735849e-25
20.5,0.5024732693707074,3.510203619546958e-24
21.0,0.5118833675974384,1.375845813676051e-23
21.5,0.521553609547647,5.1639649320319e-23
22.0,0.531487908538296,1.8597993301677802e-22
22.5,0.5416904413412496,6.439483738746675e-22
23.0,0.5521656382759897,2.1474151308907914e-21
23.5,0.562918174955389,6.908575127002554e-21
24.0,0.5739529654686955,2.1475828562225677e-20
24.5,0.5852751568199146,6.460104091004153e-20
25.0,0.5968901244679261,1.883031405670189e-19
25.5,0.6088034688380569,5.325600754618547e-19
26.0,0.6210210126943423,1.4632016183191915e-18
26.5,0.6335487992780316,3.9098969017556444e-18
27.0,0.6463930911316305,1.0172432899585899e-17
27.5,0.6595603695393387,2.5794638410365933e-17
28.0,0.6730573345245537,6.381188394377847e-17
28.5,0.686890905353426,1.5414913372930062e-16
29.0,0.7010682215005476,3.639375968219873e-16
29.5,0.715596644038923,8.404626971135872e-16
30.0,0.7304837574215648,1.900013959170061e-15
30.5,0.7457373716265406,4.207906597375125e-15
31.0,0.7613655246411497,9.13596748950447e-15
31.5,0.7773764852642574,1.945877335687139e-14
32.0,0.7937787562087133,4.068442464486803e-14
32.5,0.8105810774883074,8.355240422457659e-14
33.0,0.8277924300759256,1.6864044144971033e-13
33.5,0.8454220398215003,3.3471787962003485e-13
34.0,0.8634793816200499,6.536451124156016e-13
34.5,0.8819741838216009,1.25652847404793e-12
35.0,0.9009164328761096,2.378929087213887e-12
35.5,0.9203163782076765,4.437844057273886e-12
36.0,0.9401845373133921,8.160897015278842e-12
36.5,0.9605317010830876,1.4800108438843847e-11
37.0,0.9813689393371025,2.6480804835435517e-11
37.5,1.002707606579931,4.676356630291755e-11
38.0,1.0245593479682937,8.153765638089236e-11
38.5,1.0469361054927955,1.4042371443786904e-10
39.0,1.069850124372889,2.3894921647026614e-10
39.5,1.0933139596653825,4.0188251097809116e-10
40.0,1.117340483087194,6.682835811168653e-10
40.5,1.1419428900534934,1.0990696391276949e-09
41.0,1.1671347069327702,1.788223824780309e-09
41.5,1.1929297985207448,2.8792243403610426e-09
42.0,1.219342375735383,4.588875222578047e-09
42.5,1.2463870035356075,7.241522975335729e-09
43.0,1.2740786090666056,1.1317699480315382e-08
43.5,1.3024324900349258,1.752260582955327e-08
44.0,1.3314643233168368,2.6881620767221447e-08
44.5,1.36119017380369,4.087227083294862e-08
45.0,1.3916265034882755,6.160493989545576e-08
45.5,1.4227901807964258,9.206813972509941e-08
46.0,1.4546984901683426,1.3645853955582332e-07
46.5,1.4873691418943689,2.006213017398049e-07
47.0,1.5208202822101524,2.926327424811526e-07
47.5,1.5550705036563763,4.235650873230249e-07
48.0,1.5901388557084393,6.084822785204758e-07
48.5,1.6260448556817055,8.677265699959359e-07
49.0,1.6628084999181443,1.2285681591786435e-06
49.5,1.7004502752603996,1.7273044791786774e-06
50.0,1.7389911708195416,2.4119121073136823e-06
50.5,1.7784526900429625,3.3453725969881773e-06
51.0,1.8188568630890787,4.609813920369358e-06
51.5,1.8602262595157208,6.311631569703884e-06
52.0,1.9025840012892674,8.58777758365021e-06
52.5,1.945953776121786,1.1613431636025859e-05
53.0,1.9903598511435987,1.5611295547750227e-05
53.5,2.035827086918836,2.0862780754512363e-05
54.0,2.0823809518116545,2.7721386867566703e-05
54.5,2.13004753671082,3.662859787170111e-05
55.0,2.1788535701203258,4.8132649963637225e-05
55.5,2.2288264336235253,6.291055068084246e-05
56.0,2.2799941777279105,8.179375183013059e-05
56.5,2.3323855380970175,0.00010579789772358947
57.0,2.386029952174973,0.00013615708420875667
57.5,2.4409575762076745,0.00017436307171976015
58.0,2.497199302662425,0.0002222098958174753
58.5,2.5547867780447335,0.00028184431016246153
59.0,2.6137524211066836,0.00035582247833300097
59.5,2.674129441435359,0.00044717330118349756
60.0,2.735951858401863,0.000559468724460469
60.5,2.7992545204409036,0.000696901316223952
61.0,2.8640731246170574,0.0008643693345181349
61.5,2.9304442364158825,0.0010675694221819242
62.0,2.9984053096750856,0.0013130969674417054
62.5,3.0679947065419175,0.0016085540560426773
63.0,3.139251717306659,0.0019626648135450645
63.5,3.2122165799171927,0.0023853977957907454
64.0,3.28693049892485,0.002888094932565657
64.5,3.3634356635455,0.003483606365661954
65.0,3.4417752644408206,0.004186430349786032
65.5,3.521993508731451,0.005012857205345327
66.0,3.6041356326450593,0.005981116128715075
66.5,3.6882479110772883,0.007111523481097629
67.0,3.774377663201459,0.008426630994786214
67.5,3.862573253103672,0.00995137215900987
68.0,3.952884084244051,0.011713204880216661
68.5,4.045360586353574,0.013742248357403447
69.0,4.140054193171389,0.016071411975708775
69.5,4.23701730921282,0.018736513904690055
70.0,4.336303263537812,0.021776386995116744
70.5,4.437966248268721,0.025232969503126285
71.0,4.542061239391825,0.02915137813631306
71.5,4.648643897176671,0.03357996091548667
72.0,4.757770443370297,0.03857032738072936
72.5,4.8694975121794855,0.04417735374277929
73.0,4.983881971954208,0.05045916069187064
73.5,5.100980714440448,0.05747706172655516
74.0,5.220850408491844,0.06529548005464977
74.5,5.343547215227879,0.07398183234654684
75.0,5.469126461811579,0.08360637788625838
75.5,5.597642271300475,0.09424203196561923
76.0,5.729147146407294,0.10596414269926342
76.5,5.863691505495788,0.11885023079889119
77.0,6.001323169733076,0.1329796922309509
77.5,6.142086801020643,0.148433464087628
78.0,6.2860232911255585,0.16529365442195493
78.5,6.4331691033214895,0.183643137228539
79.0,6.583555568811725,0.2035651141861592
79.5,6.737208141225965,0.22514264521140648
80.0,6.894145613537828,0.24845815029763596
80.5,7.054379302816868,0.2735928855247393
81.0,7.2179122092810015,0.30062639651672085
81.5,7.384738157125016,0.3296359529900267
82.0,7.55484092554032,0.36069596837060347
82.5,7.728193379182692,0.393877408756669
83.0,7.904756608063001,0.42924719576257003
83.5,8.084479087407496,0.46686760799280086
84.0,8.267295868439744,0.5067956860607925
84.5,8.453127811260634,0.5490826461816507
85.0,8.641880871035513,0.5937733074294858
85.5,8.833445448533586,0.6409055377569668
86.0,9.02769581570444,0.6905097238265975
86.5,9.224489626425457,0.7426082696000463
87.0,9.423667521822752,0.797215128474542
87.5,9.625052838671735,0.8543353735454241
88.0,9.828451428340736,0.9139648103136891
88.5,10.033651592573754,0.9760896358497189
89.0,10.240424141140732,1.0406861480728409
89.5,10.448522575040998,1.1077205084150115
90.0,10.657683397553622,1.1771485607102614
90.5,10.867626554013135,1.2489157086945888
91.0,11.078055999774934,1.3229568540188965
91.5,11.28866039444506,1.3991963961760245
92.0,11.499113919104795,1.477548295227417
92.5,11.70907721198095,1.5579161976914677
93.0,11.918198416813452,1.6401936254296738
93.5,12.126114337067243,1.7242642268443078
94.0,12.332451688135825,1.810002089187755
94.5,12.536828438797913,1.8972721102844912
95.0,12.738855232422088,1.985930427486792
95.5,12.938136877770985,2.075824901229532
96.0,13.13427389873768,2.166795650122099
96.5,13.32686413195241,2.2586756341204857
97.0,13.515504360925469,2.3512912819634355
97.5,13.699791975239028,2.444463158736072
98.0,13.879326643261866,2.538006669145162
98.5,14.053711986931356,2.631732791853969
99.0,14.222557247320319,2.7254488400328873
99.5,14.385478929975317,2.818959243135564
100.0,14.542102419370664,2.9120663448093747
100.5,14.692063552260855,3.004571211793647
101.0,14.835010140225322,3.0962744486483875
101.5,14.970603432275464,3.186977013189177
102.0,15.098519509026252,3.276481027579013
102.5,15.21845060061549,3.364590580143053
103.0,15.330106321274624,3.4511125131253424
103.5,15.433214814207936,3.5358571917950283
104.0,15.52752380121429,3.618639250530373
104.5,15.612801532279342,3.6992783117591346
105.0,15.688837631169534,3.7775996739102093
105.5,15.755443833864526,3.853434964830493
106.0,15.812454617465871,3.926622757439303
106.5,15.859727718010133,3.997009144726783
107.0,15.897144536388208,4.064448271549065
107.5,15.924610432324428,4.1288028210280485
108.0,15.942054907093302,4.189944453724101
108.5,15.949431676344716,4.247754198112403
109.0,15.946718635065398,4.302122791254936
109.5,15.933917717322334,4.352950968917256
110.0,15.911054654009181,4.40014970472911
110.5,15.878178632347408,4.443640398328513
111.0,15.835361861377383,4.483355012756994
111.5,15.782699048109729,4.519236161687861
112.0,15.720306789392787,4.551237147366944
112.5,15.648322884887145,4.579321950425181
113.0,15.566905576823045,4.603465172982718
113.5,15.476232722451037,4.623651936704008
114.0,15.376500905281398,4.639877737681613
114.5,15.267924491344164,4.652148260222293
115.0,15.150734636791153,4.660479151782197
115.5,15.02517825320492,4.664895761448009
116.0,14.891516936979885,4.665432844488117
116.5,14.750025869099481,4.662134235601893
117.0,14.600992691552934,4.655052493576974
117.5,14.444716366518374,4.6442485201238926
118.0,14.281506024288433,4.629791155695748
118.5,14.111679805733026,4.611756755118344
119.0,13.935563704884265,4.590228745854348
119.5,13.753490416993982,4.565297171704678
120.0,13.565798197157477,4.537058224712595
120.5,13.37282973432132,4.505613767982055
121.0,13.174931045200925,4.471070852053129
121.5,12.972450392328437,4.43354122739493
122.0,12.76573723013561,4.393140855482013
122.5,12.555141182653095,4.349989420814759
123.0,12.341011056078926,4.304209846129499
123.5,12.123693889138,4.255927812921138
124.0,11.903534043823138,4.205271289271327
124.5,11.680872338779029,4.152370066840063
125.0,11.45604522726531,4.097355308739192
125.5,11.229384021315875,4.040359109863892
126.0,11.001214163400267,3.981514071114084
126.5,10.771854546590841,3.920952888792661
127.0,10.541616883948294,3.858807960322947
127.5,10.310805127558698,3.7952110072842946
128.0,10.079714937389072,3.730292716623613
128.5,9.84863319987609,3.6641824007623174
129.0,9.617837595925092,3.5970076771836776
129.5,9.38759621777414,3.5288941679553525
130.0,9.15816723397146,3.4599652195166133
130.5,8.929798601523991,3.3903416429400393
131.0,8.702727824100672,3.320141474763471
131.5,8.477181755015971,3.2494797583803794
132.0,8.253376443577595,3.178468345875638
132.5,8.031517023256464,3.107215720099261
133.0,7.81179764002719,3.035826836683223
133.5,7.594401419132863,2.9644029856259104
134.0,7.379500468448298,2.893041671995392
134.5,7.167255916551015,2.821836515236204
135.0,6.9578179835580185,2.7508771665050014
135.5,6.751326082748684,2.680249243407797
136.0,6.547908950968826,2.610034281465761
136.5,6.347684805797826,2.540309701597239
137.0,6.150761527458626,2.471148792870762
137.5,5.957236863458831,2.402620709757014
138.0,5.767198653969285,2.33479048308675
138.5,5.580725075973573,2.2677190439062818
139.0,5.397884904257078,2.2014632594120136
139.5,5.218737787346938,2.136075980140376
140.0,5.043334536563465,2.0716060975889494
140.5,4.87171742639882,2.008098611448398
141.0,4.703920504499113,1.945594705632604
141.5,4.539969909590984,1.8841318323058285
142.0,4.379884195762375,1.8237438031204887
142.5,4.223674661579075,1.7644608868969316
143.0,4.0713456825930034,1.7063099129970067
143.5,3.922895045874533,1.6493143796660885
144.0,3.7783142852789,1.5934945666430829
144.5,3.6375890162353897,1.5388676513646269
145.0,3.500699268926985,1.4854478281178622
145.5,3.3676198188071287,1.433246429525563
146.0,3.2383205134787505,1.382272049777768
146.5,3.1127665950383188,1.332530669055181
147.0,2.990919017064115,1.2840257786212226
147.5,2.8727347555028575,1.2367585060915312
148.0,2.7581671127818845,1.1907277404217218
148.5,2.6471660145452276,1.145930256186164
149.0,2.5396782984806983,1.1023608367522124
149.5,2.435647994771523,1.0600123959856365
150.0,2.33501659776981,1.0188760981537444
150.5,2.237723328550236,0.9789414757228054
151.0,2.1437053880605155,0.9401965447757079
151.5,2.052898200640574,0.9026279178042786
152.0,1.965235647734671,0.866220913658208
152.5,1.8806502916700645,0.8309596644590505
153.0,1.7990735894221452,0.7968272193132294
153.5,1.7204360963292755,0.7638056446822754
154.0,1.6446676597608656,0.7318761212917154
154.5,1.5716976027795935,0.7010190374820066
155.0,1.5014548978730748,0.6712140789256785
155.5,1.4338683308618891,0.6424403146544216
156.0,1.3688666551196305,0.6146762793581939
156.5,1.306378736266739,0.5879000519355548
157.0,1.2463336875233129,0.5620893302903677
157.5,1.188660995927035,0.5372215023847463
158.0,1.1332906396408302,0.5132737135717137
158.5,1.0801531965910565,0.4902229302434719
159.0,1.0291799446909784,0.46804599984252876
159.5,0.9803029539161223,0.4467197072931775
160.0,0.9334551705079767,0.42622082792006105
160.5,0.8885704935904674,0.4065261769287772
161.0,0.8455838444898548,0.38761265553074997
161.5,0.8044312290532551,0.3694572938009605
162.0,0.7650497932639984,0.35203729036260956
162.5,0.7273778724536284,0.3353300489974639
163.0,0.6913550344106043,0.31931321228451365
163.5,0.6569221166848105,0.30396469237273227
164.0,0.6240212583849174,0.28926269899619383
164.5,0.5925959267625476,0.27518576484162743
165.0,0.5625909388732078,0.26171276837972185
165.5,0.533952478599119,0.24882295427215917
166.0,0.5066281093135255,0.23649595146652644
166.5,0.4805667824598445,0.2247117890909476
167.0,0.4557188423122466,0.2134509102595394
167.5,0.43203602717698103,0.2026941838986773
168.0,0.40947146728606904,0.1924229147025793
168.5,0.3879796796269394,0.18261885132492395
169.0,0.3675165599432488,0.17326419291115006
169.5,0.3480393721335669,0.1643415940737644
170.0,0.329506735265869,0.15583416841044873
170.5,0.31187860841692094,0.14772549066203344
171.0,0.29511627353671316,0.13999959760452385
171.5,0.2791823165291384,0.13264098776634997
172.0,0.26404060673115726,0.12563462005888645
172.5,0.2496562749637969,0.11896591140508174
173.0,0.2359956903195008,0.11262073344775989
173.5,0.22302643584164217,0.10658540841584456
174.0,0.2107172832434335,0.10084670422340633
174.5,0.19903816680505587,0.09539182887308335
175.0,0.1879601565795972,0.09020842423207569
175.5,0.1774554310303575,0.08528455924558481
176.0,0.16749724921426515,0.0806087226492714
176.5,0.15805992261855908,0.07616981523905073
177.0,0.1491187867505469,0.07195714175334277
177.5,0.14065017257315113,0.06796040241975353
178.0,0.13263137787211476,0.06416968421509464
178.5,0.12504063863415907,0.06057545188465298
179.0,0.11785710050907033,0.05716853876371035
179.5,0.11106079042264869,0.053940137441487374
180.0,0.1046325884016716,0.050881790304951595
180.5,0.09855419966651599,0.04798537999728923
181.0,0.0928081270418377,0.04524311982329646
181.5,0.08737764373072744,0.0426475441315006
182.0,0.08224676649304165,0.0401914987004767
182.5,0.07740022926414193,0.03786813115457965
183.0,0.0728234572460636,0.03567088143216775
183.5,0.068502541499164,0.03359347232734965
184.0,0.06442421405857263,0.03162990012434232
184.5,0.06057582359626571,0.02977442534168117
185.0,0.05694531164631688,0.02802156360177552
185.5,0.053521189407819456,0.02636607663964817
186.0,0.05029251513713141,0.024802963463138313
186.5,0.047248872138452316,0.023327451675377812
187.0,0.044380347359292555,0.021934988968970566
187.5,0.04167751059513466,0.02062123480001086
188.0,0.039131394305502415,0.01938205224886589
188.5,0.03673347404174124,0.01821350007351799
189.0,0.034475649485062355,0.017111824960209996
189.5,0.03235022609180682,0.01607345397515996
190.0,0.03034989734143593,0.01509498722020633
190.5,0.02846772758144302,0.01417319069440803
191.0,0.02669713546220196,0.013304989362853379
191.5,0.02503187795371104,0.012487460433223834
192.0,0.02346603493525147,0.01171782684001043
192.5,0.021993994348149144,0.010993450935689604
193.0,0.0206104379011009,0.010311828387627536
193.5,0.019310327316894593,0.009670582278995704
194.0,0.01808889110881089,0.00906745741154225
194.5,0.01694161187453577,0.008500314807670682
195.0,0.015864214095032615,0.007967126408927482
195.5,0.014852652425513847,0.007465969967690127
196.0,0.013903100465410068,0.006995024128574702
196.5,0.013011939994054365,0.006552563695845044
197.0,0.01217575065867518,0.0061369550829010406
197.5,0.011391300101219269,0.005746651939749851
198.0,0.010655534510501354,0.005380190954218391
198.5,0.009965569586195851,0.00503618782254645
199.0,0.0093186819012436,0.004713333384904889
199.5,0.00871230064933988,0.004410389921311215
200.0,0.008143999764295152,0.004126187603363054
200.5,0.007611490398213706,0.0038596210971773622
201.0,0.007112613745614752,0.003609646312907734
201.5,0.006645334200822202,0.0033752772962125275
202.0,0.0062077328361711415,0.0031555832570611393
202.5,0.005798001188817818,0.0029496857312933345
203.0,0.005414435344193839,0.002756755870385782
203.5,0.005055430304411722,0.0025760118549295985
204.0,0.004719474630206087,0.0024067164273816684
204.5,0.004405145345280662,0.0022481745397197324
205.0,0.00411110309222411,0.0020997311117056565
205.5,0.0038360875294560304,0.001960768895542108
206.0,0.0035789129589666128,0.0018307064427940379
206.5,0.0033384641749182515,0.0017089961695373247
207.0,0.0031136925234835477,0.0015951225157916815
207.5,0.00290361216460044,0.0014886001953930078
208.0,0.0027072965266308367,0.0013889725325609897
208.5,0.0025238749452129792,0.0012958098815204402
209.0,0.0023525294778991347,0.001208708125639015
209.5,0.002192491886468356,0.0011272872526491347
210.0,0.002043040779098281,0.0010511900026276492
210.5,0.0019034989048696837,0.0009800805855126984
211.0,0.001773230593362318,0.0009136434650429166
211.5,0.0016516393323799251,0.0008515822061092769
212.0,0.001538165477115905,0.0007936183826142408
212.5,0.0014322840843385897,0.0007394905430361051
213.0,0.0013335028654361833,0.0006889532309983886
213.5,0.001241360252415905,0.0006417760582445029
214.0,0.0011554235711996074,0.0005977428275166452
214.5,0.0010752873167989342,0.0005566507029346913
215.0,0.0010005715251868777,0.0005183094255656854
215.5,0.0009309202369093195,0.0004825405719672612
216.0,0.0008660000476997219,0.0004491768535788057
216.5,0.0008054987415726356,0.00041806145492241794
217.0,0.0007491240020770564,0.0003890474086615511
217.5,0.0006966021975889831,0.00036199700564869524
218.0,0.0006476772367138464,0.000336781238174469
218.5,0.0006021094900538615,0.000313279274709043
219.0,0.0005596747747729251,0.00029137796450289536
219.5,0.0005201633985625052,0.000270971370487498
220.0,0.0004833792597762202,0.00025196032898766157
220.5,0.00044913900065855197,0.0002342520348259308
221.0,0.00041727121074457916,0.00021775965046565526
221.5,0.00038761567765285566,0.00020240193790317947
222.0,0.000360022682632768,0.0001881029120810362
222.5,0.0003343523383610445,0.00017479151465313257
223.0,0.0003104739666097075,0.00016240130698972008
223.5,0.0002882655135298364,0.00015087018136449528
224.0,0.0002676130004121999,0.0001401400893185253
224.5,0.00024841000789729774,0.00013015678624589291
225.0,0.00023055719171378712,0.00012086959129405397
225.5,0.00021396182812583202,0.00011223116171796152
226.0,0.0001985373873667687,0.00010419728087107974
226.5,0.00018420313342879533,9.672665905855986e-05
227.0,0.00017088374866633637,8.978074651812372e-05
227.5,0.00015850898175446054,8.332355783266835e-05
228.0,0.00014701331762341204,7.732150711531941e-05
228.5,0.00013633566806610096,7.174325334268629e-05
229.0,0.00012641908178744716,6.655955524546168e-05
229.5,0.00011721047273293457,6.174313519732567e-05
230.0,0.00010866036559875759,5.726855157341515e-05
230.5,0.00010072265748767006,5.3112079078458736e-05
231.0,9.335439473322453e-05,4.925159657211587e-05
231.5,8.651556397064928e-05,4.566648194514763e-05
232.0,8.01688965852858e-05,4.2337513624841116e-05
232.5,7.427968571942987e-05,3.924677831166403e-05
233.0,6.881561506570786e-05,3.637758457148898e-05
233.5,6.37465987198998e-05,3.3714381928952416e-05
234.0,5.9044631408503714e-05,3.124268512764712e-05
234.5,5.468364844644057e-05,2.8949003241939035e-05
235.0,5.063939481822735e-05,2.682077334329387e-05
235.5,4.6889302811806796e-05,2.484629844114261e-05
236.0,4.341237766811439e-05,2.3014689434549818e-05
236.5,4.0189090741481946e-05,2.1315810826316894e-05
237.0,3.720127969621757e-05,1.974022996569495e-05
237.5,3.443205529325064e-05,1.8279169599637207e-05
238.0,3.1865714347674025e-05,1.69244635255267e-05
238.5,2.9487658463435535e-05,1.5668515150607864e-05
239.0,2.7284318175405292e-05,1.450425877496484e-05
239.5,2.5243082151648316e-05,1.3425123425858886e-05
240.0,2.335223113003654e-05,1.2424999081593787e-05
240.5,2.160087628340702e-05,1.1498205132852987e-05
241.0,1.9978901726380865e-05,1.0639460938674224e-05
241.5,1.847691089476112e-05,9.843858342925684e-06
242.0,1.7086176545187458e-05,9.106836025348588e-06
242.5,1.5798594138497614e-05,8.42415556896085e-06
243.0,1.4606638385083676e-05,7.791879132899813e-06
243.5,1.350332274448695e-05,7.20634862664249e-06
244.0,1.248216168459684e-05,6.664166288001731e-06
244.5,1.1537135518153604e-05,6.162176573378171e-06
245.0,1.0662657645845747e-05,5.6974492744706205e-06
245.5,9.853544046181997e-06,5.2672637810316945e-06
246.0,9.104984862545398e-06,4.869094414319384e-06
246.5,8.412517947440168e-06,4.500596760656515e-06
247.0,7.772004232956714e-06,4.159594938985529e-06
247.5,7.179604804940417e-06,3.844069740511812e-06
248.0,6.631759566287327e-06,3.552147582479823e-06
248.5,6.12516738223552e-06,3.2820902218371916e-06
249.0,5.6567676075030305e-06,3.0322851780263063e-06
249.5,5.2237229016692835e-06,2.8012368174135973e-06
250.0,4.82340324533276e-06,2.58755805493626e-06
250.5,4.453371075327251e-06,2.389962631425895e-06
251.0,4.111367462665766e-06,2.2072579277698034e-06
251.5,3.7952992619266715e-06,2.038338279603645e-06
252.0,3.503227165521252e-06,1.8821787586039419e-06
252.5,3.2333546007053255e-06,1.7378293886746736e-06
253.0,2.984017411337821e-06,1.604409767407895e-06
253.5,2.7536742702637483e-06,1.4811040651522748e-06
254.0,2.5408977718239405e-06,1.3671563758535014e-06
254.5,2.344366157384724e-06,1.2618663955441902e-06
255.0,2.1628556299516864e-06,1.1645854059652365e-06
255.5,1.995233216896581e-06,1.074712542302136e-06
256.0,1.8404501425979864e-06,9.916913254249064e-07
256.5,1.6975356753866119e-06,9.150064403348056e-07
257.0,1.5655914156066151e-06,8.441807437506103e-07
257.5,1.4437859938654404e-06,7.78772484917037e-07
258.0,1.3313501506568009e-06,7.183727247929175e-07
258.5,1.2275721705137218e-06,6.626029397816136e-07
259.0,1.1317936456901038e-06,6.111127971052701e-07
259.5,1.0434055460882827e-06,5.63578089801976e-07
260.0,9.6184457375444e-07,5.196988201446072e-07
260.5,8.865897817608355e-07,4.79197421045727e-07
261.0,8.171594386905388e-07,4.418171057278183e-07
261.5,7.531081212432048e-07,4.073203366055802e-07
262.0,6.940240186954691e-07,3.7548740495004077e-07
262.5,6.395264340825076e-07,3.461151134856611e-07
263.0,5.892634680235379e-07,3.1901555461414047e-07
263.5,5.429098720985593e-07,2.940149774647416e-07
264.0,5.001650596011443e-07,2.709527374430243e-07
264.5,4.607512623470291e-07,2.4968032239010653e-07
265.0,4.244118230147105e-07,2.3006044987503342e-07
265.5,3.909096132361403e-07,2.119662305254705e-07
266.0,3.60025568346519e-07,1.9528039265857667e-07
266.5,3.315573303455347e-07,1.7989456380625722e-07
267.0,3.0531799122133956e-07,1.6570860503864624e-07
267.5,2.811349293460791e-07,1.5262999427812847e-07
268.0,2.588487321706707e-07,1.4057325506487904e-07
268.5,2.383121989293656e-07,1.2945942748509665e-07
269.0,2.1938941751385506e-07,1.1921557820605909e-07
269.5,2.0195491009457147e-07,1.0977434677899213e-07
270.0,1.858928424555135e-07,1.0107352557259605e-07
270.5,1.7109629237037602e-07,9.305567088791895e-08
271.0,1.5746657268384453e-07,8.566774298005373e-08
271.5,1.4491260507436064e-07,7.886077287474417e-08
272.0,1.3335034076508677e-07,7.25895540192398e-08
272.5,1.2270222471971548e-07,6.68123569474094e-08
273.0,1.1289670011059094e-07,6.149066526993345e-08
273.5,1.0386775007964892e-07,5.658893142201098e-08
274.0,9.555447402917069e-08,5.207435071407473e-08
274.5,8.790069588043351e-08,4.7916652336087916e-08
275.0,8.08546019250882e-08,4.408790606365111e-08
275.5,7.436840606750735e-08,4.056234350488526e-08
276.0,6.839804041735242e-08,3.731619281135778e-08
276.5,6.29028693410712e-08,3.432752585462555e-08
277.0,5.784542521976827e-08,3.1576116942698795e-08
277.5,5.319116428964248e-08,2.9043312218270167e-08
278.0,4.890824106065885e-08,2.6711908943265093e-08
278.5,4.4967299919971366e-08,2.456604393249018e-08
279.0,4.134128262944697e-08,2.2591090453199674e-08
279.5,3.80052505220262e-08,2.077356295755905e-08
280.0,3.493622029012059e-08,1.910102906153192e-08
280.5,3.211301234128275e-08,1.7562028226906377e-08
281.0,2.9516110772448755e-08,1.614599664324617e-08
281.5,2.712753408457052e-08,1.4843197843721147e-08
282.0,2.4930715824823884e-08,1.3644658623245487e-08
282.5,2.291039440416478e-08,1.2542109859323317e-08
283.0,2.1052511394153692e-08,1.1527931865646063e-08
283.5,1.9344117658996843e-08,1.0595103935970971e-08
284.0,1.7773286726956767e-08,9.737157761289476e-09
284.5,1.6329034849941712e-08,8.94813442691068e-09
285.0,1.5001247241447757e-08,8.222544717972771e-09
285.5,1.3780610021338672e-08,7.555332482177835e-09
286.0,1.2658547431426784e-08,6.941840817338313e-09
286.5,1.162716391866969e-08,6.377780868733915e-09
287.0,1.0679190713212943e-08,5.859203037405657e-09
287.5,9.807936556665747e-09,5.382470415451546e-09
288.0,9.007242262059505e-09,4.9442342782225634e-09
288.5,8.271438811060969e-09,4.541411476127865e-09
289.0,7.595308716334763e-09,4.171163580618987e-09
289.5,6.974050397605998e-09,3.830877649903478e-09
290.0,6.403245339084732e-09,3.518148490102696e-09
290.5,5.878827813594236e-09,3.2307622969763972e-09
291.0,5.397056975099094e-09,2.9666815720432694e-09
291.5,4.954491136455512e-09,2.7240312149831953e-09
292.0,4.547964063195055e-09,2.501085701661522e-09
292.5,4.174563127088804e-09,2.2962572640120215e-09
293.0,3.831609175199435e-09,2.108084994394786e-09
293.5,3.5166379811865055e-09,1.935224802946017e-09
294.0,3.2273831558521687e-09,1.7764401618939194e-09
294.5,2.9617604033629847e-09,1.630593575861455e-09
295.0,2.717853018315977e-09,1.4966387218429921e-09
295.5,2.4938985268870804e-09,1.3736132068560772e-09
296.0,2.2882763827570843e-09,1.2606318952577858e-09
296.5,2.0994966354000577e-09,1.1568807614016728e-09
297.0,1.92618949468441e-09,1.0616112267186369e-09
297.5,1.767095721616706e-09,9.741349434539362e-10
298.0,1.6210577804894455e-09,8.938189902023713e-10
298.5,1.4870116927100903e-09,8.200814470722297e-10
299.0,1.3639795372209146e-09,7.523873207925099e-10
299.5,1.2510625466966757e-09,6.902447923725289e-10
300.0,1.1474347526565508e-09,6.332017620425557e-10
300.5,1.0523371362729642e-09,5.808426681616938e-10
301.0,9.650722450258558e-10,5.327855585870987e-10
301.5,8.84999238457885e-10,4.886793946680479e-10
302.0,8.115293291536168e-10,4.4820156956980733e-10
302.5,7.441215877121727e-10,4.1105562405536576e-10
303.0,6.82279082924917e-10,3.769691441668765e-10
303.5,6.255453306230998e-10,3.4569182646134513e-10
304.0,5.735010267393649e-10,3.169936975744053e-10
304.5,5.257610420449876e-10,2.906634759190269e-10
305.0,4.819716577939439e-10,2.6650706427927107e-10
305.5,4.4180802313681604e-10,2.4434616293881074e-10
306.0,4.049718166726326e-10,2.240169937955017e-10
306.5,3.711890958947702e-10,2.0536912666200537e-10
307.0,3.40208319566984e-10,1.882643996431398e-10
307.5,3.117985292458137e-10,1.7257592611770837e-10
308.0,2.857476772537124e-10,1.5818718144014094e-10
308.5,2.6186108941035393e-10,1.4499116301916677e-10
309.0,2.399600517542675e-10,1.32889617930444e-10
309.5,2.1988051133927305e-10,1.217923326808285e-10
310.0,2.014718819757457e-10,1.1161648016678592e-10
310.5,1.8459594651070316e-10,1.022860192610945e-10
311.0,1.691258479078445e-10,9.373114282301904e-11
311.5,1.5494516200339788e-10,8.58877702599199e-11
312.0,1.4194704538001908e-10,7.869708107498136e-11
312.5,1.3003345232278665e-10,7.210508611841711e-11
313.0,1.1911441530203286e-10,6.60622335200023e-11
313.5,1.0910738387053436e-10,6.052304652081162e-11
314.0,9.993661727042174e-11,5.5445790643199804e-11
314.5,9.153262642078167e-11,5.079216784181439e-11
315.0,8.38316613028355e-11,4.652703546613217e-11
315.5,7.677524007811249e-11,4.261814803791312e-11
316.0,7.030971656833347e-11,3.903592000622271e-11
316.5,6.438588299576413e-11,3.5753207789349206e-11
317.0,5.895860513140925e-11,3.274510954802264e-11
317.5,5.3986487227284004e-11,2.998878125873114e-11
318.0,4.943156431966835e-11,2.746326777046703e-11
318.5,4.525901968415826e-11,2.514934763369127e-11
319.0,4.143692540179273e-11,2.302939058739321e-11
319.5,3.7936004159776385e-11,2.1087226679499744e-11
320.0,3.4729410561456287e-11,1.9308026078161127e-11
320.5,3.1792530359284045e-11,1.7678188707167583e-11
321.0,2.9102796152453594e-11,1.6185242908448546e-11
321.5,2.6639518208631427e-11,1.481775239874893e-11
322.0,2.438372917750003e-11,1.3565230846603268e-11
322.5,2.2318041563463426e-11,1.2418063450043097e-11
323.0,2.0426516916505268e-11,1.1367434945447726e-11
323.5,1.8694545784478582e-11,1.0405263523927066e-11
324.0,1.7108737547626935e-11,9.52414017392425e-12
324.5,1.5656819327427975e-11,8.71727300763677e-12
325.0,1.4327543227407656e-11,7.978436164646722e-12
325.5,1.3110601223854845e-11,7.30192291907122e-12
326.0,1.1996547079791287e-11,6.682502646821344e-12
326.5,1.0976724706509533e-11,6.115381337402371e-12
327.0,1.0043202443838198e-11,5.596165360293331e-12
327.5,9.188712773358396e-12,5.1208282194883606e-12
328.0,8.406597018380293e-12,4.685680051430609e-12
328.5,7.69075462087326e-12,4.2873396414725914e-12
329.0,7.035596618983323e-12,3.922708752294589e-12
329.5,6.43600297950413e-12,3.588948574533235e-12
330.0,5.887283467909727e-12,3.2834581253340274e-12
330.5,5.385141764509074e-12,3.0038544347529846e-12
331.0,4.9256425591280256e-12,2.747954372994336e-12
331.5,4.505181378633524e-12,2.5137579834751613e-12
332.0,4.120456921743313e-12,2.2994331977391848e-12
332.5,3.768445694056063e-12,2.103301818378751e-12
333.0,3.446378753223304e-12,1.923826665438179e-12
333.5,3.1517203897877857e-12,1.7595997903294967e-12
334.0,2.8821485835443623e-12,1.6093316691539092e-12
334.5,2.6355370884422018e-12,1.4718412945453033e-12
335.0,2.4099390111355655e-12,1.3460470917871824e-12
335.5,2.203571759391654e-12,1.2309585910492398e-12
336.0,2.0148032467579917e-12,1.1256687931878121e-12
336.5,1.8421392492521997e-12,1.0293471716960022e-12
337.0,1.6842118184313585e-12,9.412332581111908e-13
337.5,1.539768663088781e-12,8.606307625239888e-13
338.0,1.407663419070042e-12,7.86902184814625e-13
338.5,1.286846733350173e-12,7.194638758991054e-13
339.0,1.176358094618367e-12,6.577815116246134e-13
339.5,1.075318348219772e-12,6.013659450358438e-13
340.0,9.829228384468868e-13,5.497694055636551e-13
340.5,8.984351258931755e-13,5.02582016285079e-13
341.0,8.211812319133932e-13,4.594286027882659e-13
341.5,7.505443662103895e-13,4.199657693647076e-13
342.0,6.859600972160454e-13,3.8387922026003273e-13
342.5,6.26911928281222e-13,3.508813055584675e-13
343.0,5.729272457608124e-13,3.207087729681988e-13
343.5,5.235736078977661e-13,2.931207083277265e-13
344.0,4.784553459950757e-13,2.6789664907825456e-13
344.5,4.3721045173626944e-13,2.448348562546939e-13
345.0,3.9950772669044827e-13,2.2375073174755063e-13
345.5,3.6504417203345983e-13,2.0447536868867828e-13
346.0,3.3354259834718327e-13,1.8685422382369732e-13
346.5,3.04749437037705e-13,1.707459016602829e-13
347.0,2.7843273645285015e-13,1.5602104103133611e-13
347.5,2.5438032719157117e-13,1.4256129549157568e-13
348.0,2.3239814239257595e-13,1.3025839968109037e-13
348.5,2.1230867997698164e-13,1.1901331444518353e-13
349.0,1.9394959490855736e-13,1.0873544410129127e-13
349.5,1.7717241053341669e-13,9.93419197953362e-14
350.0,1.6184133897630695e-13,9.075694339570264e-14
350.5,1.4783220140978036e-13,8.291118683685205e-14
351.0,1.350314397818148e-13,7.574124224990908e-14
351.5,1.2333521229265943e-13,6.918911860751179e-14
352.0,1.126485655581208e-13,6.320178096775946e-14
352.5,1.0288467698903883e-13,5.773072872988297e-14
353.0,9.396416145980467e-14,5.2731609614767274e-14
353.5,8.581443683653809e-14,4.8163866358931306e-14
354.0,7.836914339173468e-14,4.3990413363087285e-14
354.5,7.156761255026496e-14,4.0177340767864064e-14
355.0,6.535438079472346e-14,3.669364364142909e-14
355.5,5.967874490919398e-14,3.351097415818551e-14
356.0,5.449435506218012e-14,3.060341482592218e-14
356.5,4.9758842524196476e-14,2.794727098210434e-14
357.0,4.543347908556512e-14,2.5520880929648596e-14
357.5,4.148286548737442e-14,2.3304442219661643e-14
358.0,3.787464640521729e-14,2.1279852714280194e-14
358.5,3.4579249732967275e-14,1.9430565177884683e-14
359.0,3.1569648104057505e-14,1.7741454250447168e-14
359.5,2.8821140761957606e-14,1.6198694753419043e-14
360.0,2.6311154051130386e-14,1.4789650367103e-14
360.5,2.4019058945918218e-14,1.350277179956276e-14
361.0,2.1926004168680084e-14,1.2327503641423198e-14
361.5,2.0014763571103835e-14,1.125419916897137e-14
362.0,1.8269596564897082e-14,1.027404242030662e-14
362.5,1.6676120490879376e-14,9.378976926384257e-15
363.0,1.5221193909650713e-14,8.56164053108964e-15
363.5,1.3892809883223455e-14,7.81530578237084e-15
364.0,1.2679998395942858e-14,7.133825420315934e-15
364.5,1.1572737135295924e-14,6.511582528223893e-15
365.0,1.0561869919378831e-14,5.943444949495388e-15
365.5,9.63903211837283e-15,5.424723606845478e-15
366.0,8.796582472836847e-15,4.951134391174414e-15
366.5,8.027540762393252e-15,4.518763315664097e-15
367.0,7.325530824855668e-15,4.124034656514764e-15
367.5,6.684728468386141e-15,3.763681825399373e-15
368.0,6.099813858204759e-15,3.4347207403758427e-15
368.5,5.5659279950116496e-15,3.134425481827683e-15
369.0,5.0786329348970455e-15,2.8603060381560586e-15
369.5,4.633875430365007e-15,2.610087962562076e-15
370.0,4.227953699413507e-15,2.3816937774666035e-15
370.5,3.857487054612062e-15,2.1732259770348067e-15
371.0,3.51938814699356e-15,1.982951491012373e-15
371.5,3.2108376005090235e-15,1.809287484739823e-15
372.0,2.9292608319469218e-15,1.6507883808813833e-15
372.5,2.6723068687429316e-15,1.5061339981692415e-15
373.0,2.4378289931395167e-15,1.3741187113991584e-15
