"N","degree_F","real_root_count_in_scan","real_pole_count_in_scan","multiplicity","omega_lo_rational","omega_hi_rational","omega_mid","signature_at_mid","Pi_direct_at_mid","sigma_min_C_at_mid","det_degree"
"8","30","0","0","0","","","","","","","16"
"12","46","0","0","0","","","","","","","24"
"16","62","0","0","0","","","","","","","32"
"18","70","0","0","0","","","","","","","36"
"20","78","0","0","0","","","","","","","40"
"22","86","0","0","0","","","","","","","44"
"24","94","2","0","1","-2361/162719","-1603/110478","-0.014509676162428556","2.628312840462344e-13","4.635561754494742","0.6473300594163623","48"
"24","94","2","0","1","1603/110478","2361/162719","0.014509676162428556","2.628312840462344e-13","4.635561754494742","0.6473300594163623","48"
"32","126","2","0","1","-3205/30726","-34904/334621","-0.10430905417255003","-9.329863772049442e-13","4.631530103689148","0.6640820084690555","64"
"32","126","2","0","1","34904/334621","3205/30726","0.10430905417255003","-9.329863772049442e-13","4.631530103689148","0.6640820084690555","64"
