N,transfer_amplitude,output_gain_noise,universal_cp_bound,bound_residual,obc_rapidity_gap
20.0,0.4565745895933728,41.00510783494014,-0.7915396441376432,41.796647479077784,0.10477954530877126
30.0,0.8869477916489678,171.25471149037162,-0.2133236148890193,171.46803510526064,0.098475289685491
40.0,1.7136190886098466,667.623566619971,1.9364903808480411,665.687076239123,0.09620005575068674
50.0,3.301057746619868,2531.675255956367,9.89698224651904,2521.778273709848,0.09513210051559835
60.0,6.348907532326671,9473.12801767619,39.308626854034344,9433.819390822156,0.09454746560078658
70.0,12.200219971834375,35200.39915700204,147.84536736114637,35052.55378964089,0.09419320070756024
80.0,23.433145090461814,130305.42040409996,548.1122888306346,129757.30811526932,0.09396324871778369
90.0,44.99675282192092,481372.0586207647,2023.7077645170484,479348.35085624765,0.09376752859932631
100.0,86.39137855914112,1776264.297103921,7462.4702893488275,1768801.826814572,0.09300610814089862
