J,transfer_exponent_log_abs_z_d,direct_endpoint_response_exponent,root_separation_log_abs_z_dplus1_over_z_d,obc_rapidity_gap_N60
0.0,0.07078467684516682,0.07078467684516679,0.7558938963393012,0.09310268907841923
0.005,0.06946422562417165,0.06960675652494146,0.7575050569407243,0.09345593292969213
0.01,0.06521272745261567,0.0659399301839166,0.7626281039936641,0.09454780133488659
0.015,0.05662427871810545,0.059314258908920794,0.7726672387805089,0.09649751116156886
0.02,0.03389463024664564,0.04865023313578069,0.7974239904494336,0.099650103880485
0.025,0.03306185789215478,0.0319567562324869,0.8008567179729801,0.10523648886231347
0.03,0.032053231297058934,0.01839134437126401,0.8050339770867987,0.1100442568642097
0.035,0.03087394321750225,0.027947405446892302,0.8099460853144068,0.11408683872507475
0.04,0.02952985288774792,0.03222240531918131,0.8155827276539588,0.1175190647988286
0.045,0.028027371693024404,0.02857877964270275,0.8219334724815713,0.12043919415388177
0.05,0.026373346884650616,0.026061456548186295,0.8289883429433865,0.12292140324800456
0.055,0.02457494740406979,0.026229042682099846,0.8367384456147414,0.12502425990955332
0.06,0.022639555231613012,0.02620130014899011,0.8451766657680617,0.1267975033744052
0.065,0.02057466491961937,0.0220107931809077,0.8542984490815808,0.12828593931150217
0.07,0.01838779318680216,0.017199470672130675,0.8641027043080609,0.12953073873438015
0.075,0.01608639970593016,0.0160023046325494,0.8745928826516952,0.1305676615580019
0.08,0.013677819556429353,0.013311383671774523,0.8857783216514565,0.1314325026188822
0.085,0.01116920726474737,0.011079480079470298,0.8976759921309282,0.1321528417159041
0.09,0.008567491929278479,0.007282670846389511,0.910312871197112,0.13275576963868946
0.095,0.005879342621251623,0.004702112404037641,0.9237293118759826,0.13326279473150415
0.1,0.003111143056806972,0.0030264224099732194,0.9379840522274945,0.13368920098315878
0.105,0.00026897443238099587,2.55763843252701e-05,0.9531620402388365,0.13405265827548266
0.11,-0.002641394713460949,-0.0028299392446334477,0.9693873737687381,0.13436130054969533
0.115,-0.005614512721570289,-0.006121686075843422,0.9868462381600039,0.13462871180843905
0.12,-0.008645244160944398,-0.008947374159351713,1.0058313876856224,0.13485879992169805
0.125,-0.011728765257573668,-0.010295043051395126,1.026839795887112,0.13505927226813844
0.13,-0.014860556252078808,-0.012878774214428197,1.0508311142470188,0.1352355753799883
0.135,-0.018036391426008207,-0.016994817753079136,1.0801788909832035,0.13538383876580018
0.14,-0.021252327429606713,-0.021172925801934164,1.127993785507897,0.1355204936826122
0.145,-0.02450469044273043,-0.024950157053219065,1.155495848037641,0.1356418723978299
0.15,-0.027790062608085198,-0.02732586232158602,1.1620665923683489,0.1357523547158977
0.155,-0.031105268093392067,-0.03009132852559496,1.1686970033389632,0.13584877747382337
0.16,-0.03444735906686728,-0.03378234270733082,1.1753811852859126,0.13593153896180726
0.165,-0.037813601808329475,-0.038472803938392156,1.1821136707688398,0.1360108453645739
0.17,-0.04120146312579121,-0.04342111168639421,1.1888893934037632,0.13608166359766688
0.17500000000000002,-0.044608597203539324,-0.047753838813046845,1.1957036615592582,0.13614857280143672
0.18,-0.04803283297171295,-0.04995093810948756,1.202552133095604,0.13619789585235695
