kappa,N,deembedded_transmission_zero,finite_probe_chebyshev_chi,finite_probe_chi_relative_error,deembedded_output_noise_zero,first_channel_noise_lower_bound,first_channel_noise_direct,first_channel_noise_relative_error,noise_over_first_channel_bound,transmission_zero,output_noise_zero,output_noise_lower_bound_zero,rapidity_gap
0.0,20.0,2.932888981371897,2.932888981371896,3.028339720123564e-16,260.99847745870517,26.02055927558435,26.02055927558436,4.096046100900785e-16,10.030471470442437,0.0,0.0,0.0,0.21116917377413302
0.0,30.0,5.95263933052651,5.952639330526511,1.492074977809156e-16,1138.6310032708354,107.1875928729766,107.18759287297655,3.9773786315108346e-16,10.622787327822335,0.0,0.0,0.0,0.20513067659404174
0.0,40.0,12.081573910415806,12.08157391041578,2.0584235080632516e-15,4753.89987100018,441.5423951623388,441.54239516234065,4.2483640143252616e-15,10.766576263310677,0.0,0.0,0.0,0.20293432282953444
0.0,50.0,24.520959535428336,24.520959535428258,3.1874650264270733e-15,19646.43017443516,1818.864306027783,1818.8643060277943,6.250429861362043e-15,10.80148206181526,0.0,0.0,0.0,0.20193971576541558
0.0,60.0,49.768139564973275,49.768139564973055,4.425888731445698e-15,80993.86156977376,7492.5248401698755,7492.524840169943,8.982633940746569e-15,10.809955695513905,0.0,0.0,0.0,0.19845062322921447
0.0,80.0,205.01200705508197,205.0120070550806,6.654449523499671e-15,1374708.379360628,127140.51718617608,127140.51718617775,1.3162367813965e-14,10.812512091228928,0.0,0.0,0.0,0.20013312002100136
0.0,100.0,844.5146514243731,844.5146514243658,8.750167258130577e-15,23327726.406253815,2157445.114323015,2157445.114323052,1.7267138217005692e-14,10.812662742326044,0.0,0.0,0.0,0.16644745248213869
0.0,120.0,3478.8450038382803,3478.8450038382457,9.934561220531523e-15,395848088.40392864,36609646.746209234,36609646.746209964,1.994438524797128e-14,10.812671620354187,0.0,0.0,0.0,0.14008084682769886
0.0,140.0,14330.553697699052,14330.553697698868,1.2820016144081861e-14,6717139308.266244,621228427.0799578,621228427.0799737,2.552174823161021e-14,10.812672143545816,0.0,0.0,0.0,0.11801895366510812
0.0001,20.0,2.9325742050486037,2.9325742050486054,6.057329551430084e-16,260.96822290527604,26.01615670331665,26.016156703316614,1.3655797508121505e-15,10.031005958386109,0.00029325742050486037,0.026096822290527604,0.002601615670331665,0.21116938531600246
0.0001,30.0,5.952000455364761,5.952000455364764,4.476705401960662e-16,1138.4995603721109,107.1694571704026,107.16945717040248,1.0608137870928151e-15,10.623358468279475,0.0005952000455364761,0.1138499560372111,0.01071694571704026,0.20513074270391615
0.0001,40.0,12.080277238963424,12.080277238963408,1.3234142924334156e-15,4753.351598661153,441.46768799392646,441.46768799392765,2.7039618720484725e-15,10.767156301429127,0.0012080277238963424,0.4753351598661153,0.044146768799392645,0.2029342274355337
0.0001,50.0,24.518327789891668,24.51832778989161,2.318405208867603e-15,19644.16483891268,1818.5565616219942,1818.5565616220026,4.626100814756115e-15,10.802064259905006,0.0024518327789891667,1.9644164838912679,0.18185565616219942,0.2018857229627449
0.0001,60.0,49.76279813129166,49.76279813129147,3.855220081255671e-15,80984.52306309083,7491.25713559337,7491.257135593429,7.891486641722086e-15,10.810538417952221,0.0049762798131291665,8.098452306309083,0.749125713559337,0.20016314452871029
0.0001,80.0,204.99000386088602,204.99000386088474,6.239216060682405e-15,1374549.879527889,127119.00553036784,127119.00553036941,1.2363272022987736e-14,10.81309497185705,0.020499000386088602,137.4549879527889,12.711900553036784,0.1937170900618715
0.0001,100.0,844.4240127337738,844.4240127337669,8.21257685290984e-15,23325036.790603172,2157080.0834284453,2157080.083428481,1.6622432981582594e-14,10.813245632276457,0.08444240127337738,2332.503679060317,215.70800834284455,0.1717718299893906
0.0001,120.0,3478.471632037788,3478.471632037754,9.804895633575957e-15,395802448.3301869,36603452.5436254,36603452.543626115,1.9540663177939794e-14,10.813254510853978,0.3478471632037788,39580.24483301869,3660.3452543625403,0.143104944199496
0.0001,140.0,14329.015651413496,14329.015651413318,1.2440558785342067e-14,6716364842.653503,621123317.7694299,621123317.7694453,2.4758365870526406e-14,10.813255034077978,1.4329015651413497,671636.4842653504,62112.33177694299,0.12562944724535718
0.00016025476519212207,20.0,2.9323845617800246,2.9323845617800233,4.543290968431069e-16,260.94999564687913,26.013504435090525,26.01350443509055,9.56003287202506e-16,10.031328008804326,0.0004699285994010616,0.04181848027927589,0.004168788045069658,0.21116951276131118
0.00016025476519212207,30.0,5.951615552292572,5.951615552292568,7.461658199327056e-16,1138.4203708031982,107.15853156946514,107.1585315694653,1.4587676741901651e-15,10.623702603326747,0.000953774752846428,0.18243728921299507,0.017172665314997237,0.20513078239915003
0.00016025476519212207,40.0,12.079496033407898,12.079496033407876,1.7646665071000682e-15,4753.021284462241,441.4226817028325,441.422681702834,3.3481036467807875e-15,10.767505797678956,0.0019357968004729525,0.7616943098946549,0.07074008820676427,0.20293449057964463
0.00016025476519212207,50.0,24.516742242349785,24.5167422423497,3.4778327172656265e-15,19642.8000563799,1818.3711652992072,1818.3711652992192,6.627252471036835e-15,10.802415057625344,0.003928924771323545,3.147852310750963,0.29140264412714983,0.20190319893370617
0.00016025476519212207,60.0,49.75958007813034,49.75958007813011,4.712240385322087e-15,80978.89695129766,7490.49342466169,7490.4934246617595,9.227909753871046e-15,10.81088953161388,0.007974209821479374,12.977254116447256,1.2003872649422935,0.19720586887353092
0.00016025476519212207,80.0,204.97674759808058,204.97674759807916,6.93291062607102e-15,1374454.3891234298,127106.04613351493,127106.04613351666,1.3623883087014316e-14,10.813446180834491,0.032848500556175275,220.2628653962568,20.36934957762547,0.18426650508445716
0.00016025476519212207,100.0,844.3694056484469,844.369405648439,9.290236891952941e-15,23323416.39465754,2156860.175659909,2156860.175659948,1.8135412102864933e-14,10.813596846870963,0.13531422083760353,3737.6886178039344,345.64712100261784,0.19141541961179412
0.00016025476519212207,120.0,3478.2466867563244,3478.2466867562875,1.0589972114989469e-14,395774951.83996063,36599720.932717,36599720.93271778,2.117121011672577e-14,10.813605725779507,0.5574056060664113,63424.82197603631,5865.279684169758,0.13138565160017937
0.00016025476519212207,140.0,14328.0890247798,14328.089024779612,1.3076126777353341e-14,6715898255.191967,621059996.1320711,621059996.1320873,2.6104504363308884e-14,10.813606249023003,2.296144542317908,1076254.697939971,99527.8238503653,0.1557205545833535
0.0002568158976678215,20.0,2.932080687764622,2.932080687764623,3.029174549685602e-16,260.92078959745277,26.009254819205683,26.009254819205662,8.195652747829859e-16,10.031844103614393,0.0007530049338627549,0.06700860680066661,0.00667959012406542,0.2111697169711721
0.0002568158976678215,30.0,5.9509988046328,5.9509988046328,0.0,1138.2934830561826,107.14102594660308,107.14102594660305,2.6527382185577366e-16,10.624254089404419,0.0015283111000319051,0.2923318626605047,0.027515518755528226,0.20513084630864492
0.0002568158976678215,40.0,12.07824427229458,12.078244272294556,1.911920175780337e-15,4752.492012357486,441.35057004848744,441.350570048489,3.4774449460282875e-15,10.768065875241465,0.003101885145040556,1.2205155023127392,0.11334584283320703,0.20293430412712407
0.0002568158976678215,50.0,24.51420164757004,24.514201647569976,2.608644863812976e-15,19640.613225332592,1818.0741127045449,1818.074112704554,5.002517198927468e-15,10.802977220832574,0.006295636701730689,5.044021716210277,0.4669103352808458,0.20194587824433285
0.0002568158976678215,60.0,49.75442364551221,49.75442364551201,3.998678940194579e-15,80969.88206743199,7489.269763315996,7489.269763316055,7.893580747325792e-15,10.811452201126382,0.012777726971467302,20.794352947205187,1.9233635371424707,0.1998979487989593
0.0002568158976678215,80.0,204.95550648660804,204.95550648660657,7.2109743022571e-15,1374301.3820485566,127085.28184648597,127085.28184648775,1.3969624429092342e-14,10.81400900309336,0.05263583238032126,352.9424430969278,32.63752073777339,0.19427489402971168
0.0002568158976678215,100.0,844.2819062375156,844.2819062375081,8.887234505669802e-15,23320819.986722995,2156507.8268525084,2156507.826852546,1.749057610747387e-14,10.81415967813132,0.21682501563508708,5989.157319239939,553.8254933808099,0.16782837554343893
0.0002568158976678215,120.0,3477.8862467236468,3477.8862467236095,1.0721823581153334e-14,395730893.40745944,36593741.93223871,36593741.93223949,2.1174669251231563e-14,10.814168557570348,0.8931764784389039,101629.98462532568,9397.854683352487,0.13969317964398556
0.0002568158976678215,140.0,14326.604248873611,14326.604248873418,1.3458379489405018e-14,6715150628.421769,620958538.5821424,620958538.5821589,2.6684698281778518e-14,10.81416908084511,3.679299730706102,1724557.4366127723,159472.02450047145,0.1173530525933528
0.0004115597137836079,20.0,2.9315938136657573,2.9315938136657587,4.544516444739927e-16,260.87399578351415,26.002446584989503,26.002446584989478,9.564098389864474e-16,10.032671153879402,0.0012065259108820746,0.10736522703824922,0.010701559474191833,0.21117004415888663
0.0004115597137836079,30.0,5.950010637017745,5.950010637017743,2.985468342440802e-16,1138.0901838410523,107.11298049878508,107.11298049878513,5.306865572791409e-16,10.625137854827605,0.0024487846747804454,0.46839207032155716,0.04408338759658916,0.20513094806593563
0.0004115597137836079,40.0,12.076238671179805,12.076238671179782,1.91223770422113e-15,4751.644013808735,441.2350412464031,441.2350412464048,3.86483938584545e-15,10.768963408677301,0.004970093331093298,1.9555852503247166,0.1815945672866681,0.2029342673201169
0.0004115597137836079,50.0,24.510131046823457,24.510131046823393,2.6090781031012494e-15,19637.1094894891,1817.5982100126814,1817.5982100126905,5.003827010627297e-15,10.803878096552532,0.010087382518429383,8.081843161031504,0.7480501990864172,0.20186417803368092
0.0004115597137836079,60.0,49.74616188781975,49.74616188781952,4.713511432894e-15,80955.43844036969,7487.309357183185,7487.309357183253,9.110362531972611e-15,10.812353888209861,0.02047351614838412,33.31799707374504,3.081474896051641,0.19944457787177283
0.0004115597137836079,80.0,204.92147347791706,204.92147347791575,6.3799982091163415e-15,1374056.2344495251,127052.01575061878,127052.01575062037,1.2484325813494712e-14,10.814910934955655,0.08433742297268675,565.5061905726286,52.289491237955104,0.19900880502038606
0.0004115597137836079,100.0,844.1417126221056,844.1417126220985,8.484678187758484e-15,23316660.0276367,2155943.3350792355,2155943.335079272,1.6847186945508828e-14,10.815061624418696,0.3474147216395584,9596.19792736385,887.2994219188872,0.18650159729187538
0.0004115597137836079,120.0,3477.3087412206755,3477.308741220638,1.0854379904824689e-14,395660303.08373725,36584163.08164666,36584163.08164745,2.1587525222631892e-14,10.815070504707812,1.431120190274019,162837.84109267846,15056.567686895332,0.18819261956814284
0.0004115597137836079,140.0,14324.225305973894,14324.225305973709,1.2952666912066923e-14,6713952782.453669,620795995.2413719,620795995.241388,2.5923579102823056e-14,10.815071028032671,5.895274067098529,2763192.48550329,255494.62211954902,0.17781068581427717
0.0006595440529492904,20.0,2.9308138275720474,2.9308138275720474,0.0,260.7990328367129,25.9915411419345,25.991541141934498,1.3668730374239282e-16,10.033996499574327,0.001933000830276691,0.17200845112238072,0.01714256638714971,0.21117056831355674
0.0006595440529492904,30.0,5.948427564515431,5.948427564515433,2.9862628739011213e-16,1137.7645012611558,107.06805724491056,107.06805724491048,7.963638314289584e-16,10.626554086608675,0.003923250024575785,0.7504058104636108,0.07061610041671496,0.2051311115433934
0.0006595440529492904,40.0,12.073025641399184,12.07302564139917,1.177074839174704e-15,4750.285531215852,441.0499869823543,441.0499869823552,2.0621125237881837e-15,10.770401703709613,0.007962692262889124,3.1330225719244758,0.29089189596757375,0.2029343639385795
0.0006595440529492904,50.0,24.503609829155884,24.50360982915583,2.174810387267884e-15,19631.4965500208,1816.8359081380604,1816.8359081380681,4.255037524545908e-15,10.80532174759781,0.016161210138609543,12.947836800060733,1.198283318397181,0.20189218037672793
0.0006595440529492904,60.0,49.732926318039326,49.732926318039155,3.428920620755212e-15,80932.29993634172,7484.169174755956,7484.169174756008,6.926780620608746e-15,10.813798839465806,0.03280105578882809,53.378417114522414,4.93613927047669,0.1993931717381163
0.0006595440529492904,80.0,204.86695163424542,204.86695163424412,6.381696136782116e-15,1373663.5111595087,126998.73005235639,126998.73005235799,1.2604147100214672e-14,10.816356278469899,0.1351187795962165,905.9915995386953,83.76125713814399,0.1968437619985931
0.0006595440529492904,100.0,843.917118480207,843.9171184802,8.352222966437631e-15,23309995.826862507,2155039.13103851,2155039.1310385456,1.6638175430910627e-14,10.81650699104914,0.5566005166757223,15373.969121879943,1421.3432427494558,0.18902382051673022
0.0006595440529492904,120.0,3476.3835610510732,3476.383561051038,1.0072405821546129e-14,395547218.29606205,36568819.65979196,36568819.6597927,2.0170393410495308e-14,10.816515872700506,2.292828103461912,260880.8154878025,24118.747529990884,0.1839244926028351
0.0006595440529492904,140.0,14320.414172081495,14320.414172081324,1.1939948236040411e-14,6712033848.670296,620535632.9961178,620535632.9961325,2.3629171050097982e-14,10.816516396105632,9.444944002967087,4426882.008084831,409270.586385713,0.17714462884308568
0.0010569507733924895,20.0,2.9295645116770093,2.929564511677011,6.06355255984237e-16,260.6789688221229,25.97407767746249,25.974077677462454,1.3677920436355528e-15,10.0361203219282,0.0030964054763202055,0.27552483770369945,0.027453321489350573,0.21117140783813793
0.0010569507733924895,30.0,5.945891932590605,5.9458919325906106,8.962609106618741e-16,1137.2428722524785,106.99611925540852,106.99611925540833,1.7266150640158626e-15,10.628823551420462,0.006284515076659804,1.2020097333623532,0.11308963099699906,0.20513137372180265
0.0010569507733924895,40.0,12.067879281472374,12.067879281472361,1.0303797034904265e-15,4748.109718504107,440.7536497726406,440.75364977264144,1.9345302831909706e-15,10.772706524275824,0.012755154339759425,5.018518239125312,0.4658549110027549,0.20293455049148784
0.0010569507733924895,50.0,24.493164693078754,24.49316469307872,1.3054427024793509e-15,19622.506588257704,1815.6151937079148,1815.6151937079194,2.504646097159843e-15,10.807635151027743,0.025888069365179206,20.7400235143582,1.919015883172735,0.20187984940430814
0.0010569507733924895,60.0,49.711726699431004,49.71172669943084,3.2874502672765565e-15,80895.24016152958,7479.140634055963,7479.140634056012,6.4450210996800614e-15,10.816114326447666,0.05254284798163967,85.50228665249986,7.905083477476644,0.19818843161761018
0.0010569507733924895,80.0,204.7796231466288,204.77962314662773,5.274084119111916e-15,1373034.5060688555,126913.40083704823,126913.40083704957,1.0548737896707108e-14,10.818672394034868,0.21644198105985185,1451.2298830840516,134.14121716858915,0.1970739662113928
0.0010569507733924895,100.0,843.5573825391842,843.557382539178,7.412389724890446e-15,23299322.112517312,2153591.1811422077,2153591.181142239,1.448710717373538e-14,10.818823143657177,0.8915986278757349,24626.236526345903,2276.239864479501,0.1563426698126066
0.0010569507733924895,120.0,3474.90168553948,3474.901685539447,9.42236996231522e-15,395366096.0938108,36544249.42444371,36544249.4244444,1.8960684825296935e-14,10.818832027491538,3.6728000239938186,417882.50103952264,38625.472692213814,0.18044301046550923
0.0010569507733924895,140.0,14314.309819467704,14314.309819467528,1.2326264721753205e-14,6708960389.1894655,620118701.1211888,620118701.1212039,2.441400290876007e-14,10.81883255102533,15.129520834266096,7091040.872013383,655434.9407451865,0.11077417118683168
0.0016938139800964523,20.0,2.927564088599523,2.927564088599524,3.0338479118488174e-16,260.48673415650046,25.946125059186468,25.946125059186453,5.477062444887322e-16,10.039523572876355,0.004958748980898201,0.4412160719439485,0.04394790935458093,0.21117275203809735
0.0016938139800964523,30.0,5.941831841272972,5.94183184127297,2.989577771389246e-16,1136.4076882345605,106.88097284999068,106.88097284999074,5.318385241551716e-16,10.63246018381147,0.010064357840130404,1.9248632294207892,0.18103648601962358,0.20513179341180265
0.0016938139800964523,40.0,12.059638853888345,12.059638853888321,1.914869855721892e-15,4744.626005963706,440.27932230357635,440.27932230357806,3.87322883323696e-15,10.776399811691011,0.020426784885630437,8.036513859230519,0.7457512712651894,0.202934776152438
0.0016938139800964523,50.0,24.47643978680076,24.476439786800682,3.193262648261448e-15,19608.11267989963,1813.6612764571548,1813.6612764571664,6.393728309762904e-15,10.811342191857644,0.041458535893872155,33.21249538052051,3.0720048252227055,0.2019040048118189
0.0016938139800964523,60.0,49.677781556760166,49.67778155675999,3.575757177020176e-15,80835.90342104022,7471.091779895466,7471.091779895522,7.54758115295306e-15,10.8198247060179,0.08414492090101806,136.92098330828455,12.654639703370627,0.1976172463120411
0.0016938139800964523,80.0,204.63979148144008,204.6397914814388,6.24989360626956e-15,1372027.400317076,126776.81997778494,126776.81997778651,1.239664194873331e-14,10.82238378086385,0.3466217396952861,2323.9591917324547,214.73635003054332,0.1969021892035302
0.0016938139800964523,100.0,842.9813680331011,842.9813680330942,8.226631529472101e-15,23282232.331720863,2151273.5430355757,2151273.543035611,1.6450840456788407e-14,10.822534589844972,1.4278536261352994,39435.77061132242,3643.857202205285,0.1903784913215753
0.0016938139800964523,120.0,3472.5288845664622,3472.528884566428,9.821675341008203e-15,395076099.6938788,36504921.4657364,36504921.465737134,2.020569965580611e-14,10.822543477177403,5.881817970967413,669185.4208634717,61832.546320987385,0.17506886312921463
0.0016938139800964523,140.0,14304.535439833011,14304.53543983283,1.2589010786717606e-14,6704039445.353177,619451345.7080824,619451345.7080979,2.5017634958702065e-14,10.822544000917334,24.22922210677431,11355395.735657277,1049235.3493499106,0.1612178309993925
0.002714417616594907,20.0,2.9243625854545168,2.924362585454514,9.111507828589746e-16,260.1791141646362,25.901415302928303,25.901415302928346,1.6459550046589986e-15,10.044976736665872,0.00793794131926877,0.7062347709585459,0.07030725799300949,0.21117490316226448
0.002714417616594907,30.0,5.935334018253066,5.93533401825306,1.0474977345471776e-15,1135.0711924990774,106.69679805572277,106.69679805572295,1.731458812860948e-15,10.638287307424939,0.016110975219521158,3.0810572410088843,0.2896196682767231,0.2051324646189469
0.002714417616594907,40.0,12.046450766266572,12.046450766266542,2.506801949862889e-15,4739.051218761984,439.52064326610656,439.52064326610866,4.785228020738302e-15,10.782317716742007,0.0326990981773972,12.863764114153094,1.1930425769386452,0.20293487087414644
0.002714417616594907,50.0,24.44967302898252,24.449673028982435,3.4873729472839763e-15,19585.07891899358,1810.5360177365783,1810.5360177365906,6.781515724433895e-15,10.81728213475568,0.0663666231898555,53.1620832401177,4.914550862023757,0.20195468848474207
0.002714417616594907,60.0,49.62345530835725,49.62345530835704,4.295606168563831e-15,80740.95016964222,7458.217769163453,7458.217769163516,8.41422661078599e-15,10.825769998761848,0.13469878128531496,219.16465752108837,20.244717701018445,0.19669218193308774
0.002714417616594907,80.0,204.41600306342377,204.41600306342244,6.5348129461984174e-15,1370415.7855389381,126558.36112477542,126558.36112477703,1.2762985993127816e-14,10.82833068759344,0.5548703998292759,3719.8807503266416,343.5322449644704,0.1942634430734999
0.002714417616594907,100.0,842.0595069160448,842.0595069160371,9.18071098488379e-15,23254884.515192416,2147566.518748299,2147566.5187483383,1.8213893629077642e-14,10.828481591688455,2.285701159794133,63123.4681999184,5829.39239129978,0.18974457975420184
0.002714417616594907,120.0,3468.7314229879144,3468.731422987878,1.0487922999694365e-14,394612034.7398374,36442017.03830239,36442017.03830315,2.0853928587088774e-14,10.828490484626037,9.415585681794715,1071141.858818176,98918.85303301977,0.16161959144299282
0.002714417616594907,140.0,14288.892395372484,14288.892395372292,1.349389941786577e-14,6696164735.267901,618383921.6277,618383921.6277164,2.660302343357517e-14,10.828491008696291,38.78602123962807,18176187.52103276,1678552.210685273,0.1594318007588725
0.004349983577807764,20.0,2.919242964786039,2.9192429647860396,1.521247855032893e-16,259.68727894060385,25.82998504316385,25.82998504316383,6.877111374365198e-16,10.053713871945604,0.01269865895645012,1.1296353987572108,0.11236001075278292,0.21117834271001146
0.004349983577807764,30.0,5.92494315261088,5.924943152610876,7.495248450685489e-16,1132.9343292248006,106.4025523586391,106.40255235863924,1.3355746079570608e-15,10.647623615325942,0.025773405413301892,4.928245726862538,0.46284935539691086,0.20513353827434888
0.004349983577807764,40.0,12.025361295818485,12.025361295818458,2.2157631638285216e-15,4730.137921705184,438.30854449259937,438.3085444926012,4.150020405492162e-15,10.791799478107254,0.0523101241540155,20.576022280183302,1.9066349705556311,0.202935554321595
0.004349983577807764,50.0,24.406869495658494,24.40686949565842,3.0568028098844005e-15,19548.25117099337,1805.5429678762096,1805.5429678762196,5.5409601972918145e-15,10.826799205995759,0.10616948149181173,85.03457156868257,7.854082259287804,0.2018595793585611
0.004349983577807764,60.0,49.536580558726634,49.536580558726385,5.020329516309856e-15,80589.13324053609,7437.649687210862,7437.649687210934,9.660320727878392e-15,10.835295641728083,0.21548331193121223,350.5614061460938,32.353653996854305,0.19693318947411995
0.004349983577807764,80.0,204.05813622452095,204.05813622451973,5.9891437220748275e-15,1367839.0394872553,126209.34171773127,126209.34171773274,1.1645282497013187e-14,10.837858916548697,0.8876495414947257,5950.077358853907,549.0085638380593,0.19354158638573424
0.004349983577807764,100.0,840.5853308760471,840.5853308760402,8.250081040304588e-15,23211159.191143177,2141644.0148038743,2141644.0148039088,1.6089945398291767e-14,10.83800997303877,3.6565323850569107,100968.16130335457,9316.116293907142,0.16988101037053457
0.004349983577807764,120.0,3462.65878713385,3462.658787133815,1.0112329331542812e-14,393870059.9471935,36341518.177024774,36341518.1770255,1.9886519720535743e-14,10.838018874957168,15.062508859584,1713328.2925604514,158085.00726266013,0.14580837989235448
0.004349983577807764,140.0,14263.877129070812,14263.877129070626,1.3007467568796013e-14,6683574177.993933,616678558.2859656,616678558.2859813,2.5516739651918005e-14,10.83801939955667,62.04763126732579,29073437.915333636,2682541.6013301183,0.12191835219725218
0.006971055968511696,20.0,2.9110665204592774,2.911066520459278,1.5255206527537503e-16,258.90200648538763,25.71607486913067,25.716074869130658,4.1445442551559195e-16,10.067710869677516,0.02029320764218222,1.8048203775696152,0.17926819720314696,0.21118383497541043
0.006971055968511696,30.0,5.908348107795672,5.908348107795676,6.013040555469183e-16,1129.522525771902,105.93331734992107,105.9333173499209,1.6097886939490912e-15,10.662580517901091,0.041187425340893806,7.873964744850624,0.7384670841764108,0.2051352513950921
0.006971055968511696,40.0,11.991679722091451,11.991679722091433,1.4813244520930562e-15,4715.906537771041,436.37560482962056,436.3756048296218,2.8657770991255247e-15,10.806989404488663,0.08359467049916629,32.874848417072144,3.0419987645604274,0.20293615028432066
0.006971055968511696,50.0,24.338508824062732,24.338508824062654,3.2113594755787662e-15,19489.450230524828,1797.5805275823286,1797.5805275823395,6.071458971551017e-15,10.842045700582512,0.16966510720265707,135.86204835251175,12.531034465683195,0.20186404381612572
0.006971055968511696,60.0,49.39783462426111,49.397834624260895,4.31522600837525e-15,80346.7350364658,7404.849669368648,7404.849669368712,8.597693669253537e-15,10.85055586865362,0.3443550698890091,560.1015868263827,51.619621483584176,0.1996835063173125
0.006971055968511696,80.0,203.48659421503177,203.48659421503055,6.005965701189663e-15,1363724.882679024,125652.7588139527,125652.75881395416,1.1581055096381204e-14,10.8531232863595,1.4185164371148147,9506.602482807522,875.9324142899655,0.19777346361780598
0.006971055968511696,100.0,838.2309536478468,838.2309536478399,8.273253416423092e-15,23141345.233286045,2132199.369673838,2132199.369673873,1.637961113993897e-14,10.853274586994166,5.843354892418073,161319.61280788836,14863.681142021684,0.1654181938301755
0.006971055968511696,120.0,3452.960301212189,3452.9603012121543,1.0009034466813527e-14,392685387.2651311,36181252.166288994,36181252.1662897,1.9562760112742697e-14,10.85328350330026,24.07077951679917,2737431.8126419187,252221.5338620356,0.14412323251623899
0.006971055968511696,140.0,14223.925744880544,14223.925744880364,1.2660355107369441e-14,6663471487.980113,613959007.2765294,613959007.2765448,2.5047272162788668e-14,10.85328402874764,99.15578245951669,46451432.68729128,4279942.602096566,0.12111924607934017
0.01,20.0,2.9016604330280757,2.9016604330280744,4.591397443979613e-16,257.99898484816663,25.585292151730116,25.585292151730133,6.942882765871136e-16,10.08387878935048,0.02901660433028076,2.579989848481666,0.25585292151730116,0.21119015176276112
0.01,30.0,5.889257359272432,5.88925735927243,3.016266281186436e-16,1125.5990547596737,105.39457855805733,105.39457855805739,5.393391162857151e-16,10.679857257929351,0.05889257359272432,11.255990547596737,1.0539457855805734,0.20513722115027183
0.01,40.0,11.952932827397879,11.95293282739786,1.6347389812661214e-15,4699.540801607065,434.15635528636176,434.15635528636324,3.4041397123075465e-15,10.824535318634993,0.11952932827397879,46.99540801607065,4.341563552863618,0.20293723650466594
0.01,50.0,24.25986749438584,24.259867494385766,3.0753254226172554e-15,19421.830544075212,1788.4386788615097,1788.4386788615207,6.102494063829333e-15,10.859656958682434,0.24259867494385842,194.21830544075212,17.8843867886151,0.20187113826711145
0.01,60.0,49.23822289841165,49.23822289841145,4.040600052185205e-15,80067.98277987375,7367.191264396487,7367.191264396547,8.147833843693563e-15,10.868182989468353,0.4923822289841165,800.6798277987375,73.67191264396487,0.19696554022139792
0.01,80.0,202.82909886656296,202.82909886656162,6.585940334467519e-15,1358993.6983489282,125013.73402768865,125013.73402769034,1.3502693760964563e-14,10.870755192768913,2.0282909886656295,13589.936983489282,1250.1373402768866,0.1926937274597334
0.01,100.0,835.5225051866987,835.5225051866911,9.116472722235423e-15,23061060.810409915,2121355.7697454393,2121355.7697454775,1.799991595177677e-14,10.870906775423729,8.355225051866988,230610.60810409914,21213.557697454395,0.18810532800598176
0.01,120.0,3441.803274651042,3441.803274651006,1.0437854186675853e-14,391323041.3171022,35997247.31712719,35997247.31712794,2.0904616224120817e-14,10.870915708349564,34.41803274651042,3913230.413171022,359972.4731712719,0.159946111002568
0.01,140.0,14177.966132404345,14177.966132404154,1.3471176725115237e-14,6640353863.424459,610836632.351354,610836632.3513706,2.7126878726597812e-14,10.87091623477637,141.77966132404345,66403538.6342446,6108366.32351354,0.12714614406277208
0.011171449373749828,20.0,2.898034834013572,2.8980348340135733,4.597141531611928e-16,257.6510121087569,25.53495544528554,25.534955445285515,9.739196845238675e-16,10.090129691466778,0.032375249431546106,2.8783352378683817,0.2852624620179649,0.21119258617238168
0.011171449373749828,30.0,5.881898784356113,5.881898784356111,3.020039794164373e-16,1124.08715174143,105.18722442935173,105.18722442935177,4.053017310504269e-16,10.686536866427303,0.06570933449095498,12.557682707362027,1.175093752477764,0.20513797993194036
0.011171449373749828,40.0,11.937997743682839,11.93799774368282,1.6367841285396972e-15,4693.234271250507,433.3021926339363,433.30219263393764,3.1484771502458922e-15,10.831318998691197,0.13336473741749252,52.430229060422704,4.8406135085448145,0.2029373634998891
0.011171449373749828,50.0,24.22955500479216,24.229555004792093,2.7859182673333926e-15,19395.773302072586,1784.9200904381548,1784.9200904381644,5.350208348134805e-15,10.866465902858089,0.2706792470845224,216.67889950883242,19.94014442651881,0.20200107445088375
0.011171449373749828,60.0,49.17670017494398,49.17670017494379,3.9011673815596016e-15,79960.56559412561,7352.6969939459905,7352.696993946046,7.545418620382244e-15,10.874998066690761,0.549375016372461,893.2754104311766,82.14028222839018,0.1969530939372817
0.011171449373749828,80.0,202.57566570374328,202.57566570374198,6.453878007788939e-15,1357170.536298298,124767.781017105,124767.7810171066,1.2829519464651735e-14,10.877572120259455,2.2630637937630373,15161.56193780134,1393.8369491076933,0.1985579888120116
0.011171449373749828,100.0,834.4785272156884,834.4785272156814,8.310456021148363e-15,23030123.2050796,2117182.1976003796,2117182.197600415,1.6715735601546058e-14,10.877723811952514,9.32233462027138,257279.85545676787,23651.993735497046,0.16596267011844168
0.011171449373749828,120.0,3437.5027719392924,3437.5027719392547,1.0980072636358447e-14,390798061.2554404,35926426.04761443,35926426.047615215,2.177536283849054e-14,10.877732751304105,38.4018881888445,4365780.756674737,401350.24977069173,0.14039317732300985
0.011171449373749828,140.0,14160.250889279152,14160.250889278961,1.3488029899026763e-14,6631445485.943392,609634867.5223128,609634867.5223292,2.698481145750035e-14,10.877733278109588,158.19052592917802,74082857.52099843,6810505.0589982,0.12097357638846264
0.017902779962459578,20.0,2.8773326835650233,2.877332683565022,4.630217552387808e-16,255.6651472599168,25.248320412536746,25.248320412536756,4.2213267505545966e-16,10.126025932915894,0.05151225391265794,4.577116875464116,0.452015124767322,0.2112064823460849
0.017902779962459578,30.0,5.839881362022509,5.839881362022508,1.5208843547337495e-16,1115.4585503537614,104.00647658806061,104.00647658806062,1.3663432491312117e-16,10.724895092560132,0.10455011103115772,19.96980898422753,1.8620050650267526,0.20514231147095205
0.017902779962459578,40.0,11.852718497744771,11.852718497744753,1.4986914940553446e-15,4657.241963643105,428.4382879976575,428.4382879976587,2.786193086654046e-15,10.870274889317475,0.21219661122209907,83.37757810703567,7.670236397514948,0.20293918917068782
0.017902779962459578,50.0,24.056470855792625,24.056470855792565,2.5105982046018072e-15,19247.060519446222,1764.8840018818153,1764.8840018818235,4.63795484985335e-15,10.905566880839737,0.43067770440457703,344.57588940378866,31.596329944955233,0.2018977958905684
0.017902779962459578,60.0,48.82540576203786,48.82540576203766,4.074763187478016e-15,79347.51858036597,7270.161484996414,7270.161484996472,7.881278336106002e-15,10.914134265671693,0.8741104959355698,1420.5411657114648,130.15610135743918,0.1980688495402677
0.017902779962459578,80.0,201.12856373676897,201.1285637367678,5.793757311227398e-15,1346765.4585138727,123367.23747298314,123367.2374729845,1.1087871135689844e-14,10.916718945001977,3.6007604207449018,24110.845664814846,2208.6165070553147,0.19913523344677803
0.017902779962459578,100.0,828.5174187383376,828.5174187383307,8.370249006447039e-15,22853557.335967455,2093416.3997765605,2093416.3997765952,1.657184204161646e-14,10.916871262882394,14.832765042737442,409142.2083452793,37477.973175004074,0.18816542233958747
0.017902779962459578,120.0,3412.946925088329,3412.946925088293,1.0526105886953188e-14,387801915.9526756,35523144.65834726,35523144.658347994,2.0764138034219203e-14,10.916880239135855,61.10123782340936,6942732.3703209935,635963.0423930122,0.17227243422454275
0.017902779962459578,140.0,14059.096948387283,14059.096948387112,1.2161876723734113e-14,6580603948.721441,602791592.9924653,602791592.9924798,2.412696775181651e-14,10.916880768115984,251.69691913786446,117811104.5140526,10791645.252564596,0.166610818605676
0.028690057991701847,20.0,2.8446161305806816,2.844616130580681,1.5611568994351768e-16,252.53047022504452,24.798073180639843,24.79807318063984,1.4326571475618305e-16,10.183471448991373,0.08161220175049028,7.245113835428264,0.7114581576350234,0.21122842865374086
0.028690057991701847,30.0,5.773479312271258,5.773479312271253,7.691881893577973e-16,1101.8375197398452,102.1517540790524,102.15175407905252,1.25203618469284e-15,10.786280956929666,0.1656414562829533,31.61178233876909,2.930739748482079,0.20514914541594031
0.028690057991701847,40.0,11.717947814132415,11.71794781413239,2.1222995823219437e-15,4600.424052199128,420.798050941868,420.7980509418696,3.782374287476207e-15,10.932617301582185,0.3361886023311949,131.986432844013,12.072720484317301,0.20294206890836716
0.028690057991701847,50.0,23.78293807737115,23.782938077371067,3.4357577834405183e-15,19012.299865619294,1733.4112494969465,1733.4112494969581,6.68973242845293e-15,10.9681415019874,0.6823338726528323,545.4639857002428,49.73166927153576,0.20191624580787798
0.028690057991701847,60.0,48.27023917190475,48.27023917190454,4.2688289286613636e-15,78379.75084458462,7140.514441920876,7140.514441920934,8.024375089182041e-15,10.976765257196176,1.3848759611152655,2248.7195971062747,204.8617734292945,0.19889367950363618
0.028690057991701847,80.0,198.8416424677005,198.84164246769907,7.146820222786327e-15,1330339.7998444568,121167.25916661706,121167.25916661874,1.381124127732393e-14,10.979366942806777,5.704778253563572,38167.52600620649,3476.295692185811,0.19964775590480754
0.028690057991701847,100.0,819.0968070086855,819.0968070086789,8.050130987488838e-15,22574827.00833337,2056085.0080713036,2056085.008071336,1.5740331426396713e-14,10.979520262885206,23.499934893897002,647673.0960217215,58989.19811743446,0.17663075584503213
0.028690057991701847,120.0,3374.140199836703,3374.1401998366664,1.0781943225915207e-14,383072142.4875248,34889668.95423756,34889668.954238296,2.114114295733013e-14,10.979529298199271,96.80427800544746,10990361.98297256,1000986.625608355,0.15124861129531067
0.028690057991701847,140.0,13899.238759983758,13899.238759983571,1.3479580558370426e-14,6500344505.539641,592042155.3378068,592042155.3378226,2.6578557082180588e-14,10.979529830659915,398.7699660644441,186495260.82997277,16985723.770173833,0.12741405170295356
0.045977185068085444,20.0,2.793338106868686,2.7933381068686884,7.949077284236876e-16,247.62644543975136,24.099137392636504,24.099137392636457,1.9164701653810412e-15,10.275324025307796,0.12842982309723702,11.385166909735611,1.1080104998824667,0.21126279254655422
0.045977185068085444,30.0,5.669404598675987,5.669404598675986,1.5666167482693818e-16,1080.5261355782472,99.27259825859456,99.2725982585946,4.294494643381119e-16,10.884434924968838,0.26066326445918053,49.679550106384255,4.564274622325098,0.20515983208530292
0.045977185068085444,40.0,11.50671607730294,11.506716077302913,2.315634835516792e-15,4511.525137026707,408.93782231898,408.93782231898194,4.726088260332019e-15,11.032300977794183,0.5290464146120715,207.42722616439644,18.801809938099588,0.2029468398726709
0.045977185068085444,50.0,23.354218697777032,23.35421869777696,3.0424598868200857e-15,18644.984768818507,1684.5549069580416,1684.5549069580516,5.938922903717141e-15,11.068196525863025,1.073761235188236,857.2439153076028,77.45109271456133,0.20187198417095462
0.045977185068085444,60.0,47.40010332395716,47.400103323956955,4.347192915638299e-15,76865.54416832823,6939.258439007702,6939.258439007762,8.650297556232383e-15,11.076910428388631,2.1793233227719506,3534.0613495863226,319.0475694855308,0.19782817969134958
0.045977185068085444,80.0,195.2572549829036,195.25725498290234,6.404654285687264e-15,1304639.571798989,117752.14972847166,117752.14972847314,1.2605250576877803e-14,11.079539310385398,8.977378948235307,59983.655039749865,5413.912380230849,0.1937395867040301
0.045977185068085444,100.0,804.3314876950725,804.3314876950654,8.763282361279907e-15,22138714.62535303,1998134.0783813104,1998134.0783813454,1.747860512762631e-14,11.07969423317559,36.980897665844836,1017875.7794993862,91868.58031258585,0.18813347100406022
0.045977185068085444,120.0,3313.3167940643975,3313.3167940643625,1.0568124992148743e-14,375671753.742301,33906300.68661386,33906300.68661458,2.1314808848696795e-14,11.079703362939133,152.33697942989434,17272329.746661995,1558916.2616425978,0.15177772993832894
0.045977185068085444,140.0,13648.686326191713,13648.686326191537,1.2927395935926794e-14,6374767438.383429,575355397.1625324,575355397.1625472,2.5691862763774707e-14,11.079703900965784,627.5281771555636,293093862.28055984,26453221.575263556,0.1193015324153265
0.05,20.0,2.7816043247199667,2.7816043247199667,0.0,246.5058375145336,23.940364245110086,23.94036424511008,2.967969611845949e-16,10.296661946773987,0.13908021623599834,12.32529187572668,1.1970182122555044,0.21127065051742122
0.05,30.0,5.645589522974624,5.645589522974624,0.0,1075.6559640121627,98.61855730135743,98.61855730135738,4.322975848787761e-16,10.907236867450676,0.2822794761487312,53.78279820060814,4.930927865067872,0.205162272553665
0.05,40.0,11.458380611085,11.458380611084989,9.301611980047754e-16,4491.209229005293,406.24360367806906,406.2436036780697,1.5391691138216525e-15,11.055458321909697,0.57291903055425,224.56046145026468,20.312180183903454,0.20294778859736756
0.05,50.0,23.256116246884105,23.25611624688403,3.208058751632992e-15,18561.04258384907,1673.456497898621,1673.456497898631,5.978310002121302e-15,11.091440146281897,1.1628058123442053,928.0521291924535,83.67282489493105,0.20178154154520905
0.05,60.0,47.20099298895369,47.200992988953516,3.763388706284151e-15,76519.50356351463,6893.54029209125,6893.540292091298,6.992520120505756e-15,11.100174993000786,2.3600496494476846,3825.975178175732,344.67701460456254,0.1985726039728911
0.05,80.0,194.437051339342,194.43705133934085,5.846973966047465e-15,1298766.314762614,116976.35932833998,116976.35932834129,1.1196043184049762e-14,11.10281019361457,9.721852566967101,64938.3157381307,5848.817966416999,0.19635118529460704
0.05,100.0,800.9527880565036,800.9527880564965,8.800248958298164e-15,22039050.1336262,1984969.7052487729,1984969.705248807,1.7242633238490325e-14,11.10296548876754,40.04763940282518,1101952.50668131,99248.48526243865,0.18452049556742844
0.05,120.0,3299.3987734151638,3299.3987734151274,1.1026187062942166e-14,373980547.5019048,33682914.679332405,33682914.679333135,2.1677366862391936e-14,11.102974640474821,164.9699386707582,18699027.37509524,1684145.7339666204,0.14746943961650505
0.05,140.0,13591.35323372583,13591.353233725651,1.3115762535341683e-14,6346069389.274205,571564764.0843943,571564764.0844092,2.6070818444727335e-14,11.102975179794633,679.5676616862916,317303469.46371025,28578238.204219718,0.11842151554985818
0.07368062997280773,20.0,2.7140077216179335,2.714007721617933,1.636285727239282e-16,240.0615659175116,23.034147218738248,23.03414721873825,1.5423682262091184e-16,10.421986264037672,0.19996979867987394,17.687887409060963,1.6971704779630312,0.2113158834225681
0.07368062997280773,30.0,5.508394354389941,5.508394354389939,4.837226762780451e-16,1047.6465238875385,94.88553908872706,94.88553908872714,8.986103584391397e-16,11.04116110788904,0.40586196617010845,77.191255868856,6.991226295366883,0.20517630803381276
0.07368062997280773,40.0,11.179927058405005,11.179927058404987,1.5888805267873358e-15,4374.365475985802,390.86602350661445,390.8660235066156,2.908588387951611e-15,11.191470255566422,0.82374406871332,322.30600400193487,28.79925484693363,0.20295409642981746
0.07368062997280773,50.0,22.690962373026984,22.690962373026913,3.131390921544751e-15,18078.25987990374,1610.1109800199677,1610.1109800199774,6.072294497325724e-15,11.22795888248619,1.6718844023339046,1332.017576763443,118.63399133400607,0.20188978777831793
0.07368062997280773,60.0,46.053947465340805,46.0539474653406,4.474261267733982e-15,74529.29302632695,6632.598414983464,6632.598414983521,8.638871619643707e-15,11.236816759169455,3.3932838619809025,5491.365261607756,488.6940295726277,0.2003482225795601
0.07368062997280773,80.0,189.71197808896616,189.71197808896494,6.442047138079262e-15,1264986.9774758439,112548.44138095509,112548.4413809565,1.2541584404299337e-14,11.239489076477774,13.978098058982525,93205.03740781812,8292.640063406394,0.19694803615864065
0.07368062997280773,100.0,781.4885935133823,781.4885935133755,8.728483460814857e-15,21465841.685051054,1909832.4464611597,1909832.4464611923,1.7067617723188923e-14,11.239646558956712,57.58057188662948,1581616.7382511185,140717.65779776685,0.18633681249764145
0.07368062997280773,120.0,3219.219091717669,3219.2190917176376,9.746949902196404e-15,364253776.31479955,32407911.90710374,32407911.907104366,1.9311604275387363e-14,11.239655839565398,237.19409069824778,26838447.708848625,2387835.3654186605,0.18247085721993345
0.07368062997280773,140.0,13261.06567197398,13261.06567197382,1.2070754453040113e-14,6181015979.137124,549929265.326237,549929265.3262501,2.3844924570084194e-14,11.23965638648151,977.0836728218178,455421151.2148143,40519134.70972047,0.166872543073912
0.11807672055499924,20.0,2.59374796301326,2.5937479630132594,1.7121525151354592e-16,228.64495284541607,21.457680507851737,21.457680507851737,0.0,10.655622948703655,0.30626125341881516,26.99764620343917,2.5336525450840637,0.21139622927299678
0.11807672055499924,30.0,5.264313186127474,5.264313186127471,5.061505964580459e-16,998.0142955039946,88.3915329377907,88.39153293779077,8.038583698510748e-16,11.29083592436834,0.6215928369923714,117.8422550801196,10.436982334123524,0.2052011635047496
0.11807672055499924,40.0,10.684535936792603,10.68453593679258,2.161314169264285e-15,4167.310043433823,364.114988678531,364.1149886785324,3.9028480444534656e-15,11.445038443921483,1.2615949640685071,492.06230346457727,42.99350376808162,0.20296457758715175
0.11807672055499924,50.0,21.68550846964145,21.685508469641395,2.621262901923001e-15,17222.72436901811,1499.9143082366893,1499.914308236697,5.15409775252972e-15,11.482472214872912,2.560553723662923,2033.6028125163268,177.10496263010856,0.20193009849684349
0.11807672055499924,60.0,44.01326181772003,44.01326181771985,4.03595817723531e-15,71002.44603873129,6178.660593506609,6178.660593506657,7.801564508110998e-15,11.491559532069212,5.196941616364946,8383.735979636687,729.5559803036656,0.1989434078063187
0.11807672055499924,80.0,181.30569519303748,181.30569519303626,6.740734229038786e-15,1205126.64821594,104845.5787780165,104845.57877801787,1.3046616246571709e-14,11.494301068884223,21.407981906338154,142297.4024747764,12379.822106799013,0.190497446401795
0.11807672055499924,100.0,746.8602360254106,746.8602360254041,8.676522644474667e-15,20450059.523860674,1779122.711619698,1779122.7116197282,1.701287015073139e-14,11.494462630541722,88.18680738281319,2414675.9637319976,210072.97525297158,0.17102619813362172
0.11807672055499924,120.0,3076.5730307701488,3076.573030770118,1.0051059913419009e-14,347016974.0443934,30189900.803568378,30189900.80356898,1.9990030185176962e-14,11.494472151540716,363.2716540212939,40974626.27208126,3564724.48076609,0.14043229250511813
0.11807672055499924,140.0,12673.45770613524,12673.457706135077,1.2773945411693927e-14,5888524982.857762,512291875.4151246,512291875.41513747,2.5131382888029837e-14,11.494472712623296,1496.4403240329323,695297718.8820276,60489744.61598815,0.13227283173883964
0.18922357127197215,20.0,2.4170517999260275,2.41705179992603,1.1023906310911165e-15,211.98405242679087,19.225178150723945,19.2251781507239,2.402332891914833e-15,11.026376492579258,0.4573631735313512,40.11237945290234,3.637856868019874,0.21151409196167803
0.18922357127197215,30.0,4.9056877704920865,4.905687770492088,3.621014876008027e-16,925.5573603311946,79.1950913389683,79.19509133896823,8.97205525931977e-16,11.68705464799142,0.9282717594777514,175.1372691389282,14.985578010369611,0.20523745685833453
0.18922357127197215,40.0,9.956663941771312,9.956663941771302,1.0704530251028445e-15,3865.0101370223447,326.23169694973285,326.2316969497335,1.9166672439104945e-15,11.847439023124359,1.884035509016839,731.3510211297424,61.73072675894419,0.20298032630488713
0.18922357127197215,50.0,20.208207592352526,20.208207592352473,2.6370822319825473e-15,15973.622567799484,1343.8600586894524,1343.860058689459,4.906639307580965e-15,11.88637348398995,3.823869209630327,3022.5859084295885,254.2899995949803,0.20190869100656622
0.18922357127197215,60.0,41.01490785305782,41.01490785305767,3.638042417264558e-15,65853.14305590003,5535.819707976097,5535.819707976138,7.393170973544012e-15,11.895825104458835,7.760987339346457,12460.966908521477,1047.5075750610029,0.1970736485191483
0.18922357127197215,80.0,168.9544486017425,168.95444860174157,5.5512975181504885e-15,1117728.638544131,93937.22353085315,93937.22353085416,1.0688863402775873e-14,11.898676547290323,31.97016414670858,211500.60469827979,17775.13691188157,0.1951493795075303
0.18922357127197215,100.0,695.9812223542683,695.9812223542626,8.167378233068772e-15,18966984.71238951,1594019.0306363143,1594019.03063634,1.6067167524155524e-14,11.898844585825367,131.6960524321072,3589000.5835392424,301625.9736524906,0.16865741963072486
0.18922357127197215,120.0,2866.984952917928,2866.984952917899,9.992756703061655e-15,321850685.0706992,27048879.821279727,27048879.821280263,1.9832311227782876e-14,11.8988544885136,542.5011315741372,60901736.04540852,5118285.638688934,0.15318480704590423
0.18922357127197215,140.0,11810.092652289793,11810.092652289648,1.2321592773910745e-14,5461478665.262396,458991947.7272299,458991947.72724104,2.428379980997388e-14,11.898855072089518,2234.7479087191523,1033440497.4666343,86852095.5340248,0.1250539599052659
0.2,20.0,2.391869953383912,2.391869953383914,7.426644734121677e-16,209.62072779835637,18.91519469558441,18.915194695584383,1.5025861424011042e-15,11.082134293192896,0.47837399067678243,41.924145559671274,3.7830389391168824,0.2115308807766622
0.2,30.0,4.854578283874815,4.854578283874815,0.0,915.2768998780682,77.91816335155171,77.9181633515517,1.8238179782402429e-16,11.746643664436949,0.970915656774963,183.05537997561365,15.583632670310344,0.20524261063565055
0.2,40.0,9.85293129381407,9.852931293814052,1.802871436356709e-15,3822.1162833475555,320.9715933603007,320.9715933603019,3.71905745171969e-15,11.907958094774791,1.970586258762814,764.4232566695111,64.19431867206013,0.20298246873116593
0.2,50.0,19.99767011752321,19.997670117523167,2.1318765583721067e-15,15796.38298089666,1322.191890989929,1322.191890989935,4.471147948954606e-15,11.947118333232146,3.9995340235046424,3159.276596179332,264.43837819798586,0.20181562997950875
0.2,60.0,40.58759755894705,40.58759755894692,3.3262160835794443e-15,65122.4873949966,5446.561106225756,5446.561106225792,6.6794051074416084e-15,11.956624762835686,8.11751951178941,13024.497478999321,1089.3122212451512,0.19744252825649464
0.2,80.0,167.19421119289646,167.19421119289538,6.459703064176698e-15,1105327.3653361052,92422.59594777046,92422.59594777165,1.291088003414675e-14,11.959492740939067,33.43884223857929,221065.47306722106,18484.519189554092,0.1958888286170894
0.2,100.0,688.7302017769396,688.7302017769338,8.418432513694652e-15,18756544.94315032,1568317.3428387449,1568317.342838771,1.6627395092138985e-14,11.959661753915118,137.74604035538792,3751308.988630064,313663.46856774896,0.19229895702325842
0.2,120.0,2837.115516472244,2837.1155164722163,9.777391242273713e-15,318279733.6788379,26612748.350400757,26612748.35040128,1.9597398769857386e-14,11.959671714028174,567.4231032944489,63655946.73576758,5322549.670080151,0.1433926683483407
0.2,140.0,11687.05021652948,11687.050216529331,1.2762598630730876e-14,5400883253.515111,451591240.7624114,451591240.7624229,2.5473692585863614e-14,11.959672300988213,2337.410043305896,1080176650.7030222,90318248.15248229,0.11887578671382186
0.30323978983004674,20.0,2.16934927597189,2.16934927597189,0.0,188.8592939417801,16.265717720128553,16.265717720128553,0.0,11.610879838893915,0.65783301851368,57.269652602356416,4.93241282288665,0.21167930384201
0.30323978983004674,30.0,4.402946686278083,4.402946686278082,2.0172363714240747e-16,824.9364898630159,67.00406053129176,67.00406053129178,4.2417891102481327e-16,12.311738771081792,1.3351486277798668,250.15356780919743,20.31829723326864,0.20528800088242205
0.30323978983004674,40.0,8.936292434365239,8.93629243436522,2.1865807746242083e-15,3445.156247287854,276.01266694783385,276.01266694783504,4.324844251813192e-15,12.481877318836913,2.7098394396567516,1044.7084563592414,83.69802311569183,0.20300193975802916
0.30323978983004674,50.0,18.137244932211217,18.137244932211164,2.9381918467321865e-15,14238.738569041134,1136.9906795436295,1136.9906795436364,5.999354599841478e-15,12.52317967527785,5.499934341339809,4317.752091121014,344.78081470353226,0.20194313184621732
0.30323978983004674,60.0,36.81164824754172,36.81164824754158,3.8604233691576306e-15,58701.19978296733,4683.653904961587,4683.653904961624,7.961579469650392e-15,12.533206119432252,11.162756477882159,17800.539484958597,1420.2702257772291,0.19802552355852004
0.30323978983004674,80.0,151.63978312634504,151.63978312634407,6.372589703775805e-15,996339.9934674869,79476.83758154453,79476.83758154555,1.2816741291958734e-14,12.536230979815041,45.98321596510674,302129.9302183509,24100.539524584325,0.19089973932092624
0.30323978983004674,100.0,624.6561868671699,624.6561868671646,8.5539557363773e-15,16907115.56056854,1348641.0055345483,1348641.0055345716,1.7264093461371856e-14,12.536409238029378,189.420610821639,5126910.169219118,408961.6150744793,0.16747360248176887
0.30323978983004674,120.0,2573.172710662116,2573.1727106620897,1.0250126717933525e-14,286896775.599993,22885064.59436169,22885064.594362155,2.03478249050897e-14,12.536419742974081,780.2883519775918,86998517.93585995,6939662.177841282,0.15053419697715723
0.30323978983004674,140.0,10599.779427629664,10599.779427629535,1.2184050482703079e-14,4868346386.323489,388336243.1802388,388336243.18024814,2.40974912696805e-14,12.536420362041614,3214.2748858792725,1476276335.0086024,117759000.76536553,0.12293799984937544
0.48595621316122534,20.0,1.8450274429132953,1.8450274429132953,0.0,159.00186804055497,12.69769314723467,12.697693147234663,5.595841130519394e-16,12.522106669051356,0.8966025493366838,77.26794567854895,6.170522877713402,0.2118966746336808
0.48595621316122534,30.0,3.7446978021603896,3.7446978021603843,1.4230976168828132e-15,694.9228615899783,52.30614565434515,52.306145654345286,2.58101831258148e-15,13.285682837008084,1.8197591633710264,337.7020822574282,25.418496467245053,0.20535393429863896
0.48595621316122534,40.0,7.60029975895931,7.600299758959288,2.9215243078180374e-15,2902.5649288157233,215.46692312886492,215.46692312886609,5.4082086926615455e-15,13.471046444932886,3.69341288975404,1410.5194612618704,104.70749002520404,0.20302998203524367
0.48595621316122534,50.0,15.425692399720864,15.4256923997208,4.1456062108153065e-15,11996.598481553025,887.5820304064697,887.5820304064767,7.941332403397444e-15,13.516044794258804,7.4962110639582455,5829.821568911214,431.32600236627957,0.20188800946854005
0.48595621316122534,60.0,31.30823698503547,31.308236985035297,5.560292977992746e-15,49458.0364048843,3656.254283769152,3656.254283769192,1.0945017433731498e-14,13.526968467274955,15.214432286002056,24034.440081707595,1776.7794860949655,0.19697093947351338
0.48595621316122534,80.0,128.9693478149552,128.96934781495415,8.153900649585309e-15,839456.9816975971,62042.912171652155,62042.91217165315,1.606639917844761e-14,13.530264011062183,62.67345587802858,407939.3359375163,30150.138652430578,0.19449834646397793
0.48595621316122534,100.0,531.2689016556591,531.2689016556537,1.0057583563171263e-14,14244934.657601062,1052805.0436281909,1052805.043628212,2.0124892733687125e-14,13.530458220935166,258.1734236189075,6922414.502936908,511617.15219859424,0.1675313755614667
0.48595621316122534,120.0,2188.478507865117,2188.4785078650907,1.2051910154303801e-14,241722240.53243476,17865029.559257098,17865029.55925752,2.3563230182738163e-14,13.530469665927974,1063.504728266861,117466424.64598885,8681622.112629933,0.14399799481901318
0.48595621316122534,140.0,9015.092290291432,9015.0922902913,1.4527553666460554e-14,4101780489.7872605,303151360.3442082,303151360.3442169,2.870605009763497e-14,13.530470340393531,4380.940110688982,1993285714.0356133,147318287.08754545,0.11892546234171283
0.7787679883380498,20.0,1.4587358048741503,1.458735804874151,4.566514461010046e-16,124.08901067514545,8.917153064928335,8.917153064928325,1.1952403372238356e-15,13.915765465908004,1.136016748278528,96.63654921834181,6.944393354076715,0.21215995890907713
0.7787679883380498,30.0,2.9606739907361397,2.960673990736138,5.999839377649883e-16,542.7427057986046,36.73280663069818,36.73280663069821,7.737418410781479e-16,14.775421634812572,2.3056781278903693,422.6706451799293,28.606333925799397,0.20543296421526291
0.7787679883380498,40.0,6.0090322389078015,6.009032238907793,1.4780723157870116e-15,2267.320619484203,151.31500751186815,151.31500751186854,2.629639574874602e-15,14.984109354165476,4.6796419485527165,1765.7167177530935,117.83928400537445,0.2030635223127309
0.7787679883380498,50.0,12.19602987739132,12.196029877391279,3.349959594797653e-15,9371.447526739244,623.318324910735,623.318324910739,6.383639243762642e-15,15.03476979933379,9.49787765332679,7298.183338214314,485.420357984976,0.20195862303828388
0.7787679883380498,60.0,24.753261233502226,24.753261233502116,4.449277329718289e-15,38635.77865024782,2567.661599191018,2567.6615991910403,8.678176361112863e-15,15.047067986848667,19.277047455620764,30088.307617327668,1999.6126583348491,0.19888691198471917
0.7787679883380498,80.0,101.96715832654145,101.96715832654083,6.132147033719346e-15,655771.4788223414,43570.60278666067,43570.60278666119,1.2023449636129236e-14,15.050778205508527,79.40875876650811,510693.8353719429,33931.39068284396,0.18528489723226058
0.7787679883380498,100.0,420.03763783326383,420.0376378332603,8.390419457527549e-15,11127935.905060567,739348.7630110923,739348.7630111047,1.6690396645013328e-14,15.05099685260935,327.1118662416772,8666080.259138774,575781.1488503739,0.15741543124901322
0.7787679883380498,120.0,1730.27884754364,1730.278847543623,9.855651695939994e-15,188829902.81377745,12545995.65772792,12545995.657728165,1.959742107411292e-14,15.051009737713759,1347.4857773654398,147054683.55235493,9770419.80006668,0.13178196467844033
0.7787679883380498,140.0,7127.611005767487,7127.611005767398,1.2504958632229774e-14,3204251334.137704,212892771.2040632,212892771.20406848,2.4777783824166752e-14,15.05101049704664,5550.7552846176895,2495368365.615932,165794075.162301,0.11084160071818203
1.0,20.0,1.2420284632504477,1.2420284632504477,0.0,104.82865180103249,7.02862936793245,7.0286293679324485,2.5273161329358665e-16,14.914522634996901,1.2420284632504477,104.82865180103249,7.02862936793245,0.21231165940443303
1.0,30.0,2.520841234310357,2.5208412343103572,1.7616706828090065e-16,458.7115801869719,28.95333090843086,28.953330908430846,4.908193382013941e-16,15.843136723636887,2.520841234310357,458.7115801869719,28.95333090843086,0.20547810448321954
1.0,40.0,5.116340500013221,5.116340500013213,1.5623678246747814e-15,1916.4765287217806,119.26868338564381,119.26868338564417,2.978748132326692e-15,16.06856447408779,5.116340500013221,1916.4765287217806,119.26868338564381,0.20308274080397803
1.0,50.0,10.38420815868514,10.384208158685114,2.5659493900570736e-15,7921.509478034714,491.3085434464745,491.308543446477,5.09071226877217e-15,16.123288682232577,10.38420815868514,7921.509478034714,491.3085434464745,0.20196922059190672
1.0,60.0,21.075958310949872,21.075958310949787,4.045610976887985e-15,32658.296268373,2023.8681103152956,2023.8681103153117,7.97657262061138e-15,16.136573377444645,21.075958310949872,32658.296268373,2023.8681103152956,0.19947534564770053
1.0,80.0,86.81908851135869,86.81908851135817,5.892607012112813e-15,554315.6740308803,34342.981004553,34342.98100455341,1.186424749616971e-14,16.1405812138845,86.81908851135869,554315.6740308803,34342.981004553,0.18397953410061949
1.0,100.0,357.6375516944845,357.63755169448154,8.264953629050433e-15,9406310.190902732,582765.4175030921,582765.4175031016,1.6380615772825958e-14,16.14081739991516,357.6375516944845,9406310.190902732,582765.4175030921,0.1550567150157469
1.0,120.0,1473.2315274801717,1473.2315274801556,1.0957904888230088e-14,159615643.49473086,9888935.727289641,9888935.727289857,2.1849351969649277e-14,16.140831318607255,1473.2315274801717,159615643.49473086,9888935.727289641,0.13059143427586925
1.0,140.0,6068.745083613738,6068.7450836136595,1.2888421456960829e-14,2708515077.2410817,167805169.76703838,167805169.7670427,2.575210735292049e-14,16.140832138850527,6068.745083613738,2708515077.2410817,167805169.76703838,0.10998842946731126
1.2480128111025544,20.0,1.051909807196309,1.0519098071963089,2.1108711355858006e-16,88.13496613306481,5.515290349707962,5.515290349707964,3.2207857189138e-16,15.98011356514197,1.3127969155054118,109.99356684015463,6.883153013385824,0.21244861932153786
1.2480128111025544,30.0,2.1349733079469595,2.1349733079469595,0.0,385.82903160761697,22.719369338070777,22.719369338070777,0.0,16.982382999561718,2.6644740396798046,481.51957434159834,28.35406399408289,0.20551861931358434
1.2480128111025544,40.0,4.333176660720792,4.333176660720784,1.8447449534567246e-15,1612.1328152219467,93.58886122200309,93.58886122200343,3.644242580917989e-15,17.225691115076078,5.407859985350135,2011.9624065958164,116.80009778155892,0.20309964105115144
1.2480128111025544,50.0,8.794686052103962,8.794686052103936,3.0297104903056138e-15,6663.697975896636,385.5245634021247,385.52456340212706,6.045218371370534e-15,17.284755910471024,10.975880862650692,8316.380443237162,481.1395941205706,0.20202067041398553
1.2480128111025544,60.0,17.849838308278425,17.849838308278343,4.577767775885969e-15,27472.824485586792,1588.1076769791434,1588.1076769791575,8.876707846596176e-15,17.299094314464163,22.27682688484062,34286.43691518426,1981.9787262802881,0.19649154388372697
1.2480128111025544,80.0,73.529595624353,73.5295956243525,6.764349930238721e-15,466302.4291783476,26948.570169022885,26948.570169023253,1.363470704425821e-14,17.303420042461386,91.76587733438286,581951.4054628193,33632.160811836686,0.19161562693846582
1.2480128111025544,100.0,302.8935802837716,302.8935802837688,9.195729805729562e-15,7912793.977410322,457289.7950699144,457289.7950699229,1.8584098278569598e-14,17.303674962176984,378.01506859486705,9875268.255423218,570703.522633715,0.1678236394922248
1.2480128111025544,120.0,1247.7223653700582,1247.722365370044,1.148055204466525e-14,134272173.07334143,7759742.181626351,7759742.181626527,2.2683739031833882e-14,17.303689984864878,1557.1734966810147,167573392.17010954,9684257.65352257,0.1475581474572001
1.2480128111025544,140.0,5139.795632466441,5139.795632466368,1.415612241121736e-14,2278462169.4079523,131674923.37349276,131674923.37349647,2.8178403618611848e-14,17.303690870167806,6414.530795767075,2843549977.033643,164331991.27106613,0.11625135949047742
2.0,20.0,0.6822606861432408,0.6822606861432412,6.509083974345046e-16,56.262560091207895,2.9790697206825367,2.9790697206825323,1.4906976052521424e-15,18.885949429312966,1.3645213722864815,112.52512018241579,5.9581394413650735,0.21273246113774533
2.0,30.0,1.3847274205492741,1.3847274205492737,3.20705146196865e-16,246.53380017351466,12.271808187014692,12.271808187014695,2.8950205419277776e-16,20.089443741011394,2.7694548410985482,493.0676003470293,24.543616374029384,0.20560188864999684
2.0,40.0,2.810465366405079,2.810465366405074,1.7381396571341393e-15,1030.3261853348754,50.55177968487941,50.55177968487958,3.232820491059886e-15,20.381600643093822,5.620930732810158,2060.652370669751,101.10355936975883,0.2031347247114349
2.0,50.0,5.704166364113228,5.704166364113208,3.581260143747353e-15,4259.035383649207,208.2400890206752,208.2400890206766,6.687779325485811e-15,20.452523832845397,11.408332728226457,8518.070767298414,416.4801780413504,0.20201249645014507
2.0,60.0,11.577269123618507,11.577269123618452,4.756481121188333e-15,17559.194054026466,857.8122263084108,857.8122263084188,9.277180245798851e-15,20.469740947377655,23.154538247237014,35118.38810805293,1715.6244526168216,0.19709440771482747
2.0,80.0,47.690735478492954,47.69073547849262,7.002514900569165e-15,298037.25107169,14556.200003069152,14556.200003069354,1.3870915743876706e-14,20.47493514851742,95.38147095698591,596074.50214338,29112.400006138305,0.18174811980258557
2.0,100.0,196.4544683374099,196.45446833740817,8.825069187415957e-15,5057464.278582369,247003.89203029577,247003.8920303001,1.7556285054493962e-14,20.475241248271733,392.9089366748198,10114928.557164738,494007.78406059154,0.15312221322723424
2.0,120.0,809.2632194179364,809.2632194179279,1.0536142783375225e-14,85820094.59291244,4191404.5331370845,4191404.533137172,2.0886631514980936e-14,20.475259287053312,1618.5264388358728,171640189.18582487,8382809.066274169,0.1310278555753351
2.0,140.0,3333.632285613796,3333.6322856137526,1.2959137251174175e-14,1456279693.5292706,71123866.9803928,71123866.98039465,2.5979239691037743e-14,20.475260350097855,6667.264571227592,2912559387.0585413,142247733.9607856,0.11257419209414192
