model,N,omega,s,s_unit,transverse_norm,resource_lower_bound,branch,alpha,noise,lower_bound,identity_error,gain_min,loss_min,kernel_residual,rate,abs_s_unit
scalar,40,0.1129063645380138,0.46222887240065147,0.004123248762816275,0.19488136639894982,9.210879370659498,loss-kernel,85.89354331182481,0.46222887239966604,0.46222887240065147,8.826273045769994e-15,9.168137041629037e-15,5.527864842473567e-15,2.518206362725506e-16,343.2145886199979,0.004123248762816275
scalar,40,0.1179063645380138,0.3760890129715218,0.003245570214583578,0.19304591468725724,11.482335218010773,loss-kernel,106.74987190758758,0.37608901297017344,0.3760890129715218,9.547918011776346e-15,7.080849777788684e-14,-3.48360776723617e-14,2.70516826488329e-16,426.53352193503855,0.003245570214583578
scalar,40,0.1229063645380138,0.2729177368655584,0.002273376454526765,0.1912672615429356,16.09199623110772,loss-kernel,148.66888165308794,0.27291773686705506,0.2729177368655584,3.885780586188048e-16,4.4249631725327876e-14,-1.380344951451592e-13,2.1315046562810918e-16,594.000464519968,0.002273376454526765
scalar,40,0.1254063645380138,0.213832031403771,0.0017484314729972333,0.1904096021080808,20.736195347025202,loss-kernel,190.71583155655782,0.2138320314062668,0.213832031403771,1.1934897514720433e-15,1.8297290028402025e-14,7.998624382183143e-14,2.5704092565082125e-16,761.9808530176848,0.0017484314729972333
scalar,40,0.1279063645380138,0.1490545060319052,0.0011956181927074844,0.18957921787450283,30.059997471702264,loss-kernel,274.96047360757865,0.14905450603438625,0.1490545060319052,2.0816681711721685e-15,2.0844587590554994e-13,3.026370129391003e-14,2.138661657212231e-16,1098.5461317511092,0.0011956181927074844
scalar,40,0.1299063645380138,0.09274010286024754,0.0007322457607126555,0.18893792184142683,48.75076132228422,loss-kernel,443.65164529898897,0.09274010286292923,0.09274010286024754,5.856426454897701e-15,2.328145472210414e-13,1.733729642564011e-13,2.650083652114793e-16,1772.4859279269406,0.0007322457607126555
scalar,40,0.1309063645380138,0.06297328686751784,0.000493230818508935,0.1886258753377826,72.13604566418667,loss-kernel,654.6252257794549,0.06297328685585446,0.06297328686751784,6.13398221105399e-15,6.495719057727844e-14,-5.684279868772722e-13,2.7727735910816363e-16,2615.3499157315605,0.000493230818508935
scalar,40,0.1319063645380138,0.03207523478753726,0.00024918583176253284,0.1883200335250159,142.3212338198254,loss-kernel,1287.70082549359,0.032075234782335656,0.03207523478753726,8.631984016460592e-15,2.6938879555354114e-13,-5.244161945749345e-13,2.1466984201166658e-16,5144.56228363646,0.00024918583176253284
scalar,40,0.1339063645380138,-0.033300324008375015,-0.0002544395885453535,0.18772842760515562,138.50817293246143,gain-kernel,1245.092879167679,-1.0145303053297024e-11,0.0,3.552713678800501e-15,5.203601848589077e-13,6.172120720073259e-13,2.423962406409784e-16,4979.101964470275,0.0002544395885453535
scalar,40,0.1349063645380138,-0.06787569004318413,-0.0005142479604938362,0.18744341719489327,68.32313854187846,gain-kernel,612.024075527946,1.0814271761944807e-12,0.0,1.7208456881689926e-14,2.1072289814837457e-13,2.1098590326518778e-13,2.230679130598327e-16,2449.9161551274024,0.0005142479604938362
scalar,40,0.1359063645380138,-0.10377818750561423,-0.0007795422586934289,0.18716611880290196,44.9381103295886,gain-kernel,401.0618058518922,1.2295957851044913e-12,0.0,2.2898349882893854e-15,-4.3382192770622534e-13,2.0395451313521608e-13,2.245766433697956e-16,1607.0967477226336,0.0007795422586934289
scalar,40,0.1379063645380138,-0.17978418788801612,-0.001327067778399995,0.18663626080117493,26.248164873569145,gain-kernel,232.4067223780728,1.854478544450017e-12,0.0,7.355227538141662e-15,6.6609016246376615e-15,7.352281899152148e-14,2.4810330458831506e-16,933.2998685979139,0.001327067778399995
scalar,40,0.1404063645380138,-0.28327502181393116,-0.0020445020189891368,0.18602459745879124,16.925955826062303,gain-kernel,148.2320946897835,1.2248258385761712e-12,0.0,4.884981308350689e-15,-1.4871169044816767e-14,5.842367797632486e-14,2.672106616430578e-16,597.012649599189,0.0020445020189891368
scalar,40,0.1429063645380138,-0.3971251910446496,-0.0028004911065738058,0.18547550578062333,12.283975179862408,gain-kernel,106.28212257505965,1.3299289919571278e-12,0.0,7.771561172376096e-15,2.2738526341305997e-14,3.166659804811352e-14,2.393305540314565e-16,429.41795564846626,0.0028004911065738058
scalar,40,0.1479063645380138,-0.6604502638027716,-0.004436480025943418,0.18459341143244637,7.6805772470535185,gain-kernel,64.6335457842071,-8.40732015387301e-13,0.0,3.3306690738754696e-15,1.3030848983800622e-14,4.193675175413248e-14,2.508265466598603e-16,263.027692532112,0.004436480025943418
scalar,40,0.1529063645380138,-0.9801755198689959,-0.006252493240916802,0.18404935149689558,5.4177049828303145,gain-kernel,44.139588527502305,-2.9891774778136813e-13,0.0,6.439293542825908e-15,2.1892391508949605e-15,4.0821782883957814e-14,2.509618964384201e-16,181.15244802883828,0.006252493240916802
