N,omega,s_unit
24,0.0,0.0016706374976558878
24,0.001,0.0016696523213633073
24,0.002,0.001666696596347307
24,0.003,0.001661769734153023
24,0.004,0.0016548707538895265
24,0.005,0.0016459982820303941
24,0.006,0.0016351505521344364
24,0.007,0.0016223254044876005
24,0.008,0.0016075202856653597
24,0.009000000000000001,0.001590732248016308
24,0.01,0.001571957949066274
24,0.011,0.0015511936508452416
24,0.012,0.0015284352191360095
24,0.013000000000000001,0.0015036781226451046
24,0.014,0.0014769174320963538
24,0.015,0.0014481478192493232
24,0.016,0.0014173635558408105
24,0.017,0.0013845585124512387
24,0.018000000000000002,0.0013497261572971517
24,0.019,0.0013128595549495563
24,0.02,0.0012739513649788446
24,0.021,0.0012329938405288877
24,0.022,0.0011899788268188022
24,0.023,0.0011448977595747058
24,0.024,0.0010977416633930395
24,0.025,0.0010485011500347002
24,0.026000000000000002,0.0009971664166529698
24,0.027,0.0009437272439555867
24,0.028,0.0008881729943016302
24,0.029,0.0008304926097365793
24,0.03,0.0007706746099637972
24,0.031,0.0007087070902575092
24,0.032,0.0006445777193151009
24,0.033,0.0005782737370549143
24,0.034,0.000509781952354231
24,0.035,0.00043908874073827
24,0.036000000000000004,0.0003661800420131957
24,0.037,0.00029104135785134114
24,0.038,0.00021365774932736656
24,0.039,0.0001340138344077431
24,0.04,5.2093785397350906e-05
24,0.041,-3.211867365699762e-05
24,0.042,-0.00011864026960192904
24,0.043000000000000003,-0.00020748818285025623
24,0.044,-0.0002986800500894074
24,0.045,-0.0003922339670202231
24,0.046,-0.0004881684911286037
24,0.047,-0.0005865026444804005
24,0.048,-0.0006872559165436651
24,0.049,-0.0007904482670308913
24,0.05,-0.0008961001287594531
24,0.051000000000000004,-0.0010042324105278585
24,0.052000000000000005,-0.0011148665000041656
24,0.053,-0.0012280242666229597
24,0.054,-0.0013437280644875969
24,0.055,-0.0014620007352751313
24,0.056,-0.0015828656111395653
24,0.057,-0.0017063465176091093
24,0.058,-0.0018324677764750552
24,0.059000000000000004,-0.0019612542086685503
24,0.06,-0.0020927311371183067
24,0.061,-0.002226924389589078
24,0.062,-0.0023638603014952096
24,0.063,-0.0025035657186824635
24,0.064,-0.0026460680001775365
24,0.065,-0.0027913950208993746
24,0.066,-0.002939575174325939
24,0.067,-0.003090637375113482
24,0.068,-0.0032446110616627596
24,0.069,-0.003401526198628508
24,0.07,-0.0035614132793636705
24,0.07100000000000001,-0.0037243033282970475
24,0.07200000000000001,-0.003890227903236808
24,0.073,-0.0040592190975943035
24,0.074,-0.004231309542524771
24,0.075,-0.004406532408975081
24,0.076,-0.0045849214096373644
24,0.077,-0.004766510800799956
24,0.078,-0.004951335384089206
24,0.079,-0.005139430508098834
24,0.08,-0.005330832069896166
24,0.081,-0.0055255765164036255
24,0.082,-0.005723700845645545
24,0.083,-0.005925242607855451
24,0.084,-0.00613023990643656
24,0.085,-0.0063387313987685046
24,0.08600000000000001,-0.006550756296854886
24,0.08700000000000001,-0.00676635436780175
24,0.088,-0.006985565934123257
24,0.089,-0.0072084318738655576
24,0.09,-0.00743499362054207
24,0.091,-0.00766529316287206
24,0.092,-0.007899373044317745
24,0.093,-0.008137276362408716
24,0.094,-0.008379046767849896
24,0.095,-0.008624728463402537
24,0.096,-0.008874366202532954
24,0.097,-0.009128005287820578
24,0.098,-0.009385691569115708
24,0.099,-0.009647471441443681
24,0.1,-0.009913391842642932
24,0.101,-0.010183500250732763
24,0.10200000000000001,-0.010457844681000937
24,0.10300000000000001,-0.01073647368280514
24,0.10400000000000001,-0.011019436336079184
24,0.105,-0.01130678224753534
24,0.106,-0.011598561546560183
24,0.107,-0.011894824880788062
24,0.108,-0.012195623411353284
24,0.109,-0.012501008807806944
24,0.11,-0.012811033242694258
24,0.111,-0.013125749385784567
24,0.112,-0.013445210397945837
24,0.113,-0.013769469924657702
24,0.114,-0.014098582089154814
24,0.115,-0.014432601485194426
24,0.116,-0.01477158316944173
24,0.117,-0.015115582653464363
24,0.11800000000000001,-0.015464655895332621
24,0.11900000000000001,-0.015818859290816997
24,0.12,-0.016178249664176934
24,0.121,-0.016542884258536818
24,0.122,-0.016912820725841302
24,0.123,-0.017288117116386507
24,0.124,-0.01766883186791967
24,0.125,-0.018055023794306485
24,0.126,-0.018446752073755356
24,0.127,-0.01884407623660163
24,0.128,-0.019247056152641155
24,0.129,-0.01965575201801434
24,0.13,-0.020070224341634805
24,0.131,-0.020490533931161063
24,0.132,-0.02091674187850793
24,0.133,-0.02134890954489628
24,0.134,-0.021787098545438414
24,0.135,-0.022231370733259793
24,0.136,-0.0226817881831531
24,0.137,-0.02313841317476758
24,0.138,-0.02360130817533198
24,0.139,-0.024070535821911772
24,0.14,-0.024546158903202494
24,0.14100000000000001,-0.0250282403408598
24,0.14200000000000002,-0.025516843170369785
24,0.14300000000000002,-0.026012030521460727
24,0.14400000000000002,-0.026513865598061043
24,0.145,-0.02702241165780571
24,0.146,-0.02753773199109711
24,0.147,-0.028059889899724473
24,0.148,-0.02858894867504741
24,0.149,-0.029124971575750266
24,0.15,-0.029668021805174184
24,0.151,-0.030218162488233766
24,0.152,-0.030775456647927163
24,0.153,-0.031339967181447936
24,0.154,-0.03191175683590865
24,0.155,-0.03249088818368542
24,0.156,-0.0330774235973951
24,0.157,-0.033671425224516494
24,0.158,-0.03427295496166667
24,0.159,-0.03488207442854693
24,0.16,-0.0354988449415692
24,0.161,-0.03612332748718109
24,0.162,-0.036755582694899626
24,0.163,-0.037395670810073105
24,0.164,-0.0380436516663841
24,0.165,-0.03869958465811395
24,0.166,-0.039363528712181066
24,0.167,-0.0400355422599771
24,0.168,-0.04071568320901455
24,0.169,-0.041404008914408146
24,0.17,-0.04210057615020829
24,0.171,-0.042805441080608346
24,0.17200000000000001,-0.04351865923104513
24,0.17300000000000001,-0.044240285459216336
24,0.17400000000000002,-0.04497037392603486
24,0.17500000000000002,-0.04570897806654426
24,0.176,-0.04645615056081744
24,0.177,-0.047211943304862766
24,0.178,-0.04797640738156172
24,0.179,-0.04874959303166126
24,0.18,-0.04953154962484792
24,0.181,-0.050322325630926756
24,0.182,-0.05112196859113267
24,0.183,-0.05193052508959621
24,0.184,-0.05274804072499627
24,0.185,-0.053574560082418995
24,0.186,-0.054410126705454094
24,0.187,-0.05525478306855382
24,0.188,-0.0561085705496808
24,0.189,-0.05697152940327288
24,0.19,-0.05784369873355067
24,0.191,-0.05872511646819514
24,0.192,-0.05961581933242311
24,0.193,-0.06051584282348556
24,0.194,-0.0614252211856176
24,0.195,-0.06234398738546505
24,0.196,-0.06327217308801455
24,0.197,-0.06420980863305331
24,0.198,-0.06515692301218534
24,0.199,-0.06611354384642659
24,0.2,-0.06707969736440884
24,0.201,-0.06805540838121218
24,0.202,-0.06904070027785417
24,0.203,-0.07003559498145676
24,0.20400000000000001,-0.07104011294611652
24,0.20500000000000002,-0.07205427313449883
24,0.20600000000000002,-0.07307809300017874
24,0.20700000000000002,-0.07411158847075092
24,0.20800000000000002,-0.07515477393172698
24,0.209,-0.07620766221124328
24,0.21,-0.07727026456559495
24,0.211,-0.07834259066561704
24,0.212,-0.07942464858392914
24,0.213,-0.08051644478305979
24,0.214,-0.08161798410446744
24,0.215,-0.0827292697584713
24,0.216,-0.08385030331510743
24,0.217,-0.08498108469592086
24,0.218,-0.08612161216670679
24,0.219,-0.08727188233121184
24,0.22,-0.08843189012580327
24,0.221,-0.0896016288151166
24,0.222,-0.09078108998868682
24,0.223,-0.09197026355857182
24,0.224,-0.09316913775797105
24,0.225,-0.09437769914084401
24,0.226,-0.09559593258253239
24,0.227,-0.09682382128138518
24,0.228,-0.09806134676138892
24,0.229,-0.09930848887580263
24,0.23,-0.10056522581179227
24,0.231,-0.10183153409606606
24,0.232,-0.10310738860150284
24,0.233,-0.10439276255476886
24,0.234,-0.10568762754491755
24,0.23500000000000001,-0.10699195353296179
24,0.23600000000000002,-0.10830570886241281
24,0.23700000000000002,-0.10962886027077312
24,0.23800000000000002,-0.11096137290197203
24,0.23900000000000002,-0.1123032103197352
24,0.24,-0.11365433452186863
24,0.241,-0.11501470595544838
24,0.242,-0.11638428353289731
24,0.243,-0.11776302464893253
24,0.244,-0.1191508851983678
24,0.245,-0.12054781959475012
24,0.246,-0.1219537807898137
24,0.247,-0.12336872029372833
24,0.248,-0.1247925881961248
24,0.249,-0.1262253331878706
24,0.25,-0.1276669025835789
40,0.0,0.011170365316767746
40,0.001,0.0111699505164969
40,0.002,0.01116870602521374
40,0.003,0.011166631571429221
40,0.004,0.011163726702397844
40,0.005,0.011159990783724094
40,0.006,0.011155422998808907
40,0.007,0.011150022348138281
40,0.008,0.01114378764841273
40,0.009000000000000001,0.011136717531516026
40,0.01,0.011128810443323698
40,0.011,0.011120064642348583
40,0.012,0.011110478198225911
40,0.013000000000000001,0.011100048990032016
40,0.014,0.011088774704437518
40,0.015,0.011076652833695811
40,0.016,0.0110636806734609
40,0.017,0.011049855320435162
40,0.018000000000000002,0.011035173669846677
40,0.019,0.011019632412750138
40,0.02,0.011003228033153296
40,0.021,0.010985956804964177
40,0.022,0.010967814788757363
40,0.023,0.010948797828357166
40,0.024,0.010928901547235487
40,0.025,0.010908121344718889
40,0.026000000000000002,0.010886452392007048
40,0.027,0.010863889627994148
40,0.028,0.010840427754893592
40,0.029,0.01081606123366155
40,0.03,0.01079078427921654
40,0.031,0.010764590855450153
40,0.032,0.010737474670027638
40,0.033,0.010709429168972492
40,0.034,0.010680447531031794
40,0.035,0.010650522661819293
40,0.036000000000000004,0.010619647187730083
40,0.037,0.010587813449626029
40,0.038,0.01055501349628324
40,0.039,0.01052123907760123
40,0.04,0.010486481637566488
40,0.041,0.010450732306967529
40,0.042,0.010413981895855726
40,0.043000000000000003,0.01037622088574714
40,0.044,0.010337439421561286
40,0.045,0.01029762730329141
40,0.046,0.010256773977399897
40,0.047,0.010214868527936648
40,0.048,0.010171899667371621
40,0.049,0.010127855727139732
40,0.05,0.010082724647889441
40,0.051000000000000004,0.010036493969433131
40,0.052000000000000005,0.009989150820390466
40,0.053,0.009940681907522151
40,0.054,0.009891073504746165
40,0.055,0.009840311441833297
40,0.056,0.009788381092774577
40,0.057,0.009735267363816372
40,0.058,0.009680954681157367
40,0.059000000000000004,0.009625426978300843
40,0.06,0.009568667683059535
40,0.061,0.009510659704205292
40,0.062,0.009451385417758739
40,0.063,0.009390826652915605
40,0.064,0.009328964677602154
40,0.065,0.009265780183656775
40,0.066,0.009201253271631479
40,0.067,0.009135363435210694
40,0.068,0.009068089545241263
40,0.069,0.008999409833369165
40,0.07,0.008929301875281914
40,0.07100000000000001,0.008857742573549349
40,0.07200000000000001,0.008784708140062554
40,0.073,0.00871017407806507
40,0.074,0.008634115163776157
40,0.075,0.008556505427603563
40,0.076,0.008477318134941611
40,0.077,0.008396525766555862
40,0.078,0.008314099998552801
40,0.079,0.008230011681933255
40,0.08,0.008144230821729919
40,0.081,0.00805672655573211
40,0.082,0.007967467132794469
40,0.083,0.0078764198907375
40,0.084,0.007783551233837817
40,0.085,0.007688826609914455
40,0.08600000000000001,0.007592210487016351
40,0.08700000000000001,0.007493666329713976
40,0.088,0.007393156575003225
40,0.089,0.0072906426078290995
40,0.09,0.007186084736235697
40,0.091,0.007079442166155758
40,0.092,0.0069706729758453895
40,0.093,0.006859734089980911
40,0.094,0.006746581253427388
40,0.095,0.006631169004696709
40,0.096,0.006513450649106961
40,0.097,0.006393378231666073
40,0.098,0.006270902509693976
40,0.099,0.006145972925207195
40,0.1,0.006018537577086456
40,0.101,0.005888543193053462
40,0.10200000000000001,0.005755935101480626
40,0.10300000000000001,0.005620657203063463
40,0.10400000000000001,0.00548265194238555
40,0.105,0.0053418602794075495
40,0.106,0.005198221660913556
40,0.107,0.005051673991954504
40,0.108,0.004902153607323073
40,0.109,0.004749595243104022
40,0.11,0.004593932008343057
40,0.111,0.004435095356878228
40,0.112,0.004273015059384589
40,0.113,0.004107619175682468
40,0.114,0.003938834027361376
40,0.115,0.0037665841707787
40,0.116,0.0035907923704902502
40,0.117,0.0034113795731749493
40,0.11800000000000001,0.0032282648821190963
40,0.11900000000000001,0.0030413655323268058
40,0.12,0.0028505968663277642
40,0.121,0.0026558723107552133
40,0.122,0.002457103353771025
40,0.123,0.0022541995234158264
40,0.124,0.002047068366967661
40,0.125,0.001835615431392679
40,0.126,0.0016197442449766477
40,0.127,0.001399356300227651
40,0.128,0.0011743510381419034
40,0.129,0.0009446258339313
40,0.13,0.0007100759843083372
40,0.131,0.0004705946964307789
40,0.132,0.00022607307861047948
40,0.133,-2.3599867110330602e-05
40,0.134,-0.0002785372504053238
40,0.135,-0.0005388542960255011
40,0.136,-0.0008046683449613283
40,0.137,-0.0010760988532959176
40,0.138,-0.0013532673886323676
40,0.139,-0.0016362976239808341
40,0.14,-0.0019253153289897698
40,0.14100000000000001,-0.002220448358403203
40,0.14200000000000002,-0.0025218266376271156
40,0.14300000000000002,-0.002829582145290317
40,0.14400000000000002,-0.003143848892678984
40,0.145,-0.0034647628999339465
40,0.146,-0.0037924621688921935
40,0.147,-0.004127086652462298
40,0.148,-0.004468778220421814
40,0.149,-0.004817680621528184
40,0.15,-0.005173939441838157
40,0.151,-0.00553770205913442
40,0.152,-0.005909117593359196
40,0.153,-0.006288336852964978
40,0.154,-0.006675512277090681
40,0.155,-0.007070797873483005
40,0.156,-0.00747434915208451
40,0.157,-0.007886323054221194
40,0.158,-0.008306877877324493
40,0.159,-0.008736173195135937
40,0.16,-0.00917436977334667
40,0.161,-0.009621629480638102
40,0.162,-0.0100781151950931
40,0.163,-0.010543990705966282
40,0.164,-0.011019420610803996
40,0.165,-0.011504570207923313
40,0.166,-0.01199960538426698
40,0.167,-0.01250469249866639
40,0.168,-0.013019998260557584
40,0.169,-0.013545689604206834
40,0.17,-0.014081933558520617
40,0.171,-0.014628897112525116
40,0.17200000000000001,-0.015186747076619107
40,0.17300000000000001,-0.015755649939716294
40,0.17400000000000002,-0.016335771722411383
40,0.17500000000000002,-0.016927277826318695
40,0.176,-0.01753033287974845
40,0.177,-0.018145100579901704
40,0.178,-0.018771743531783708
40,0.179,-0.019410423084046596
40,0.18,-0.020061299161994922
40,0.181,-0.020724530097997337
40,0.182,-0.021400272459569294
40,0.183,-0.022088680875402146
40,0.184,-0.022789907859632336
40,0.185,-0.02350410363465853
40,0.186,-0.02423141595282587
40,0.187,-0.024971989917315973
40,0.188,-0.025725967802584952
40,0.189,-0.026493488874713693
40,0.19,-0.027274689212036303
40,0.191,-0.028069701526429267
40,0.192,-0.028878654985649763
40,0.193,-0.029701675037117688
40,0.194,-0.03053888323354747
40,0.195,-0.03139039706083385
40,0.196,-0.03225632976860721
40,0.197,-0.03313679020386797
40,0.198,-0.03403188264812056
40,0.199,-0.034941706658414826
40,0.2,-0.03586635691271227
40,0.201,-0.03680592305998043
40,0.202,-0.03776048957542154
40,0.203,-0.038730135621229234
40,0.20400000000000001,-0.03971493491325826
40,0.20500000000000002,-0.04071495559398657
40,0.20600000000000002,-0.04173026011213047
40,0.20700000000000002,-0.042760905109265605
40,0.20800000000000002,-0.04380694131378789
40,0.209,-0.04486841344253119
40,0.21,-0.04594536011034531
40,0.211,-0.04703781374791079
40,0.212,-0.04814580052805213
40,0.213,-0.04926934030078657
40,0.214,-0.05040844653732064
40,0.215,-0.05156312628318527
40,0.216,-0.05273338012067129
40,0.217,-0.05391920214070465
40,0.218,-0.0551205799242714
40,0.219,-0.056337494533471574
40,0.22,-0.05756992051226427
40,0.221,-0.05881782589691922
40,0.222,-0.06008117223618339
40,0.223,-0.06135991462112275
40,0.224,-0.06265400172458271
40,0.225,-0.06396337585017992
40,0.226,-0.06528797299070456
40,0.227,-0.0666277228957931
40,0.228,-0.06798254914869713
40,0.229,-0.06935236925195254
40,0.23,-0.0707370947217232
40,0.231,-0.07213663119057634
40,0.232,-0.07355087851841147
40,0.233,-0.07497973091125751
40,0.234,-0.07642307704761708
40,0.23500000000000001,-0.07788080021203014
40,0.23600000000000002,-0.07935277843550097
40,0.23700000000000002,-0.08083888464242406
40,0.23800000000000002,-0.08233898680362169
40,0.23900000000000002,-0.08385294809510149
40,0.24,-0.08538062706212415
40,0.241,-0.08692187778816117
40,0.242,-0.08847655006832221
40,0.243,-0.0900444895868125
40,0.244,-0.09162553809799247
40,0.245,-0.09321953361058999
40,0.246,-0.09482631057463119
40,0.247,-0.09644570007064468
40,0.248,-0.09807753000070495
40,0.249,-0.09972162528087375
40,0.25,-0.10137780803461366
80,0.0,0.0122259529262871
80,0.001,0.012225674534589002
80,0.002,0.012224839357712725
80,0.003,0.012223447390307396
80,0.004,0.012221498623439684
80,0.005,0.012218993044570997
80,0.006,0.012215930637524028
80,0.007,0.012212311382442203
80,0.008,0.012208135255737681
80,0.009000000000000001,0.01220340223002982
80,0.01,0.012198112274074925
80,0.011,0.012192265352683737
80,0.012,0.012185861426630657
80,0.013000000000000001,0.012178900452550986
80,0.014,0.012171382382826178
80,0.015,0.01216330716546007
80,0.016,0.012154674743940665
80,0.017,0.01214548505709054
80,0.018000000000000002,0.012135738038904956
80,0.019,0.01212543361837535
80,0.02,0.012114571719299222
80,0.021,0.012103152260075318
80,0.022,0.012091175153483746
80,0.023,0.012078640306448736
80,0.024,0.012065547619785724
80,0.025,0.012051896987929467
80,0.026000000000000002,0.012037688298644163
80,0.027,0.012022921432712759
80,0.028,0.012007596263605886
80,0.029,0.011991712657128952
80,0.03,0.011975270471044715
80,0.031,0.01195826955467206
80,0.032,0.011940709748458275
80,0.033,0.011922590883524133
80,0.034,0.011903912781177833
80,0.035,0.011884675252400622
80,0.036000000000000004,0.011864878097296572
80,0.037,0.011844521104509557
80,0.038,0.01182360405060203
80,0.039,0.01180212669939433
80,0.04,0.01178008880126266
80,0.041,0.0117574900923924
80,0.042,0.011734330293983783
80,0.043000000000000003,0.01171060911140838
80,0.044,0.011686326233311008
80,0.045,0.011661481330656564
80,0.046,0.01163607405571358
80,0.047,0.011610104040978494
80,0.048,0.011583570898025985
80,0.049,0.011556474216291513
80,0.05,0.011528813561773356
80,0.051000000000000004,0.011500588475654636
80,0.052000000000000005,0.011471798472835859
80,0.053,0.011442443040375627
80,0.054,0.011412521635832137
80,0.055,0.011382033685497936
80,0.056,0.011350978582522358
80,0.057,0.01131935568491568
80,0.058,0.011287164313423142
80,0.059000000000000004,0.011254403749264105
80,0.06,0.011221073231727035
80,0.061,0.01118717195560846
80,0.062,0.011152699068487884
80,0.063,0.011117653667828069
80,0.064,0.011082034797887316
80,0.065,0.011045841446433523
80,0.066,0.011009072541243572
80,0.067,0.010971726946380846
80,0.068,0.010933803458226345
80,0.069,0.010895300801256162
80,0.07,0.010856217623543758
80,0.07100000000000001,0.01081655249196926
80,0.07200000000000001,0.010776303887118872
80,0.073,0.010735470197850231
80,0.074,0.010694049715505315
80,0.075,0.010652040627745739
80,0.076,0.010609441011984851
80,0.077,0.010566248828391897
80,0.078,0.010522461912438996
80,0.079,0.010478077966960778
80,0.08,0.01043309455369406
80,0.081,0.010387509084265938
80,0.082,0.010341318810589152
80,0.083,0.010294520814632321
80,0.084,0.010247111997517133
80,0.085,0.010199089067903266
80,0.08600000000000001,0.010150448529613625
80,0.08700000000000001,0.010101186668447948
80,0.088,0.010051299538134807
80,0.089,0.010000782945363561
80,0.09,0.009949632433838364
80,0.091,0.009897843267289846
80,0.092,0.009845410411376994
80,0.093,0.009792328514408533
80,0.094,0.009738591886807223
80,0.095,0.009684194479236834
80,0.096,0.009629129859305838
80,0.097,0.009573391186758934
80,0.098,0.009516971187057853
80,0.099,0.00945986212325254
80,0.1,0.009402055766032728
80,0.101,0.00934354336184879
80,0.10200000000000001,0.009284315598978372
80,0.10300000000000001,0.009224362571414475
80,0.10400000000000001,0.009163673740439665
80,0.105,0.009102237893743932
80,0.106,0.009040043101938025
80,0.107,0.008977076672304754
80,0.108,0.008913325099620943
80,0.109,0.008848774013878628
80,0.11,0.008783408124719325
80,0.111,0.008717211162389712
80,0.112,0.008650165815019704
80,0.113,0.008582253662008195
80,0.114,0.008513455103295948
80,0.115,0.008443749284297739
80,0.116,0.008373114016248502
80,0.117,0.008301525691715715
80,0.11800000000000001,0.008228959195015598
80,0.11900000000000001,0.008155387807261022
80,0.12,0.008080783105763677
80,0.121,0.008005114857494819
80,0.122,0.007928350906311037
80,0.123,0.007850457053630137
80,0.124,0.007771396932246995
80,0.125,0.007691131872959493
80,0.126,0.007609620763679178
80,0.127,0.0075268199006874505
80,0.128,0.007442682831699057
80,0.129,0.007357160190391198
80,0.13,0.007270199522054032
80,0.131,0.007181745100023037
80,0.132,0.007091737732555146
80,0.133,0.007000114559816991
80,0.134,0.006906808840667172
80,0.135,0.006811749728921929
80,0.136,0.006714862038815623
80,0.137,0.006616065999388545
80,0.138,0.006515276997556781
80,0.139,0.006412405309656588
80,0.14,0.006307355821292323
80,0.14100000000000001,0.0062000277353559795
80,0.14200000000000002,0.006090314268148135
80,0.14300000000000002,0.005978102333580049
80,0.14400000000000002,0.005863272215509917
80,0.145,0.005745697228343493
80,0.146,0.005625243366112891
80,0.147,0.005501768940348181
80,0.148,0.005375124207163512
80,0.149,0.005245150984099577
80,0.15,0.005111682257397547
80,0.151,0.004974541780524887
80,0.152,0.004833543664933056
80,0.153,0.004688491964199633
80,0.154,0.004539180252893495
80,0.155,0.004385391201704197
80,0.156,0.0042268961505932835
80,0.157,0.004063454681949548
80,0.158,0.0038948141959795424
80,0.159,0.0037207094908165207
80,0.16,0.003540862350098793
80,0.161,0.003354981141049377
80,0.162,0.0031627604263695895
80,0.163,0.0029638805935612604
80,0.164,0.0027580075055822547
80,0.165,0.002544792177041259
80,0.166,0.0023238704804361392
80,0.167,0.002094862887224746
80,0.168,0.0018573742487997362
80,0.169,0.00161099362269828
80,0.17,0.0013552941496162967
80,0.171,0.0010898329870107845
80,0.17200000000000001,0.000814151305245871
80,0.17300000000000001,0.0005277743523735001
80,0.17400000000000002,0.0002302115937213526
80,0.17500000000000002,-7.904306751381311e-05
80,0.176,-0.0004005109825135911
80,0.177,-0.0007347283558852636
80,0.178,-0.0010822457456703424
80,0.179,-0.0014436274587643172
80,0.18,-0.0018194508365841043
80,0.181,-0.0022103054263125626
80,0.182,-0.002616792033650178
80,0.183,-0.003039521653719235
80,0.184,-0.0034791142775979274
80,0.185,-0.003936197572911291
80,0.186,-0.004411405437970289
80,0.187,-0.004905376430129721
80,0.188,-0.005418752070316547
80,0.189,-0.005952175027064865
80,0.19,-0.006506287184852989
80,0.191,-0.007081727603079383
80,0.192,-0.007679130373593294
80,0.193,-0.00829912238631728
80,0.194,-0.008942321014116059
80,0.195,-0.009609331729669417
80,0.196,-0.010300745668657286
80,0.197,-0.011017137155037457
80,0.198,-0.011759061205556797
80,0.199,-0.012527051031853365
80,0.2,-0.013321615559552327
80,0.201,-0.01414323698459485
80,0.202,-0.014992368387648093
80,0.203,-0.01586943142779361
80,0.20400000000000001,-0.016774814136757063
80,0.20500000000000002,-0.01770886883472825
80,0.20600000000000002,-0.01867191018827822
80,0.20700000000000002,-0.019664213430049583
80,0.20800000000000002,-0.020686012758740914
80,0.209,-0.02173749993645306
80,0.21,-0.022818823098737173
80,0.211,-0.02393008579067263
80,0.212,-0.025071346240077806
80,0.213,-0.026242616876515225
80,0.214,-0.027443864102158648
80,0.215,-0.0286750083178748
80,0.216,-0.02993592420509091
80,0.217,-0.031226441261214398
80,0.218,-0.032546344583599576
80,0.219,-0.03389537589435165
80,0.22,-0.03527323479570563
80,0.221,-0.03667958024329454
80,0.222,-0.038114032222458065
80,0.223,-0.03957617361077921
80,0.224,-0.04106555220837543
80,0.225,-0.04258168291610705
80,0.226,-0.044124050040785276
80,0.227,-0.04569210970574911
80,0.228,-0.04728529234474373
80,0.229,-0.04890300525694281
80,0.23,-0.05054463520115829
80,0.231,-0.05220955100778116
80,0.232,-0.053897106187734065
80,0.233,-0.05560664151873837
80,0.234,-0.057337487590373715
80,0.23500000000000001,-0.05908896729080793
80,0.23600000000000002,-0.06086039821957861
80,0.23700000000000002,-0.06265109501245068
80,0.23800000000000002,-0.06446037156606367
80,0.23900000000000002,-0.06628754315183893
80,0.24,-0.06813192841037033
80,0.241,-0.0699928512192523
80,0.242,-0.07186964242901328
80,0.243,-0.07376164146343492
80,0.244,-0.07566819778210598
80,0.245,-0.07758867220448441
80,0.246,-0.0795224380960922
80,0.247,-0.08146888241867548
80,0.248,-0.08342740664724574
80,0.249,-0.08539742755786875
80,0.25,-0.08737837789089531
160,0.0,0.01222961726029782
160,0.001,0.012229339944685134
160,0.002,0.01222850799784696
160,0.003,0.012227121419783151
160,0.004,0.012225180210493184
160,0.005,0.012222684369976342
160,0.006,0.012219633898231585
160,0.007,0.012216028795257726
160,0.008,0.012211869061053572
160,0.009000000000000001,0.01220715469561755
160,0.01,0.012201885698947802
160,0.011,0.012196062071042147
160,0.012,0.012189683811898274
160,0.013000000000000001,0.012182750921513845
160,0.014,0.012175263399885481
160,0.015,0.01216722124701016
160,0.016,0.012158624462884479
160,0.017,0.012149473047504454
160,0.018000000000000002,0.012139767000865541
160,0.019,0.012129506322963399
160,0.02,0.012118691013792593
160,0.021,0.012107321073347669
160,0.022,0.012095396501622578
160,0.023,0.012082917298610437
160,0.024,0.01206988346430424
160,0.025,0.012056294998695856
160,0.026000000000000002,0.01204215190177678
160,0.027,0.012027454173537464
160,0.028,0.012012201813967938
160,0.029,0.011996394823057165
160,0.03,0.011980033200792745
160,0.031,0.011963116947161762
160,0.032,0.011945646062149675
160,0.033,0.011927620545741082
160,0.034,0.011909040397918874
160,0.035,0.011889905618664667
160,0.036000000000000004,0.011870216207958043
160,0.037,0.011849972165777056
160,0.038,0.011829173492097621
160,0.039,0.011807820186893485
160,0.04,0.011785912250135854
160,0.041,0.011763449681793397
160,0.042,0.011740432481831892
160,0.043000000000000003,0.011716860650213552
160,0.044,0.01169273418689739
160,0.045,0.011668053091838396
160,0.046,0.011642817364987132
160,0.047,0.011617027006289447
160,0.048,0.011590682015685947
160,0.049,0.011563782393111323
160,0.05,0.011536328138493878
160,0.051000000000000004,0.011508319251754873
160,0.052000000000000005,0.011479755732807611
160,0.053,0.011450637581556527
160,0.054,0.01142096479789656
160,0.055,0.011390737381711816
160,0.056,0.011359955332874755
160,0.057,0.01132861865124421
160,0.058,0.011296727336664644
160,0.059000000000000004,0.011264281388963862
160,0.06,0.011231280807952191
160,0.061,0.011197725593419128
160,0.062,0.011163615745131843
160,0.063,0.011128951262832677
160,0.064,0.011093732146235866
160,0.065,0.011057958395024874
160,0.066,0.011021630008847795
160,0.067,0.010984746987314551
160,0.068,0.010947309329991602
160,0.069,0.010909317036396967
160,0.07,0.010870770105994316
160,0.07100000000000001,0.01083166853818681
160,0.07200000000000001,0.010792012332310287
160,0.073,0.010751801487623988
160,0.074,0.01071103600330203
160,0.075,0.010669715878423087
160,0.076,0.010627841111959064
160,0.077,0.010585411702760665
160,0.078,0.010542427649543953
160,0.079,0.010498888950873073
160,0.08,0.01045479560514094
160,0.081,0.010410147610548481
160,0.082,0.010364944965080026
160,0.083,0.010319187666476493
160,0.084,0.010272875712203637
160,0.085,0.01022600909941802
160,0.08600000000000001,0.010178587824926363
160,0.08700000000000001,0.010130611885141527
160,0.088,0.010082081276031026
160,0.089,0.010032995993059547
160,0.09,0.009983356031123386
160,0.091,0.009933161384475954
160,0.092,0.009882412046643564
160,0.093,0.009831108010329513
160,0.094,0.009779249267304425
160,0.095,0.009726835808283929
160,0.096,0.009673867622785723
160,0.097,0.00962034469897026
160,0.098,0.009566267023458435
160,0.099,0.00951163458112306
160,0.1,0.009456447354851905
160,0.101,0.009400705325278626
160,0.10200000000000001,0.009344408470474238
160,0.10300000000000001,0.009287556765596236
160,0.10400000000000001,0.009230150182488578
160,0.105,0.009172188689224403
160,0.106,0.009113672249584221
160,0.107,0.00905460082246052
160,0.108,0.008994974361176328
160,0.109,0.00893479281270768
160,0.11,0.00887405611679447
160,0.111,0.008812764204922508
160,0.112,0.008750916999161302
160,0.113,0.008688514410832158
160,0.114,0.008625556338984729
160,0.115,0.008562042668652865
160,0.116,0.008497973268857234
160,0.117,0.008433347990317355
160,0.11800000000000001,0.008368166662829869
160,0.11900000000000001,0.008302429092264408
160,0.12,0.008236135057120637
160,0.121,0.008169284304579406
160,0.122,0.008101876545975821
160,0.123,0.008033911451605851
160,0.124,0.007965388644770336
160,0.125,0.007896307694938813
160,0.126,0.007826668109907132
160,0.127,0.007756469326795487
160,0.128,0.007685710701715271
160,0.129,0.00761439149790822
160,0.13,0.007542510872127414
160,0.131,0.007470067859000642
160,0.132,0.007397061353076901
160,0.133,0.007323490088207484
160,0.134,0.007249352613870266
160,0.135,0.0071746472679804305
160,0.136,0.0070993721456669885
160,0.137,0.0070235250634197895
160,0.138,0.0069471035179180934
160,0.139,0.006870104638759941
160,0.14,0.006792525134191985
160,0.14100000000000001,0.006714361228809886
160,0.14200000000000002,0.006635608592054129
160,0.14300000000000002,0.00655626225615458
160,0.14400000000000002,0.006476316521986637
160,0.145,0.006395764851084888
160,0.146,0.006314599741811245
160,0.147,0.006232812587398252
160,0.148,0.006150393513270617
160,0.149,0.006067331190693117
160,0.15,0.005983612623392715
160,0.151,0.005899222903351799
160,0.152,0.00581414493147089
160,0.153,0.005728359098228431
160,0.154,0.005641842918851267
160,0.155,0.005554570616804356
160,0.156,0.005466512648653473
160,0.157,0.005377635162505038
160,0.158,0.005287899381312121
160,0.159,0.0051972609013354945
160,0.16,0.0051056688949721735
160,0.161,0.005013065206012227
160,0.162,0.004919383324164115
160,0.163,0.004824547224420925
160,0.164,0.00472847005552515
160,0.165,0.004631052660469726
160,0.166,0.004532181910681001
160,0.167,0.0044317288342931044
160,0.168,0.0043295465178350805
160,0.169,0.004225467759752534
160,0.17,0.004119302453593944
160,0.171,0.004010834678514405
160,0.17200000000000001,0.0038998194751237686
160,0.17300000000000001,0.0037859792858068574
160,0.17400000000000002,0.003669000040660943
160,0.17500000000000002,0.0035485268733609406
160,0.176,0.003424159455827228
160,0.177,0.003295446946829067
160,0.178,0.0031618825579103112
160,0.179,0.0030228977505928206
160,0.18,0.0028778560920387367
160,0.181,0.002726046812524609
160,0.182,0.0025666781274677484
160,0.183,0.002398870409545572
160,0.184,0.0022216493226975362
160,0.185,0.0020339390594276124
160,0.186,0.001834555855439778
160,0.187,0.0016222019906459457
160,0.188,0.0013954605219301981
160,0.189,0.0011527910293214845
160,0.19,0.0008925266914601878
160,0.191,0.0006128730360166219
160,0.192,0.00031190873306683256
160,0.193,-1.2411189050251514e-05
160,0.194,-0.00036224932887743335
160,0.195,-0.0007398767428549568
160,0.196,-0.0011476603104440628
160,0.197,-0.0015880463900270233
160,0.198,-0.0020635406177457213
160,0.199,-0.002576683824505613
160,0.2,-0.0031300241954334987
160,0.201,-0.003726085967175381
160,0.202,-0.004367335144823174
160,0.203,-0.0050561429125663155
160,0.20400000000000001,-0.00579474759847868
160,0.20500000000000002,-0.006585216220530829
160,0.20600000000000002,-0.007429406773520224
160,0.20700000000000002,-0.00832893250123944
160,0.20800000000000002,-0.009285129423015607
160,0.209,-0.010299028340462157
160,0.21,-0.011371332435504991
160,0.211,-0.012502401386841479
160,0.212,-0.013692242687458587
160,0.213,-0.014940510554793637
160,0.214,-0.01624651250628107
160,0.215,-0.017609223347908622
160,0.216,-0.019027306014259848
160,0.217,-0.020499138426087398
160,0.218,-0.022022845312966787
160,0.219,-0.023596333796142586
160,0.22,-0.02521733144648896
160,0.221,-0.02688342552445851
160,0.222,-0.028592102167443696
160,0.223,-0.030340784404790967
160,0.224,-0.03212686803858045
160,0.225,-0.03394775461433955
160,0.226,-0.035800880905257446
160,0.227,-0.03768374453271974
160,0.228,-0.03959392553364246
160,0.229,-0.04152910385258671
160,0.23,-0.04348707287822963
160,0.231,-0.04546574925653132
160,0.232,-0.047463179296307084
160,0.233,-0.049477542338402306
160,0.234,-0.05150715148996213
160,0.23500000000000001,-0.05355045213420761
160,0.23600000000000002,-0.055606018617665
160,0.23700000000000002,-0.05767254949515798
160,0.23800000000000002,-0.05974886168188223
160,0.23900000000000002,-0.06183388382503881
160,0.24,-0.06392664916768487
160,0.241,-0.06602628813701518
160,0.242,-0.0681320208500426
160,0.243,-0.07024314969279542
160,0.244,-0.07235905209563671
160,0.245,-0.07447917359748484
160,0.246,-0.07660302126588206
160,0.247,-0.07873015751788005
160,0.248,-0.080860194368464
160,0.249,-0.08299278811838759
160,0.25,-0.08512763448152512
