radius,rate_cap,lower,upper,bound_gap,point_floor_average,extra_lower,extra_upper,solver_status,primal_mixing,primal_checked_margin,dual_stationarity_bound,rate_used,matrix_file,elapsed_seconds,N,halfwidth,min_band_gain,high_gain_margin_0p1,quadrature_check_error,floor_min_sample,original_noise,sampled_pointwise_rate_max,sampled_pointwise_formula_error,pointwise_floor_attainable_under_cap,pointwise_rational_margin
all,8.0,2.293031389447574,2.2930322195236736,8.300760998558587e-07,0.89712328718073,1.3959081022668438,1.3959089323429437,optimal,1.0400510772517096e-09,2.0561645696746024e-09,1.5848996945742342e-09,6.559664963073888,results/rate_capped_band_optimization_matrices/N40_B0.05_R8_rall.npz,2.8255577999952948,40,0.05,2.6550849397271556,True,8.881784197001252e-15,0.8690047652676769,200.62718636683775,157.9820460701436,8.695266728864226e-13,True,0.0030001059705144985
1,8.0,3.3572808794506424,3.3572817294978643,8.500472219452604e-07,0.89712328718073,2.4601575922699124,2.4601584423171343,optimal_inaccurate,1.2486357970882337e-09,2.2879047891359598e-09,8.1241454341986e-10,7.999999990537051,results/rate_capped_band_optimization_matrices/N40_B0.05_R8_r1.npz,3.9224843999982113,40,0.05,2.6550849397271556,True,8.881784197001252e-15,0.8690047652676769,200.62718636683775,157.9820460701436,8.695266728864226e-13,True,0.0030001059705144985
2,8.0,2.370980716916194,2.3709813024305624,5.85514368545148e-07,0.89712328718073,1.4738574297354639,1.4738580152498324,optimal,1.042067153360015e-09,1.4340150330761922e-09,8.127565469570293e-10,7.999999997130335,results/rate_capped_band_optimization_matrices/N40_B0.05_R8_r2.npz,3.8324257000058424,40,0.05,2.6550849397271556,True,8.881784197001252e-15,0.8690047652676769,200.62718636683775,157.9820460701436,8.695266728864226e-13,True,0.0030001059705144985
all,32.0,2.293029791531615,2.29303264610624,2.8545746246777526e-06,0.89712328718073,1.3959065043508851,1.3959093589255098,optimal,5.782147584368224e-10,3.893155049671299e-09,1.6296329161060947e-09,18.50370985164476,results/rate_capped_band_optimization_matrices/N40_B0.05_R32_rall.npz,2.8981948000000557,40,0.05,2.6550849397271556,True,8.881784197001252e-15,0.8690047652676769,200.62718636683775,157.9820460701436,8.695266728864226e-13,True,0.0030001059705144985
1,32.0,2.3263206416546396,2.3263223237187156,1.6820640760251138e-06,0.89712328718073,1.4291973544739096,1.4291990365379856,optimal_inaccurate,4.756740682414237e-10,3.773510344049407e-09,8.112921965389423e-10,31.999999950441342,results/rate_capped_band_optimization_matrices/N40_B0.05_R32_r1.npz,4.202877000003355,40,0.05,2.6550849397271556,True,8.881784197001252e-15,0.8690047652676769,200.62718636683775,157.9820460701436,8.695266728864226e-13,True,0.0030001059705144985
2,32.0,2.316606860682933,2.3166085342611367,1.6735782035759428e-06,0.89712328718073,1.419483573502203,1.4194852470804067,optimal,4.750135254866044e-10,3.772752679250467e-09,8.128300352371786e-10,31.999999912776353,results/rate_capped_band_optimization_matrices/N40_B0.05_R32_r2.npz,4.314598199998727,40,0.05,2.6550849397271556,True,8.881784197001252e-15,0.8690047652676769,200.62718636683775,157.9820460701436,8.695266728864226e-13,True,0.0030001059705144985
all,256.0,2.2930148363596956,2.29304268072787,2.784436817426794e-05,0.89712328718073,1.3958915491789656,1.39591939354714,optimal_inaccurate,1.014122191380917e-09,2.6752261831057387e-08,1.6442607163610786e-09,131.5180179848817,results/rate_capped_band_optimization_matrices/N40_B0.05_R256_rall.npz,2.888953900008346,40,0.05,2.6550849397271556,True,8.881784197001252e-15,0.8690047652676769,200.62718636683775,157.9820460701436,8.695266728864226e-13,True,0.0030001059705144985
1,256.0,2.322901767486397,2.322914681879143,1.2914392745866365e-05,0.89712328718073,1.425778480305667,1.4257913946984129,optimal,4.098477671907975e-10,2.6093304981360936e-08,8.11223241725849e-10,36.85769387035849,results/rate_capped_band_optimization_matrices/N40_B0.05_R256_r1.npz,4.468059599996195,40,0.05,2.6550849397271556,True,8.881784197001252e-15,0.8690047652676769,200.62718636683775,157.9820460701436,8.695266728864226e-13,True,0.0030001059705144985
2,256.0,2.309922773396732,2.3099356559845927,1.2882587860918449e-05,0.89712328718073,1.4127994862160018,1.4128123688038627,optimal,4.094273074789788e-10,2.6073870201737858e-08,8.103924275948997e-10,255.99998187927295,results/rate_capped_band_optimization_matrices/N40_B0.05_R256_r2.npz,4.213743800006341,40,0.05,2.6550849397271556,True,8.881784197001252e-15,0.8690047652676769,200.62718636683775,157.9820460701436,8.695266728864226e-13,True,0.0030001059705144985
all,8.0,2.349271427802649,2.349272087684264,6.598816146841102e-07,0.9658358457237988,1.3834355820788504,1.383436241960465,optimal,1.0309666810216606e-09,2.038072879924031e-09,8.926765398815057e-10,6.632120542694201,results/rate_capped_band_optimization_matrices/N48_B0.05_R8_rall.npz,8.35252830000536,48,0.05,7.601252446601005,True,5.329070518200751e-15,0.9542470815954038,201.2955534834193,151.30639091085325,6.291633880550762e-13,True,0.005792686748451611
1,8.0,3.413641590116369,3.4136422392753913,6.49159022536594e-07,0.9658358457237988,2.44780574439257,2.4478063935515926,optimal_inaccurate,1.0415108768079055e-09,1.0082724427227589e-09,8.161200838754635e-10,7.9999999979818694,results/rate_capped_band_optimization_matrices/N48_B0.05_R8_r1.npz,10.266934599989327,48,0.05,7.601252446601005,True,5.329070518200751e-15,0.9542470815954038,201.2955534834193,151.30639091085325,6.291633880550762e-13,True,0.005792686748451611
2,8.0,2.4352054841529416,2.4352061518385515,6.676856099119277e-07,0.9658358457237988,1.4693696384291428,1.4693703061147527,optimal,1.141235001438559e-09,9.64445842026108e-10,8.161406933461215e-10,7.999999997239591,results/rate_capped_band_optimization_matrices/N48_B0.05_R8_r2.npz,10.17780479999783,48,0.05,7.601252446601005,True,5.329070518200751e-15,0.9542470815954038,201.2955534834193,151.30639091085325,6.291633880550762e-13,True,0.005792686748451611
all,32.0,2.3492704595270713,2.3492771477450143,6.688217943029429e-06,0.9658358457237988,1.3834346138032725,1.3834413020212155,optimal_inaccurate,4.058227745700702e-09,8.110584917299323e-09,8.393228852458356e-10,18.489795362307582,results/rate_capped_band_optimization_matrices/N48_B0.05_R32_rall.npz,10.128541900005075,48,0.05,7.601252446601005,True,5.329070518200751e-15,0.9542470815954038,201.2955534834193,151.30639091085325,6.291633880550762e-13,True,0.005792686748451611
1,32.0,2.3916586547274035,2.3916607320714998,2.0773440962962297e-06,0.9658358457237988,1.4258228090036047,1.425824886347701,optimal_inaccurate,4.915922456240946e-10,3.79241939471702e-09,8.14563580858971e-10,31.999999417109848,results/rate_capped_band_optimization_matrices/N48_B0.05_R32_r1.npz,11.144208900004742,48,0.05,7.601252446601005,True,5.329070518200751e-15,0.9542470815954038,201.2955534834193,151.30639091085325,6.291633880550762e-13,True,0.005792686748451611
2,32.0,2.3803618188805578,2.3803637059898155,1.88710925774771e-06,0.9658358457237988,1.414525973156759,1.4145278602660167,optimal,4.726458316894071e-10,3.769723667425715e-09,8.158871954851346e-10,31.999999950934804,results/rate_capped_band_optimization_matrices/N48_B0.05_R32_r2.npz,10.873455900000408,48,0.05,7.601252446601005,True,5.329070518200751e-15,0.9542470815954038,201.2955534834193,151.30639091085325,6.291633880550762e-13,True,0.005792686748451611
all,256.0,2.3492612950467517,2.3492804776958884,1.9182649136695318e-05,0.9658358457237988,1.383425449322953,1.3834446319720897,optimal,8.158857993809644e-10,2.6466233533238953e-08,8.323481661845448e-10,131.4755131628866,results/rate_capped_band_optimization_matrices/N48_B0.05_R256_rall.npz,8.33507240000472,48,0.05,7.601252446601005,True,5.329070518200751e-15,0.9542470815954038,201.2955534834193,151.30639091085325,6.291633880550762e-13,True,0.005792686748451611
1,256.0,2.3882384710830222,2.3882533951183436,1.4924035321328688e-05,0.9658358457237988,1.4224026253592235,1.4224175493945448,optimal,4.3741154296035087e-10,2.6126216436519112e-08,8.145674756340049e-10,36.8576479907786,results/rate_capped_band_optimization_matrices/N48_B0.05_R256_r1.npz,13.331095400004415,48,0.05,7.601252446601005,True,5.329070518200751e-15,0.9542470815954038,201.2955534834193,151.30639091085325,6.291633880550762e-13,True,0.005792686748451611
2,256.0,2.373860799639053,2.3738754236225197,1.4623983466854895e-05,0.9658358457237988,1.408024953915254,1.408039577898721,optimal,4.080475003891562e-10,2.6070376566173765e-08,8.11681636599542e-10,255.9999795429483,results/rate_capped_band_optimization_matrices/N48_B0.05_R256_r2.npz,10.52663969999412,48,0.05,7.601252446601005,True,5.329070518200751e-15,0.9542470815954038,201.2955534834193,151.30639091085325,6.291633880550762e-13,True,0.005792686748451611
all,8.0,2.3740127648775498,2.3740138987789567,1.1339014069911002e-06,0.9962251775937716,1.3777875872837781,1.3777887211851851,optimal,1.0820287828194523e-09,2.100806407781188e-09,1.5800486131008827e-09,6.716898058485191,results/rate_capped_band_optimization_matrices/N64_B0.05_R8_rall.npz,36.80073020000418,64,0.05,62.301518211865734,True,1.4876988529977098e-14,0.9944185709433062,201.59135010057238,149.36082558445483,7.998046669399628e-13,True,0.007108839057169727
1,8.0,3.438562812266383,3.4385668792080866,4.066941703406712e-06,0.9962251775937716,2.4423376346726116,2.442341701614315,optimal_inaccurate,2.7810085200462614e-09,4.116498622718775e-09,8.18308157118842e-10,7.999999933902009,results/rate_capped_band_optimization_matrices/N64_B0.05_R8_r1.npz,53.60910880001029,64,0.05,62.301518211865734,True,1.4876988529977098e-14,0.9944185709433062,201.59135010057238,149.36082558445483,7.998046669399628e-13,True,0.007108839057169727
2,8.0,2.4635967887743337,2.4635975257872658,7.370129320172225e-07,0.9962251775937716,1.4673716111805621,1.4673723481934942,optimal,1.0524817996974672e-09,1.0361254775940016e-09,8.185393863511694e-10,7.999999997160065,results/rate_capped_band_optimization_matrices/N64_B0.05_R8_r2.npz,60.996907200009446,64,0.05,62.301518211865734,True,1.4876988529977098e-14,0.9944185709433062,201.59135010057238,149.36082558445483,7.998046669399628e-13,True,0.007108839057169727
all,32.0,2.3740102873135775,2.374014273540244,3.986226666530257e-06,0.9962251775937716,1.377785109719806,1.3777890959464725,optimal,5.468468095388135e-10,3.8383118316142395e-09,1.5873613338294702e-09,18.47519729153346,results/rate_capped_band_optimization_matrices/N64_B0.05_R32_rall.npz,37.15640439999697,64,0.05,62.301518211865734,True,1.4876988529977098e-14,0.9944185709433062,201.59135010057238,149.36082558445483,7.998046669399628e-13,True,0.007108839057169727
1,32.0,2.4205224254567783,2.4205248462330515,2.4207762732153526e-06,0.9962251775937716,1.4242972478630067,1.42429966863928,optimal_inaccurate,4.802733196675836e-10,3.777841677330722e-09,8.165983770561405e-10,31.999999729977517,results/rate_capped_band_optimization_matrices/N64_B0.05_R32_r1.npz,70.27156220001052,64,0.05,62.301518211865734,True,1.4876988529977098e-14,0.9944185709433062,201.59135010057238,149.36082558445483,7.998046669399628e-13,True,0.007108839057169727
2,32.0,2.4083916779108394,2.4083940801195363,2.402208696850039e-06,0.9962251775937716,1.4121665003170678,1.4121689025257647,optimal,4.919428280046574e-10,3.788407900004917e-09,8.510280229282127e-10,31.99999995477346,results/rate_capped_band_optimization_matrices/N64_B0.05_R32_r2.npz,65.44999010000902,64,0.05,62.301518211865734,True,1.4876988529977098e-14,0.9944185709433062,201.59135010057238,149.36082558445483,7.998046669399628e-13,True,0.007108839057169727
all,256.0,2.3739882170303512,2.3740185790230632,3.036199271200246e-05,0.9962251775937716,1.3777630394365796,1.3777934014292916,optimal_inaccurate,4.670096577709716e-10,2.5947664994775032e-08,1.5114898203225144e-09,130.72856934613063,results/rate_capped_band_optimization_matrices/N64_B0.05_R256_rall.npz,37.08079930000531,64,0.05,62.301518211865734,True,1.4876988529977098e-14,0.9944185709433062,201.59135010057238,149.36082558445483,7.998046669399628e-13,True,0.007108839057169727
1,256.0,2.4170991220242426,2.4171172367940437,1.811476980106974e-05,0.9962251775937716,1.420873944430471,1.420892059200272,optimal,4.0937426475441285e-10,2.6091567251805522e-08,8.165861535697913e-10,36.857652468781865,results/rate_capped_band_optimization_matrices/N64_B0.05_R256_r1.npz,76.5230678999942,64,0.05,62.301518211865734,True,1.4876988529977098e-14,0.9944185709433062,201.59135010057238,149.36082558445483,7.998046669399628e-13,True,0.007108839057169727
2,256.0,2.4014487815395027,2.401467331095579,1.8549556076496998e-05,0.9962251775937716,1.405223603945731,1.4052421535018076,optimal,4.1140963377413225e-10,2.6065868716738055e-08,8.41240408876715e-10,255.99998456527132,results/rate_capped_band_optimization_matrices/N64_B0.05_R256_r2.npz,70.84084930000245,64,0.05,62.301518211865734,True,1.4876988529977098e-14,0.9944185709433062,201.59135010057238,149.36082558445483,7.998046669399628e-13,True,0.007108839057169727
