model,N,omega,fixed_noise,alpha_star,rate_required,gamma_g_min,gamma_l_min,kernel_norm,kernel_residual,noise
scalar,24.0,0.0,0.1314855451077252,698.8423400297847,698.8424099140185,1.6943228286462627e-10,1.6127353155725478e-14,0.9999999999999998,4.4291958937888375e-17,0.13148554510934293
scalar,24.0,0.03,0.06170732436402018,1488.7470201953026,1488.747169070005,7.742374273964043e-11,-1.8095929871175755e-13,1.0000000000000002,6.387943212852043e-17,0.061707324364854196
scalar,28.0,0.0,0.5070011633537982,211.96109886082039,211.9611200569302,6.620196935462087e-10,-4.019601058358599e-14,0.9999999999999997,5.026328477045616e-17,0.5070011633529735
scalar,28.0,0.03,0.4595046704787451,234.99991083143976,234.9999343314309,5.871272653525009e-10,-1.0058321722234524e-14,0.9999999999999998,5.996652392695557e-17,0.45950467047855886
scalar,32.0,0.0,0.7201568130899743,164.71097375556226,164.7109902266597,9.36758122573207e-10,-1.1840070899108448e-14,1.0000000000000002,6.212661901511016e-17,0.7201568130891906
scalar,32.0,0.03,0.6886523695431179,173.9015514305887,173.90156882074385,8.780282641250215e-10,-3.86734037181484e-14,0.9999999999999999,6.452466791315939e-17,0.6886523695425817
scalar,36.0,0.0,0.84115133051286,150.04647025196576,150.0464852566128,1.0847839442834533e-09,-2.3858797586440428e-14,1.0,5.061182816517015e-17,0.8411513305122155
scalar,36.0,0.03,0.8206509072391427,155.89006266693133,155.89007825593768,1.0379690727007278e-09,8.652852736524702e-15,1.0,8.335804072333864e-17,0.8206509072390189
scalar,40.0,0.0,0.9098320024280366,144.1970705876201,144.1970850073272,1.1631838295511656e-09,3.642613691759646e-14,1.0000000000000002,4.972601732327961e-17,0.9098320024277682
scalar,40.0,0.03,0.8966875160509699,148.76494723687975,148.76496211337445,1.1243923298615218e-09,1.984140274857501e-14,0.9999999999999999,7.424048511129548e-17,0.8966875160505919
scalar,48.0,0.0,0.9709470583296668,140.44489637356608,140.44491041805568,1.2260005932328237e-09,1.2241185859499134e-14,0.9999999999999998,6.690210291329515e-17,0.9709470583294373
scalar,48.0,0.03,0.9657184821864443,144.14777693831172,144.1477913530894,1.1953367875066184e-09,-8.03044814959755e-15,1.0,8.323194372961021e-17,0.9657184821860808
scalar,56.0,0.0,0.9906388802853677,139.63816197061317,139.6381759344294,1.2431561781363658e-09,-1.7812770604451373e-14,1.0000000000000002,4.997263450382599e-17,0.9906388802850018
scalar,56.0,0.03,0.9886245841869331,143.12051285922473,143.12052717127605,1.2153065928584896e-09,2.085576551575789e-14,1.0000000000000002,5.883974426676756e-17,0.9886245841865888
scalar,64.0,0.0,0.9969837628386837,139.4682760405317,139.46828998735933,1.2476471694141387e-09,-1.614716978360526e-14,1.0,6.180424291898758e-17,0.9969837628383359
scalar,64.0,0.03,0.9962253688525741,142.89120612710258,142.8912204162232,1.2209034513314697e-09,-8.30264483970745e-16,0.9999999999999999,6.007052348031778e-17,0.9962253688521496
two_band,8.0,0.0,0.09268338563361135,1569.6167282293457,1569.616885191019,1.5528692481198147e-10,1.4876641503992805e-13,1.0,7.418074506397518e-17,0.09268338563547529
two_band,8.0,0.1,0.20447377498006628,599.083896906995,599.0839568153848,4.117093484710954e-10,-2.2752633330494128e-14,1.0000000000000002,9.321236590395428e-17,0.2044737749798746
two_band,8.0,0.15,0.2629687054501065,404.28026242310017,404.2803028511264,6.14059598308403e-10,4.059903449251446e-14,1.0,1.0241468903462427e-16,0.2629687054494373
two_band,10.0,0.0,0.06076245733594946,7729.8513054301675,7729.852078415301,3.311874732792042e-11,3.975431080392825e-13,1.0000000000000002,7.63394962928671e-17,0.0607624572924041
two_band,10.0,0.1,0.4903567525715639,509.682817111039,509.6828680793207,5.363330368474313e-10,-1.899522236639723e-15,1.0,1.0598528541954978e-16,0.4903567525705002
two_band,10.0,0.15,0.6182519987540707,286.3310903049547,286.33111893806375,9.679298315005795e-10,1.2342557512588325e-14,1.0000000000000002,1.111130330185902e-16,0.6182519987541966
two_band,12.0,0.1,0.7156214912370604,542.516592342302,542.5166465939612,5.211367468914701e-10,-4.711595698353293e-14,1.0000000000000002,6.981000540407235e-17,0.7156214912358829
two_band,12.0,0.15,0.8334023423665126,265.07055549608606,265.07058200314145,1.0857525370653307e-09,-1.980943078842834e-14,1.0,6.155538567144131e-17,0.8334023423663822
