family,parameter,transfer_exponent,response_exponent,response_stderr,noise_exponent,noise_stderr,minimum_gap
scalar_probe,kappa=0,0.07078467684515045,0.07078467684515045,0.0,0.1419094658748775,0.0,0.11801895366510812
scalar_probe,kappa=0.01,0.07078467684515004,0.07078467684515004,0.0,0.14190974428380568,0.0,0.12714614406277208
scalar_probe,kappa=0.05,0.0707846768451483,0.0707846768451483,0.0,0.141910826806526,0.0,0.11842151554985818
scalar_probe,kappa=0.2,0.07078467684514171,0.07078467684514171,0.0,0.14191448696700584,0.0,0.11887578671382186
scalar_probe,kappa=1,0.07078467684511004,0.07078467684511004,0.0,0.14192714216907226,0.0,0.10998842946731126
scalar_probe,kappa=2,0.07078467684508183,0.07078467684508183,0.0,0.14193516419335842,0.0,0.11257419209414192
scalar_disorder,W=0,0.07078467684513286,0.07078467684513286,0.0,0.14202945216354773,0.0,0.1433926683483407
scalar_disorder,W=0.02,0.07049312395976476,0.07049312395976476,0.0,0.14200144963983397,0.0,0.13692293799790425
scalar_disorder,W=0.05,0.07073446218253425,0.07073446218253425,0.0,0.14242508988268665,0.0,0.1271866270163512
scalar_disorder,W=0.08,0.07172138751484558,0.07172138751484558,0.0,0.14481809634455017,0.0,0.11660663958424021
clean_two_band,J=0,0.07078467684516682,0.07078467684516727,4.207888705958315e-17,0.14157046188207204,5.924236677132152e-07,0.0616577388996728
clean_two_band,J=0.005,0.06946422562417165,0.06946584700312154,6.532728008515473e-07,0.13894434368652464,6.507661026442669e-06,0.0635928833855631
clean_two_band,J=0.01,0.06521272745261567,0.06522473690887942,4.505152485831748e-06,0.13052184802191105,3.607533532016129e-05,0.06264967189975479
clean_two_band,J=0.015,0.05662427871810545,0.05672395661844726,3.0418328516676023e-05,0.11383433704333794,0.00017755051877860518,0.06292698274478926
clean_two_band,J=0.025,0.03306185789215478,0.032483271765038534,0.005766078209749735,0.06579723031455921,0.003843626115284237,0.06558579653196538
clean_two_band,J=0.03,0.032053231297058934,0.03158140226120584,0.005794315572511715,0.06615353649021742,0.002443825670418798,0.06197473334779774
clean_two_band,J=0.035,0.03087394321750225,0.030810535664424436,0.01283648594335449,0.06272108634817512,0.0019501201048845007,0.062489923271623844
clean_two_band,J=0.04,0.02952985288774792,0.02702686206445731,0.007237571199765891,0.05895492174014863,0.0014785982949992275,0.06310493316007705
clean_two_band,J=0.06,0.022639555231613012,0.023776654978813188,0.005159034917262931,0.04584811981624217,0.0004895311994655992,0.061873824502107544
clean_two_band,J=0.08,0.013677819556429353,0.020364772800724244,0.007288845472730147,0.02869713538195002,0.0001337666626246748,0.06313582764304487
disordered_two_band,W=0,0.0651812904412294,0.06533255049093117,0.0,0.131422680498153,0.0,0.09396232088174836
disordered_two_band,W=0.04,0.06549618815809678,0.0654710600843253,0.0,0.1320396397290141,0.0,0.08358700191382193
disordered_two_band,W=0.08,0.06588505036836674,0.06878903259037514,0.0,0.13879420419162103,0.0,0.059263161186473456
disordered_two_band,W=0.12,0.06697677680061265,0.06523056294884595,0.0,0.1363097851694695,0.0,0.046368754205834924
disordered_two_band,W=0.16,0.07141916385446234,0.06878155814156582,0.0,0.1425361635585638,0.0,0.04093560113252889
