scan,kappa_in,kappa_out,disorder_W,chi_slope,noise_slope,noise_lower_slope,max_formula_error,min_noise_over_lower,min_gap
asymmetric_probe,0.01,1.0,0.0,0.07078467684512509,0.1420231274938204,0.14156935369025014,1.0703295691685172e-14,10.083878789350475,0.12222335347892124
asymmetric_probe,0.05,0.5,0.0,0.07078467684513098,0.1420245711014216,0.14156935369026194,1.0555085690187185e-14,10.29666194677399,0.17926975547084092
asymmetric_probe,0.2,1.0,0.0,0.07078467684511577,0.14202945216351356,0.14156935369023152,1.0454277504683715e-14,11.082134293192908,0.14583675918556846
asymmetric_probe,1.0,0.2,0.0,0.07078467684511576,0.14204632897556668,0.14156935369023152,1.0231846068413848e-14,14.914522634996905,0.14968335924989054
asymmetric_probe,1.0,1.0,0.0,0.0707846768450901,0.14204632897551533,0.14156935369018017,1.0957904888230088e-14,14.914522634996901,0.13059143427586925
asymmetric_probe,2.0,0.05,0.0,0.07078467684511318,0.14205702726452263,0.14156935369022636,1.0992714985311551e-14,18.88594942931299,0.15516746238445997
onsite_damping_disorder,0.2,0.2,0.0,0.07078467684513286,0.14202945216354773,0.1415693536902657,nan,11.082134293192913,0.1433926683483407
onsite_damping_disorder,0.2,0.2,0.02,0.07049312395976476,0.14200144963983397,0.1410289455135076,nan,10.014268807174316,0.13692293799790425
onsite_damping_disorder,0.2,0.2,0.05,0.07073446218253425,0.14242508988268665,0.1415084588835235,nan,7.6678496681381825,0.1271866270163512
onsite_damping_disorder,0.2,0.2,0.08,0.07172138751484558,0.14481809634455017,0.14364195619471126,nan,6.495048705705791,0.11660663958424021
