N,degree_G,G0_sign,G4_sign,G_sign_variations,R_nonconstant_all_positive,R_sign_variations
8,7,-1,-1,0,True,0
9,8,-1,-1,0,True,0
10,9,-1,-1,0,True,0
11,10,-1,-1,0,True,0
12,11,-1,-1,0,True,0
13,12,-1,-1,0,True,0
14,13,-1,-1,0,True,0
15,14,-1,-1,0,True,0
16,15,-1,-1,0,True,0
17,16,-1,-1,0,True,0
18,17,-1,-1,0,True,0
19,18,-1,-1,0,True,0
20,19,-1,-1,0,True,0
21,20,-1,-1,0,True,0
22,21,-1,-1,0,True,0
23,22,-1,-1,0,True,0
24,23,1,-1,1,True,0
25,24,1,-1,1,True,0
26,25,1,-1,1,True,0
27,26,1,-1,1,True,0
28,27,1,-1,1,True,0
29,28,1,-1,1,True,0
30,29,1,-1,1,True,0
31,30,1,-1,1,True,0
32,31,1,-1,1,True,0
33,32,1,-1,1,True,0
34,33,1,-1,1,True,0
35,34,1,-1,1,True,0
36,35,1,-1,1,True,0
37,36,1,-1,1,True,0
38,37,1,-1,1,True,0
39,38,1,-1,1,True,0
40,39,1,-1,1,True,0
41,40,1,-1,1,True,0
42,41,1,-1,1,True,0
43,42,1,-1,1,True,0
44,43,1,-1,1,True,0
45,44,1,-1,1,True,0
46,45,1,-1,1,True,0
47,46,1,-1,1,True,0
48,47,1,-1,1,True,0
49,48,1,-1,1,True,0
50,49,1,-1,1,True,0
51,50,1,-1,1,True,0
52,51,1,-1,1,True,0
53,52,1,-1,1,True,0
54,53,1,-1,1,True,0
55,54,1,-1,1,True,0
56,55,1,-1,1,True,0
57,56,1,-1,1,True,0
58,57,1,-1,1,True,0
59,58,1,-1,1,True,0
60,59,1,-1,1,True,0
61,60,1,-1,1,True,0
62,61,1,-1,1,True,0
63,62,1,-1,1,True,0
64,63,1,-1,1,True,0
65,64,1,-1,1,True,0
66,65,1,-1,1,True,0
67,66,1,-1,1,True,0
68,67,1,-1,1,True,0
69,68,1,-1,1,True,0
70,69,1,-1,1,True,0
71,70,1,-1,1,True,0
72,71,1,-1,1,True,0
73,72,1,-1,1,True,0
74,73,1,-1,1,True,0
75,74,1,-1,1,True,0
76,75,1,-1,1,True,0
77,76,1,-1,1,True,0
78,77,1,-1,1,True,0
79,78,1,-1,1,True,0
80,79,1,-1,1,True,0
81,80,1,-1,1,True,0
82,81,1,-1,1,True,0
83,82,1,-1,1,True,0
84,83,1,-1,1,True,0
85,84,1,-1,1,True,0
86,85,1,-1,1,True,0
87,86,1,-1,1,True,0
88,87,1,-1,1,True,0
89,88,1,-1,1,True,0
90,89,1,-1,1,True,0
91,90,1,-1,1,True,0
92,91,1,-1,1,True,0
93,92,1,-1,1,True,0
94,93,1,-1,1,True,0
95,94,1,-1,1,True,0
96,95,1,-1,1,True,0
97,96,1,-1,1,True,0
98,97,1,-1,1,True,0
99,98,1,-1,1,True,0
100,99,1,-1,1,True,0
101,100,1,-1,1,True,0
102,101,1,-1,1,True,0
103,102,1,-1,1,True,0
104,103,1,-1,1,True,0
105,104,1,-1,1,True,0
106,105,1,-1,1,True,0
107,106,1,-1,1,True,0
108,107,1,-1,1,True,0
109,108,1,-1,1,True,0
110,109,1,-1,1,True,0
111,110,1,-1,1,True,0
112,111,1,-1,1,True,0
113,112,1,-1,1,True,0
114,113,1,-1,1,True,0
115,114,1,-1,1,True,0
116,115,1,-1,1,True,0
117,116,1,-1,1,True,0
118,117,1,-1,1,True,0
119,118,1,-1,1,True,0
120,119,1,-1,1,True,0
