model,halfwidth,all_N_from,reference_upper,radius,local_lower_R8,locality_gap_lower_R8,alpha,beta,necessary_R_for_ref_plus_0p1
dimerized,0.03,64,2.1987210824378054,1,2.993226699794544,0.7945056173567395,4.693809647175464,0.21257286842261505,11.267141392550606
dimerized,0.03,64,2.1987210824378054,2,2.292096237437541,0.09337515499973688,3.7418783753390508,0.18122276723768874,7.96344363844983
dimerized,0.05,64,2.535918301653258,1,3.1377011355990043,0.6017828339457474,4.687931333435781,0.19377877472959718,10.58946231157641
dimerized,0.05,64,2.535918301653258,2,2.532313048747706,-0.003605252905550645,3.755082204445997,0.15284614446228637,7.322159853818788
dimerized,0.07,64,2.91350306295702,1,3.3639651658798764,0.4504621029228571,4.721523444616128,0.16969478484203154,10.065249696678075
dimerized,0.07,64,2.91350306295702,2,2.8546325739514824,-0.05887048900553685,3.827836287598511,0.12165046420587856,6.69404124314176
uniform,0.03,64,1.7976523254794796,1,3.2834747192951292,1.48582239381565,4.8719359851808735,0.19855765823571814,14.979445699195686
uniform,0.03,64,1.7976523254794796,2,1.9703694331300428,0.17271710765056358,2.7884214441758983,0.10225650138073196,8.711124541409994
uniform,0.05,64,2.410803675705186,1,3.4234635254077257,1.0126598497025405,4.880994381602542,0.18219135702435216,13.009347669442695
uniform,0.05,64,2.410803675705186,2,2.4183272505145315,0.0075235748093465124,2.7362055143165396,0.03973478297525104,5.672658102895571
uniform,0.07,64,2.9480561588140826,1,3.6375785342678384,0.6895223754537566,4.917186259513273,0.15995096565567943,11.685644366304107
uniform,0.07,64,2.9480561588140826,2,2.945369281575786,-0.002686877238295588,3.089529336359463,0.01802000684795962,2.3015073132492896
