N,omega,fixed_noise,gain,internal_root_separation,rate_required,kernel_gap,kernel_norm,response_margin,drift_norm,schur_rate_bound
8.0,0.0,0.09268338563361135,0.4006464423004141,0.0,1569.616885191019,0.2531715939370955,3.9087136720202187,0.0015531764303333279,4.443200814043362,196314.14396528812
10.0,0.0,0.06076245733594946,0.3870300646661522,0.0,7729.852078415301,0.18910177903741482,3.9635987719849797,0.00034806602408844756,4.494681731397696,1216649.725124022
14.0,0.0,0.7057013596693602,1.2351846613145259,0.0,1320.363519167106,0.12597547806604345,4.004486357186008,0.0021021534364947803,4.543183761907893,312265.655067633
16.0,0.0,0.978631883116349,17.011942061208426,0.0,158.96828416092475,0.10721281566742115,4.013210066354971,0.01734185923325649,4.555730059178144,44973.79582143195
20.0,0.0,0.9991348195763534,420.15879745581947,0.0,48.31459873208938,0.08204312361316168,4.027361498600639,0.06262965183801522,4.570960148185333,16605.15810087694
24.0,0.0,0.9999021899325757,3716.520967071836,0.0,65.17929883423714,0.07269217699579249,4.048576502260007,0.048952509371261166,4.579498223417642,24119.912075886492
30.0,0.0,0.9999728396958346,13383.987299491475,0.0,499.5317125410671,0.07012666504308805,4.066995714198688,0.006096206147421082,4.586660240818927,200406.04167848118
40.0,0.0,0.9999999728892299,13408441.435890418,0.0,49.080182943814734,0.06880304435035721,4.070089115209293,0.06218349631893459,4.592371083077729,20339.22014987945
50.0,0.0,0.9999999992125533,461611807.1598235,0.0,469.73336939795956,0.0666627889742438,4.07169595764088,0.006496883685432928,4.59506865471631,198789.9503709156
8.0,0.1,0.20447377498006628,0.4508366151110569,0.06110207383598522,599.0839568153848,0.25004865046095553,3.908223871426228,0.0040915390337899725,4.443200814043362,75489.30097098224
10.0,0.1,0.4903567525715639,0.7037322198784052,0.06110207383598522,509.6828680793207,0.1870524029692693,3.964652523458539,0.005335217899029632,4.494681731397696,80357.61964715227
12.0,0.1,0.7156214912370604,1.2611796019023125,0.06110207383598522,542.5166465939612,0.15050035722111085,3.993106693961826,0.005192271126683398,4.524448725307737,104728.34435543984
14.0,0.1,0.9230798629180529,4.66265906550071,0.06110207383598522,296.63266091379916,0.12657021892736373,4.009339059143327,0.009578166045482606,4.543183761907893,68410.53377359903
16.0,0.1,0.9850462999347159,23.98418939252515,0.06110207383598522,140.90211667102196,0.1096828948078697,4.0199943851800635,0.02026923314427355,4.555730059178144,37700.372331213126
20.0,0.1,0.9991564135874458,425.15190992416075,0.06110207383598522,67.33352680090867,0.08926797598149594,4.036057414934011,0.04461815617293185,4.570960148185333,21383.383868781082
24.0,0.1,0.9999155069910792,4244.757986928572,0.06110207383598522,73.75356574891505,0.08121759789808332,4.051646882720695,0.04215425830609128,4.579498223417642,25051.548365295475
30.0,0.1,0.9999952477954281,75470.73548570772,0.06110207383598522,129.40047452655867,0.07805903694542217,4.066695250690953,0.023639035899954794,4.586660240818927,46607.63967028969
40.0,0.1,0.9999999850506142,23991103.588769127,0.06110207383598522,91.70755287837082,0.07682164119691134,4.07289321917353,0.03313670974881879,4.592371083077729,33991.09296755396
50.0,0.1,0.9999999999405064,6027895252.371043,0.06110207383598522,107.25190215859547,0.07637458772469617,4.074908190613893,0.028535923844463126,4.59506865471631,39728.29584093619
8.0,0.15,0.2629687054501065,0.47858580699297765,0.087416729426346,404.2803028511264,0.2456781076806204,3.906701159912238,0.006084081425963124,4.443200814043362,51674.016211717986
10.0,0.15,0.6182519987540707,0.9239936272277554,0.087416729426346,286.33111893806375,0.18372693407612262,3.9643366377649945,0.009588473905516887,4.494681731397696,45563.222439889236
12.0,0.15,0.8334023423665126,2.1172729879342507,0.087416729426346,265.07058200314145,0.1483198119590191,3.9941424681782007,0.01077516133948822,4.524448725307737,51286.53055716851
14.0,0.15,0.9487778734755286,6.886334955047479,0.087416729426346,195.30226127195297,0.12566699470907808,4.01167006257721,0.014811366580626251,4.543183761907893,44636.199856920284
16.0,0.15,0.9870824803902032,27.306536472336493,0.087416729426346,129.95919932851007,0.11019192871676217,4.0233716113051,0.022421528593890037,4.555730059178144,33968.904868408164
20.0,0.15,0.9990915481323487,388.2789313502449,0.087416729426346,79.18940088755691,0.09213967168098296,4.03980703560695,0.037973637255391754,4.570960148185333,24328.8326515257
24.0,0.15,0.9999111527247616,3970.1017211700123,0.087416729426346,79.13662180349685,0.08448380174617251,4.052719369810898,0.038953349146316936,4.579498223417642,26050.671411327454
30.0,0.15,0.9999962341743731,93666.76922566273,0.087416729426346,103.87232835853042,0.08075921856623079,4.0652760194279205,0.029584345869116246,4.586660240818927,36031.02601598428
40.0,0.15,0.9999999861960364,25552995.329515576,0.087416729426346,96.69472600859223,0.07911620722930947,4.072456703004245,0.03156902442171225,4.592371083077729,34628.73508030633
50.0,0.15,0.9999999999501606,7076938520.618666,0.087416729426346,97.66243111029942,0.07854200432457578,4.074916404087119,0.03141817480921426,4.59506865471631,35110.4138612148
