N,omega,fixed_noise,gain,jacobi_margin,root_margin,rate_required,kernel_gap,kernel_norm,response_margin,drift_norm,schur_rate_bound
24.0,0.0,0.1314855451077252,0.40314963810155674,0.005012562895018613,0.005012562893380146,698.8424099140185,0.023284131376115975,3.9866997648815627,0.0016706374976558878,4.880286753286194,2441807.6945320624
28.0,0.0,0.5070011633537982,0.7102274126198153,0.005012562893391359,0.005012562893380146,211.9611200569302,0.018320339702709423,3.991677992995053,0.006335220501549473,4.885344892885899,821894.5520618819
32.0,0.0,0.7201568130899743,1.25120533410876,0.005012562893379924,0.005012562893380146,164.7109902266597,0.015133622220166053,3.9948732345222893,0.008914909239316225,4.8886798064327115,708958.1833907609
40.0,0.0,0.9098320024280366,3.883210203224825,0.005012562893380146,0.005012562893380146,144.1970850073272,0.011428713152242883,3.9985868983891546,0.011170365316767746,4.8926645029593505,751494.7154935683
48.0,0.0,0.9709470583296668,12.051835994745382,0.005012562893380146,0.005012562893380146,140.44491041805568,0.009439621982993042,4.000579960659648,0.01188921808932382,4.894863481875841,856154.799295594
64.0,0.0,0.9969837628386837,116.08546326067292,0.005012562893380146,0.005012562893380146,139.46828998735933,0.007482599766164271,4.002540179015144,0.012194317233030737,4.897080567080816,1054586.7518415158
80.0,0.0,0.9996868583320565,1118.1561702565948,0.005012562893380146,0.005012562893380146,139.44260886492944,0.0065856259352763775,4.003438298478235,0.0122259529262871,4.898119881260574,1195904.8593753173
96.0,0.0,0.9999674900550077,10770.2823933723,0.005012562893380146,0.005012562893380146,139.45633867542307,0.006101375616670268,4.003923055715227,0.012229236878304385,4.898688922613788,1290930.3460039513
128.0,0.0,0.9999996495976745,999255.0279315026,0.005012562893380146,0.005012562893380146,139.4728474621841,0.0056224963742370895,4.004402337160997,0.01222961320414611,4.899258674612848,1401331.233999609
160.0,0.0,0.9999999962232552,92709789.24942966,0.005012562893379924,0.005012562893380146,139.48053339433577,0.005401952368904796,4.004623024088563,0.01222961726029782,4.899524068745181,1458780.5283407874
192.0,0.0,0.9999999999592989,8601512909.538074,0.005012562893380146,0.005012562893380146,139.4846952455771,0.005282524557309364,4.004742514948384,0.012229617304016126,4.899668803643059,1491893.1999492638
256.0,0.0,0.9999999999999942,74041182946163.7,0.005012562893379924,0.005012562893380146,139.48882163300797,0.005164101865292204,4.004860987602519,0.012229617304492475,4.899813216674332,1526240.0398280346
24.0,0.03,0.06170732436402018,0.37230339612403945,0.004755570946769705,0.0047555709479571995,1488.747169070005,0.023015544522099925,3.9864636655562746,0.0007706746099637972,4.880286753286194,5353713.894945979
28.0,0.03,0.4595046704787451,0.6463137248697256,0.004755570946770149,0.0047555709479571995,234.9999343314309,0.01805589547714092,3.9914343225274673,0.005637266891430117,4.885344892885899,936989.9466689648
32.0,0.03,0.6886523695431179,1.1219919971285663,0.004755570946769483,0.0047555709479571995,173.90156882074385,0.01487157967176496,3.9946252241555453,0.008363213863826052,4.8886798064327115,768907.3440876534
40.0,0.03,0.8966875160509699,3.3812907825344514,0.004755570946769483,0.0047555709479571995,148.76496211337445,0.011169106890753674,3.9983345270381783,0.01079078427921654,4.8926645029593505,795899.0664091607
48.0,0.03,0.9657184821864443,10.190025762494239,0.004755570946769483,0.0047555709479571995,144.1477913530894,0.009181111194166381,4.000325644081285,0.011586597786964492,4.894863481875841,903138.7777650222
64.0,0.03,0.9962253688525741,92.5466717285307,0.004755570946769483,0.0047555709479571995,142.8912204162232,0.007224966305070606,4.00228431319171,0.011936770751252632,4.897080567080816,1115626.903743849
80.0,0.03,0.9995843871214656,840.5166628285332,0.004755570946769483,0.0047555709479571995,142.84555035358076,0.006328305939503365,4.003181881449938,0.011975270471044715,4.898119881260574,1270438.122981236
96.0,0.03,0.9999542381604822,7633.643082970244,0.004755570946769705,0.0047555709479571995,142.8582007127247,0.005844194134158994,4.003666395632558,0.011979508868473068,4.898688922613788,1375676.2994145674
128.0,0.03,0.9999994452051443,629655.3471864599,0.004755570946769705,0.0047555709479571995,142.8750016646821,0.005365424699538492,4.004145484680715,0.011980026920191702,4.899258674612848,1498893.5228555321
160.0,0.03,0.9999999932739333,51936650.94520462,0.004755570946769483,0.0047555709479571995,142.88287268026872,0.005144919691966686,4.004366103358419,0.011980033200792745,4.899524068745181,1563388.533153756
192.0,0.03,0.9999999999184624,4283955855.3057804,0.004755570946769705,0.0047555709479571995,142.88713524892643,0.005025509079508056,4.00448556413594,0.011980033276935854,4.899668803643059,1600678.121634851
256.0,0.03,0.9999999999999901,29146544775985.19,0.004755570946769483,0.0047555709479571995,142.8913617123782,0.0049071000148379834,4.0046040129653475,0.011980033277870103,4.899813216674332,1639447.6170353189
32.0,0.1,0.14456455334376786,0.39945817576970705,0.002651876072673698,0.002664371826176737,883.9414415239291,0.012734850169966566,3.9926085121837445,0.001423420551899049,4.8886798064327115,5265500.761911819
40.0,0.1,0.6254139924713061,0.912235577790162,0.002651876072673476,0.002664371826176737,245.9652941652075,0.00905440583633478,3.996281604303515,0.006018537577086456,4.8926645029593505,1757644.8931620342
48.0,0.1,0.8359728047455213,2.083256270278245,0.002651876072673476,0.002664371826176737,203.021262837339,0.007076277208325999,3.998256597594568,0.007965813273728082,4.894863481875841,1702253.7826380637
64.0,0.1,0.9685482745796651,10.864608489464699,0.002651876072673476,0.002664371826176737,188.98620297610006,0.005128015312114444,4.000202436791182,0.009172390351591685,4.897080567080816,2043329.2587275242
80.0,0.1,0.9939692254666533,56.6611603735063,0.002651876072673698,0.002664371826176737,187.51736612672372,0.004234166878906457,4.001095442162162,0.009402055766032728,4.898119881260574,2415909.4808506547
96.0,0.1,0.9988436169721658,295.49956613580497,0.002651876072673476,0.002664371826176737,187.35925290718802,0.0037512967530244344,4.001577944386488,0.009446031678344895,4.898688922613788,2715173.60236957
128.0,0.1,0.9999574833593655,8037.104482054939,0.002651876072673476,0.002664371826176737,187.35697551817614,0.00327351129383278,4.002055440619845,0.009456078002220612,4.899258674612848,3109260.154869791
160.0,0.1,0.9999984367941303,218596.0856056936,0.0026518760726732538,0.002664371826176737,187.36691190365377,0.0030533556671052254,4.0022754941542384,0.009456447354851905,4.899524068745181,3333860.4504890675
192.0,0.1,0.9999999425257293,5945455.698482367,0.002651876072673476,0.002664371826176737,187.37248738456572,0.0029340991336471154,4.002394705789789,0.009456460934783327,4.899668803643059,3469668.2446890697
256.0,0.1,0.9999999999222957,4398156517.878005,0.002651876072673476,0.002664371826176737,187.37802325727753,0.002815812150403736,4.002512957265383,0.009456461452432875,4.899813216674332,3615741.836184977
